manufacturer,series_code,product_name,tool_type,model_family,outside_diameter_mm,corner_radius_label,effective_length_mm,work_material,hardness,material_group,spindle_rpm,feed_rate_mm_min,axial_depth_mm,radial_depth_mm,source_url,source_page,memo
NS TOOL,MHR230,無限コーティング 2枚刃ロングネックエンドミル（深リブ用） MHR230,SQUARE,MHR230 φ0.1x0.3,0.1,-,0.3,S50C,,Carbon steels,40000,150.0,0.005,0.1,https://www.ns-tool.com/ja/products/webcatalog/data/MHR230/MHR230_S.xlsx,,日進工具 公式切削条件参考表(XLSX)。深リブ・溝加工条件のためae=工具径として登録。
NS TOOL,MHR230,無限コーティング 2枚刃ロングネックエンドミル（深リブ用） MHR230,SQUARE,MHR230 φ0.1x0.3,0.1,-,0.3,SCM/SKD/SUS,,Alloy / stainless steels,32000,120.0,0.005,0.1,https://www.ns-tool.com/ja/products/webcatalog/data/MHR230/MHR230_S.xlsx,,日進工具 公式切削条件参考表(XLSX)。深リブ・溝加工条件のためae=工具径として登録。カタログ※1に基づき合金鋼・ステンレス鋼は回転数・送り80%換算。
NS TOOL,MHR230,無限コーティング 2枚刃ロングネックエンドミル（深リブ用） MHR230,SQUARE,MHR230 φ0.1x0.3,0.1,-,0.3,NAK55/NAK80/HPM1,~43HRC,Prehardened steels,40000,120.0,0.004,0.1,https://www.ns-tool.com/ja/products/webcatalog/data/MHR230/MHR230_S.xlsx,,日進工具 公式切削条件参考表(XLSX)。深リブ・溝加工条件のためae=工具径として登録。
NS TOOL,MHR230,無限コーティング 2枚刃ロングネックエンドミル（深リブ用） MHR230,SQUARE,MHR230 φ0.1x0.3,0.1,-,0.3,銅・アルミニウム合金,,Copper / aluminum alloys,40000,150.0,0.006,0.1,https://www.ns-tool.com/ja/products/webcatalog/data/MHR230/MHR230_S.xlsx,,日進工具 公式切削条件参考表(XLSX)。深リブ・溝加工条件のためae=工具径として登録。
NS TOOL,MHR230,無限コーティング 2枚刃ロングネックエンドミル（深リブ用） MHR230,SQUARE,MHR230 φ0.1x0.5,0.1,-,0.5,S50C,,Carbon steels,40000,100.0,0.004,0.1,https://www.ns-tool.com/ja/products/webcatalog/data/MHR230/MHR230_S.xlsx,,日進工具 公式切削条件参考表(XLSX)。深リブ・溝加工条件のためae=工具径として登録。
NS TOOL,MHR230,無限コーティング 2枚刃ロングネックエンドミル（深リブ用） MHR230,SQUARE,MHR230 φ0.1x0.5,0.1,-,0.5,SCM/SKD/SUS,,Alloy / stainless steels,32000,80.0,0.004,0.1,https://www.ns-tool.com/ja/products/webcatalog/data/MHR230/MHR230_S.xlsx,,日進工具 公式切削条件参考表(XLSX)。深リブ・溝加工条件のためae=工具径として登録。カタログ※1に基づき合金鋼・ステンレス鋼は回転数・送り80%換算。
NS TOOL,MHR230,無限コーティング 2枚刃ロングネックエンドミル（深リブ用） MHR230,SQUARE,MHR230 φ0.1x0.5,0.1,-,0.5,NAK55/NAK80/HPM1,~43HRC,Prehardened steels,40000,75.0,0.003,0.1,https://www.ns-tool.com/ja/products/webcatalog/data/MHR230/MHR230_S.xlsx,,日進工具 公式切削条件参考表(XLSX)。深リブ・溝加工条件のためae=工具径として登録。
NS TOOL,MHR230,無限コーティング 2枚刃ロングネックエンドミル（深リブ用） MHR230,SQUARE,MHR230 φ0.1x0.5,0.1,-,0.5,銅・アルミニウム合金,,Copper / aluminum alloys,40000,100.0,0.005,0.1,https://www.ns-tool.com/ja/products/webcatalog/data/MHR230/MHR230_S.xlsx,,日進工具 公式切削条件参考表(XLSX)。深リブ・溝加工条件のためae=工具径として登録。
NS TOOL,MHR230,無限コーティング 2枚刃ロングネックエンドミル（深リブ用） MHR230,SQUARE,MHR230 φ0.1x0.75,0.1,-,0.75,S50C,,Carbon steels,40000,60.0,0.003,0.1,https://www.ns-tool.com/ja/products/webcatalog/data/MHR230/MHR230_S.xlsx,,日進工具 公式切削条件参考表(XLSX)。深リブ・溝加工条件のためae=工具径として登録。
NS TOOL,MHR230,無限コーティング 2枚刃ロングネックエンドミル（深リブ用） MHR230,SQUARE,MHR230 φ0.1x0.75,0.1,-,0.75,SCM/SKD/SUS,,Alloy / stainless steels,32000,48.0,0.003,0.1,https://www.ns-tool.com/ja/products/webcatalog/data/MHR230/MHR230_S.xlsx,,日進工具 公式切削条件参考表(XLSX)。深リブ・溝加工条件のためae=工具径として登録。カタログ※1に基づき合金鋼・ステンレス鋼は回転数・送り80%換算。
NS TOOL,MHR230,無限コーティング 2枚刃ロングネックエンドミル（深リブ用） MHR230,SQUARE,MHR230 φ0.1x0.75,0.1,-,0.75,NAK55/NAK80/HPM1,~43HRC,Prehardened steels,40000,50.0,0.002,0.1,https://www.ns-tool.com/ja/products/webcatalog/data/MHR230/MHR230_S.xlsx,,日進工具 公式切削条件参考表(XLSX)。深リブ・溝加工条件のためae=工具径として登録。
NS TOOL,MHR230,無限コーティング 2枚刃ロングネックエンドミル（深リブ用） MHR230,SQUARE,MHR230 φ0.1x0.75,0.1,-,0.75,銅・アルミニウム合金,,Copper / aluminum alloys,40000,60.0,0.003,0.1,https://www.ns-tool.com/ja/products/webcatalog/data/MHR230/MHR230_S.xlsx,,日進工具 公式切削条件参考表(XLSX)。深リブ・溝加工条件のためae=工具径として登録。
NS TOOL,MHR230,無限コーティング 2枚刃ロングネックエンドミル（深リブ用） MHR230,SQUARE,MHR230 φ0.1x1,0.1,-,1.0,S50C,,Carbon steels,40000,40.0,0.002,0.1,https://www.ns-tool.com/ja/products/webcatalog/data/MHR230/MHR230_S.xlsx,,日進工具 公式切削条件参考表(XLSX)。深リブ・溝加工条件のためae=工具径として登録。
NS TOOL,MHR230,無限コーティング 2枚刃ロングネックエンドミル（深リブ用） MHR230,SQUARE,MHR230 φ0.1x1,0.1,-,1.0,SCM/SKD/SUS,,Alloy / stainless steels,32000,32.0,0.002,0.1,https://www.ns-tool.com/ja/products/webcatalog/data/MHR230/MHR230_S.xlsx,,日進工具 公式切削条件参考表(XLSX)。深リブ・溝加工条件のためae=工具径として登録。カタログ※1に基づき合金鋼・ステンレス鋼は回転数・送り80%換算。
NS TOOL,MHR230,無限コーティング 2枚刃ロングネックエンドミル（深リブ用） MHR230,SQUARE,MHR230 φ0.1x1,0.1,-,1.0,NAK55/NAK80/HPM1,~43HRC,Prehardened steels,40000,30.0,0.002,0.1,https://www.ns-tool.com/ja/products/webcatalog/data/MHR230/MHR230_S.xlsx,,日進工具 公式切削条件参考表(XLSX)。深リブ・溝加工条件のためae=工具径として登録。
NS TOOL,MHR230,無限コーティング 2枚刃ロングネックエンドミル（深リブ用） MHR230,SQUARE,MHR230 φ0.1x1,0.1,-,1.0,銅・アルミニウム合金,,Copper / aluminum alloys,40000,40.0,0.002,0.1,https://www.ns-tool.com/ja/products/webcatalog/data/MHR230/MHR230_S.xlsx,,日進工具 公式切削条件参考表(XLSX)。深リブ・溝加工条件のためae=工具径として登録。
NS TOOL,MHR230,無限コーティング 2枚刃ロングネックエンドミル（深リブ用） MHR230,SQUARE,MHR230 φ0.15x0.3,0.15,-,0.3,S50C,,Carbon steels,40000,200.0,0.005,0.15,https://www.ns-tool.com/ja/products/webcatalog/data/MHR230/MHR230_S.xlsx,,日進工具 公式切削条件参考表(XLSX)。深リブ・溝加工条件のためae=工具径として登録。
NS TOOL,MHR230,無限コーティング 2枚刃ロングネックエンドミル（深リブ用） MHR230,SQUARE,MHR230 φ0.15x0.3,0.15,-,0.3,SCM/SKD/SUS,,Alloy / stainless steels,32000,160.0,0.005,0.15,https://www.ns-tool.com/ja/products/webcatalog/data/MHR230/MHR230_S.xlsx,,日進工具 公式切削条件参考表(XLSX)。深リブ・溝加工条件のためae=工具径として登録。カタログ※1に基づき合金鋼・ステンレス鋼は回転数・送り80%換算。
NS TOOL,MHR230,無限コーティング 2枚刃ロングネックエンドミル（深リブ用） MHR230,SQUARE,MHR230 φ0.15x0.3,0.15,-,0.3,NAK55/NAK80/HPM1,~43HRC,Prehardened steels,40000,150.0,0.004,0.15,https://www.ns-tool.com/ja/products/webcatalog/data/MHR230/MHR230_S.xlsx,,日進工具 公式切削条件参考表(XLSX)。深リブ・溝加工条件のためae=工具径として登録。
NS TOOL,MHR230,無限コーティング 2枚刃ロングネックエンドミル（深リブ用） MHR230,SQUARE,MHR230 φ0.15x0.3,0.15,-,0.3,銅・アルミニウム合金,,Copper / aluminum alloys,40000,200.0,0.008,0.15,https://www.ns-tool.com/ja/products/webcatalog/data/MHR230/MHR230_S.xlsx,,日進工具 公式切削条件参考表(XLSX)。深リブ・溝加工条件のためae=工具径として登録。
NS TOOL,MHR230,無限コーティング 2枚刃ロングネックエンドミル（深リブ用） MHR230,SQUARE,MHR230 φ0.15x0.5,0.15,-,0.5,S50C,,Carbon steels,40000,150.0,0.005,0.15,https://www.ns-tool.com/ja/products/webcatalog/data/MHR230/MHR230_S.xlsx,,日進工具 公式切削条件参考表(XLSX)。深リブ・溝加工条件のためae=工具径として登録。
NS TOOL,MHR230,無限コーティング 2枚刃ロングネックエンドミル（深リブ用） MHR230,SQUARE,MHR230 φ0.15x0.5,0.15,-,0.5,SCM/SKD/SUS,,Alloy / stainless steels,32000,120.0,0.005,0.15,https://www.ns-tool.com/ja/products/webcatalog/data/MHR230/MHR230_S.xlsx,,日進工具 公式切削条件参考表(XLSX)。深リブ・溝加工条件のためae=工具径として登録。カタログ※1に基づき合金鋼・ステンレス鋼は回転数・送り80%換算。
NS TOOL,MHR230,無限コーティング 2枚刃ロングネックエンドミル（深リブ用） MHR230,SQUARE,MHR230 φ0.15x0.5,0.15,-,0.5,NAK55/NAK80/HPM1,~43HRC,Prehardened steels,40000,120.0,0.004,0.15,https://www.ns-tool.com/ja/products/webcatalog/data/MHR230/MHR230_S.xlsx,,日進工具 公式切削条件参考表(XLSX)。深リブ・溝加工条件のためae=工具径として登録。
NS TOOL,MHR230,無限コーティング 2枚刃ロングネックエンドミル（深リブ用） MHR230,SQUARE,MHR230 φ0.15x0.5,0.15,-,0.5,銅・アルミニウム合金,,Copper / aluminum alloys,40000,150.0,0.008,0.15,https://www.ns-tool.com/ja/products/webcatalog/data/MHR230/MHR230_S.xlsx,,日進工具 公式切削条件参考表(XLSX)。深リブ・溝加工条件のためae=工具径として登録。
NS TOOL,MHR230,無限コーティング 2枚刃ロングネックエンドミル（深リブ用） MHR230,SQUARE,MHR230 φ0.15x0.75,0.15,-,0.75,S50C,,Carbon steels,40000,100.0,0.004,0.15,https://www.ns-tool.com/ja/products/webcatalog/data/MHR230/MHR230_S.xlsx,,日進工具 公式切削条件参考表(XLSX)。深リブ・溝加工条件のためae=工具径として登録。
NS TOOL,MHR230,無限コーティング 2枚刃ロングネックエンドミル（深リブ用） MHR230,SQUARE,MHR230 φ0.15x0.75,0.15,-,0.75,SCM/SKD/SUS,,Alloy / stainless steels,32000,80.0,0.004,0.15,https://www.ns-tool.com/ja/products/webcatalog/data/MHR230/MHR230_S.xlsx,,日進工具 公式切削条件参考表(XLSX)。深リブ・溝加工条件のためae=工具径として登録。カタログ※1に基づき合金鋼・ステンレス鋼は回転数・送り80%換算。
NS TOOL,MHR230,無限コーティング 2枚刃ロングネックエンドミル（深リブ用） MHR230,SQUARE,MHR230 φ0.15x0.75,0.15,-,0.75,NAK55/NAK80/HPM1,~43HRC,Prehardened steels,40000,90.0,0.003,0.15,https://www.ns-tool.com/ja/products/webcatalog/data/MHR230/MHR230_S.xlsx,,日進工具 公式切削条件参考表(XLSX)。深リブ・溝加工条件のためae=工具径として登録。
NS TOOL,MHR230,無限コーティング 2枚刃ロングネックエンドミル（深リブ用） MHR230,SQUARE,MHR230 φ0.15x0.75,0.15,-,0.75,銅・アルミニウム合金,,Copper / aluminum alloys,40000,100.0,0.006,0.15,https://www.ns-tool.com/ja/products/webcatalog/data/MHR230/MHR230_S.xlsx,,日進工具 公式切削条件参考表(XLSX)。深リブ・溝加工条件のためae=工具径として登録。
NS TOOL,MHR230,無限コーティング 2枚刃ロングネックエンドミル（深リブ用） MHR230,SQUARE,MHR230 φ0.15x1,0.15,-,1.0,S50C,,Carbon steels,40000,80.0,0.003,0.15,https://www.ns-tool.com/ja/products/webcatalog/data/MHR230/MHR230_S.xlsx,,日進工具 公式切削条件参考表(XLSX)。深リブ・溝加工条件のためae=工具径として登録。
NS TOOL,MHR230,無限コーティング 2枚刃ロングネックエンドミル（深リブ用） MHR230,SQUARE,MHR230 φ0.15x1,0.15,-,1.0,SCM/SKD/SUS,,Alloy / stainless steels,32000,64.0,0.003,0.15,https://www.ns-tool.com/ja/products/webcatalog/data/MHR230/MHR230_S.xlsx,,日進工具 公式切削条件参考表(XLSX)。深リブ・溝加工条件のためae=工具径として登録。カタログ※1に基づき合金鋼・ステンレス鋼は回転数・送り80%換算。
NS TOOL,MHR230,無限コーティング 2枚刃ロングネックエンドミル（深リブ用） MHR230,SQUARE,MHR230 φ0.15x1,0.15,-,1.0,NAK55/NAK80/HPM1,~43HRC,Prehardened steels,40000,60.0,0.002,0.15,https://www.ns-tool.com/ja/products/webcatalog/data/MHR230/MHR230_S.xlsx,,日進工具 公式切削条件参考表(XLSX)。深リブ・溝加工条件のためae=工具径として登録。
NS TOOL,MHR230,無限コーティング 2枚刃ロングネックエンドミル（深リブ用） MHR230,SQUARE,MHR230 φ0.15x1,0.15,-,1.0,銅・アルミニウム合金,,Copper / aluminum alloys,40000,80.0,0.004,0.15,https://www.ns-tool.com/ja/products/webcatalog/data/MHR230/MHR230_S.xlsx,,日進工具 公式切削条件参考表(XLSX)。深リブ・溝加工条件のためae=工具径として登録。
NS TOOL,MHR230,無限コーティング 2枚刃ロングネックエンドミル（深リブ用） MHR230,SQUARE,MHR230 φ0.15x1.5,0.15,-,1.5,S50C,,Carbon steels,40000,50.0,0.002,0.15,https://www.ns-tool.com/ja/products/webcatalog/data/MHR230/MHR230_S.xlsx,,日進工具 公式切削条件参考表(XLSX)。深リブ・溝加工条件のためae=工具径として登録。
NS TOOL,MHR230,無限コーティング 2枚刃ロングネックエンドミル（深リブ用） MHR230,SQUARE,MHR230 φ0.15x1.5,0.15,-,1.5,SCM/SKD/SUS,,Alloy / stainless steels,32000,40.0,0.002,0.15,https://www.ns-tool.com/ja/products/webcatalog/data/MHR230/MHR230_S.xlsx,,日進工具 公式切削条件参考表(XLSX)。深リブ・溝加工条件のためae=工具径として登録。カタログ※1に基づき合金鋼・ステンレス鋼は回転数・送り80%換算。
NS TOOL,MHR230,無限コーティング 2枚刃ロングネックエンドミル（深リブ用） MHR230,SQUARE,MHR230 φ0.15x1.5,0.15,-,1.5,NAK55/NAK80/HPM1,~43HRC,Prehardened steels,35000,40.0,0.002,0.15,https://www.ns-tool.com/ja/products/webcatalog/data/MHR230/MHR230_S.xlsx,,日進工具 公式切削条件参考表(XLSX)。深リブ・溝加工条件のためae=工具径として登録。
NS TOOL,MHR230,無限コーティング 2枚刃ロングネックエンドミル（深リブ用） MHR230,SQUARE,MHR230 φ0.15x1.5,0.15,-,1.5,銅・アルミニウム合金,,Copper / aluminum alloys,40000,50.0,0.003,0.15,https://www.ns-tool.com/ja/products/webcatalog/data/MHR230/MHR230_S.xlsx,,日進工具 公式切削条件参考表(XLSX)。深リブ・溝加工条件のためae=工具径として登録。
NS TOOL,MHR230,無限コーティング 2枚刃ロングネックエンドミル（深リブ用） MHR230,SQUARE,MHR230 φ0.2x0.5,0.2,-,0.5,S50C,,Carbon steels,40000,330.0,0.01,0.2,https://www.ns-tool.com/ja/products/webcatalog/data/MHR230/MHR230_S.xlsx,,日進工具 公式切削条件参考表(XLSX)。深リブ・溝加工条件のためae=工具径として登録。
NS TOOL,MHR230,無限コーティング 2枚刃ロングネックエンドミル（深リブ用） MHR230,SQUARE,MHR230 φ0.2x0.5,0.2,-,0.5,SCM/SKD/SUS,,Alloy / stainless steels,32000,264.0,0.01,0.2,https://www.ns-tool.com/ja/products/webcatalog/data/MHR230/MHR230_S.xlsx,,日進工具 公式切削条件参考表(XLSX)。深リブ・溝加工条件のためae=工具径として登録。カタログ※1に基づき合金鋼・ステンレス鋼は回転数・送り80%換算。
NS TOOL,MHR230,無限コーティング 2枚刃ロングネックエンドミル（深リブ用） MHR230,SQUARE,MHR230 φ0.2x0.5,0.2,-,0.5,NAK55/NAK80/HPM1,~43HRC,Prehardened steels,40000,250.0,0.007,0.2,https://www.ns-tool.com/ja/products/webcatalog/data/MHR230/MHR230_S.xlsx,,日進工具 公式切削条件参考表(XLSX)。深リブ・溝加工条件のためae=工具径として登録。
NS TOOL,MHR230,無限コーティング 2枚刃ロングネックエンドミル（深リブ用） MHR230,SQUARE,MHR230 φ0.2x0.5,0.2,-,0.5,銅・アルミニウム合金,,Copper / aluminum alloys,40000,330.0,0.012,0.2,https://www.ns-tool.com/ja/products/webcatalog/data/MHR230/MHR230_S.xlsx,,日進工具 公式切削条件参考表(XLSX)。深リブ・溝加工条件のためae=工具径として登録。
NS TOOL,MHR230,無限コーティング 2枚刃ロングネックエンドミル（深リブ用） MHR230,SQUARE,MHR230 φ0.2x0.75,0.2,-,0.75,S50C,,Carbon steels,40000,280.0,0.008,0.2,https://www.ns-tool.com/ja/products/webcatalog/data/MHR230/MHR230_S.xlsx,,日進工具 公式切削条件参考表(XLSX)。深リブ・溝加工条件のためae=工具径として登録。
NS TOOL,MHR230,無限コーティング 2枚刃ロングネックエンドミル（深リブ用） MHR230,SQUARE,MHR230 φ0.2x0.75,0.2,-,0.75,SCM/SKD/SUS,,Alloy / stainless steels,32000,224.0,0.008,0.2,https://www.ns-tool.com/ja/products/webcatalog/data/MHR230/MHR230_S.xlsx,,日進工具 公式切削条件参考表(XLSX)。深リブ・溝加工条件のためae=工具径として登録。カタログ※1に基づき合金鋼・ステンレス鋼は回転数・送り80%換算。
NS TOOL,MHR230,無限コーティング 2枚刃ロングネックエンドミル（深リブ用） MHR230,SQUARE,MHR230 φ0.2x0.75,0.2,-,0.75,NAK55/NAK80/HPM1,~43HRC,Prehardened steels,40000,220.0,0.006,0.2,https://www.ns-tool.com/ja/products/webcatalog/data/MHR230/MHR230_S.xlsx,,日進工具 公式切削条件参考表(XLSX)。深リブ・溝加工条件のためae=工具径として登録。
NS TOOL,MHR230,無限コーティング 2枚刃ロングネックエンドミル（深リブ用） MHR230,SQUARE,MHR230 φ0.2x0.75,0.2,-,0.75,銅・アルミニウム合金,,Copper / aluminum alloys,40000,280.0,0.01,0.2,https://www.ns-tool.com/ja/products/webcatalog/data/MHR230/MHR230_S.xlsx,,日進工具 公式切削条件参考表(XLSX)。深リブ・溝加工条件のためae=工具径として登録。
NS TOOL,MHR230,無限コーティング 2枚刃ロングネックエンドミル（深リブ用） MHR230,SQUARE,MHR230 φ0.2x1,0.2,-,1.0,S50C,,Carbon steels,40000,250.0,0.007,0.2,https://www.ns-tool.com/ja/products/webcatalog/data/MHR230/MHR230_S.xlsx,,日進工具 公式切削条件参考表(XLSX)。深リブ・溝加工条件のためae=工具径として登録。
NS TOOL,MHR230,無限コーティング 2枚刃ロングネックエンドミル（深リブ用） MHR230,SQUARE,MHR230 φ0.2x1,0.2,-,1.0,SCM/SKD/SUS,,Alloy / stainless steels,32000,200.0,0.007,0.2,https://www.ns-tool.com/ja/products/webcatalog/data/MHR230/MHR230_S.xlsx,,日進工具 公式切削条件参考表(XLSX)。深リブ・溝加工条件のためae=工具径として登録。カタログ※1に基づき合金鋼・ステンレス鋼は回転数・送り80%換算。
NS TOOL,MHR230,無限コーティング 2枚刃ロングネックエンドミル（深リブ用） MHR230,SQUARE,MHR230 φ0.2x1,0.2,-,1.0,NAK55/NAK80/HPM1,~43HRC,Prehardened steels,40000,180.0,0.005,0.2,https://www.ns-tool.com/ja/products/webcatalog/data/MHR230/MHR230_S.xlsx,,日進工具 公式切削条件参考表(XLSX)。深リブ・溝加工条件のためae=工具径として登録。
NS TOOL,MHR230,無限コーティング 2枚刃ロングネックエンドミル（深リブ用） MHR230,SQUARE,MHR230 φ0.2x1,0.2,-,1.0,銅・アルミニウム合金,,Copper / aluminum alloys,40000,250.0,0.008,0.2,https://www.ns-tool.com/ja/products/webcatalog/data/MHR230/MHR230_S.xlsx,,日進工具 公式切削条件参考表(XLSX)。深リブ・溝加工条件のためae=工具径として登録。
NS TOOL,MHR230,無限コーティング 2枚刃ロングネックエンドミル（深リブ用） MHR230,SQUARE,MHR230 φ0.2x1.5,0.2,-,1.5,S50C,,Carbon steels,40000,180.0,0.005,0.2,https://www.ns-tool.com/ja/products/webcatalog/data/MHR230/MHR230_S.xlsx,,日進工具 公式切削条件参考表(XLSX)。深リブ・溝加工条件のためae=工具径として登録。
NS TOOL,MHR230,無限コーティング 2枚刃ロングネックエンドミル（深リブ用） MHR230,SQUARE,MHR230 φ0.2x1.5,0.2,-,1.5,SCM/SKD/SUS,,Alloy / stainless steels,32000,144.0,0.005,0.2,https://www.ns-tool.com/ja/products/webcatalog/data/MHR230/MHR230_S.xlsx,,日進工具 公式切削条件参考表(XLSX)。深リブ・溝加工条件のためae=工具径として登録。カタログ※1に基づき合金鋼・ステンレス鋼は回転数・送り80%換算。
NS TOOL,MHR230,無限コーティング 2枚刃ロングネックエンドミル（深リブ用） MHR230,SQUARE,MHR230 φ0.2x1.5,0.2,-,1.5,NAK55/NAK80/HPM1,~43HRC,Prehardened steels,35000,120.0,0.004,0.2,https://www.ns-tool.com/ja/products/webcatalog/data/MHR230/MHR230_S.xlsx,,日進工具 公式切削条件参考表(XLSX)。深リブ・溝加工条件のためae=工具径として登録。
NS TOOL,MHR230,無限コーティング 2枚刃ロングネックエンドミル（深リブ用） MHR230,SQUARE,MHR230 φ0.2x1.5,0.2,-,1.5,銅・アルミニウム合金,,Copper / aluminum alloys,40000,180.0,0.006,0.2,https://www.ns-tool.com/ja/products/webcatalog/data/MHR230/MHR230_S.xlsx,,日進工具 公式切削条件参考表(XLSX)。深リブ・溝加工条件のためae=工具径として登録。
NS TOOL,MHR230,無限コーティング 2枚刃ロングネックエンドミル（深リブ用） MHR230,SQUARE,MHR230 φ0.2x2,0.2,-,2.0,S50C,,Carbon steels,40000,100.0,0.003,0.2,https://www.ns-tool.com/ja/products/webcatalog/data/MHR230/MHR230_S.xlsx,,日進工具 公式切削条件参考表(XLSX)。深リブ・溝加工条件のためae=工具径として登録。
NS TOOL,MHR230,無限コーティング 2枚刃ロングネックエンドミル（深リブ用） MHR230,SQUARE,MHR230 φ0.2x2,0.2,-,2.0,SCM/SKD/SUS,,Alloy / stainless steels,32000,80.0,0.003,0.2,https://www.ns-tool.com/ja/products/webcatalog/data/MHR230/MHR230_S.xlsx,,日進工具 公式切削条件参考表(XLSX)。深リブ・溝加工条件のためae=工具径として登録。カタログ※1に基づき合金鋼・ステンレス鋼は回転数・送り80%換算。
NS TOOL,MHR230,無限コーティング 2枚刃ロングネックエンドミル（深リブ用） MHR230,SQUARE,MHR230 φ0.2x2,0.2,-,2.0,NAK55/NAK80/HPM1,~43HRC,Prehardened steels,35000,65.0,0.002,0.2,https://www.ns-tool.com/ja/products/webcatalog/data/MHR230/MHR230_S.xlsx,,日進工具 公式切削条件参考表(XLSX)。深リブ・溝加工条件のためae=工具径として登録。
NS TOOL,MHR230,無限コーティング 2枚刃ロングネックエンドミル（深リブ用） MHR230,SQUARE,MHR230 φ0.2x2,0.2,-,2.0,銅・アルミニウム合金,,Copper / aluminum alloys,40000,100.0,0.004,0.2,https://www.ns-tool.com/ja/products/webcatalog/data/MHR230/MHR230_S.xlsx,,日進工具 公式切削条件参考表(XLSX)。深リブ・溝加工条件のためae=工具径として登録。
NS TOOL,MHR230,無限コーティング 2枚刃ロングネックエンドミル（深リブ用） MHR230,SQUARE,MHR230 φ0.2x2.5,0.2,-,2.5,S50C,,Carbon steels,35000,80.0,0.003,0.2,https://www.ns-tool.com/ja/products/webcatalog/data/MHR230/MHR230_S.xlsx,,日進工具 公式切削条件参考表(XLSX)。深リブ・溝加工条件のためae=工具径として登録。
NS TOOL,MHR230,無限コーティング 2枚刃ロングネックエンドミル（深リブ用） MHR230,SQUARE,MHR230 φ0.2x2.5,0.2,-,2.5,SCM/SKD/SUS,,Alloy / stainless steels,28000,64.0,0.003,0.2,https://www.ns-tool.com/ja/products/webcatalog/data/MHR230/MHR230_S.xlsx,,日進工具 公式切削条件参考表(XLSX)。深リブ・溝加工条件のためae=工具径として登録。カタログ※1に基づき合金鋼・ステンレス鋼は回転数・送り80%換算。
NS TOOL,MHR230,無限コーティング 2枚刃ロングネックエンドミル（深リブ用） MHR230,SQUARE,MHR230 φ0.2x2.5,0.2,-,2.5,NAK55/NAK80/HPM1,~43HRC,Prehardened steels,30000,50.0,0.002,0.2,https://www.ns-tool.com/ja/products/webcatalog/data/MHR230/MHR230_S.xlsx,,日進工具 公式切削条件参考表(XLSX)。深リブ・溝加工条件のためae=工具径として登録。
NS TOOL,MHR230,無限コーティング 2枚刃ロングネックエンドミル（深リブ用） MHR230,SQUARE,MHR230 φ0.2x2.5,0.2,-,2.5,銅・アルミニウム合金,,Copper / aluminum alloys,40000,90.0,0.003,0.2,https://www.ns-tool.com/ja/products/webcatalog/data/MHR230/MHR230_S.xlsx,,日進工具 公式切削条件参考表(XLSX)。深リブ・溝加工条件のためae=工具径として登録。
NS TOOL,MHR230,無限コーティング 2枚刃ロングネックエンドミル（深リブ用） MHR230,SQUARE,MHR230 φ0.2x3,0.2,-,3.0,S50C,,Carbon steels,30000,60.0,0.002,0.2,https://www.ns-tool.com/ja/products/webcatalog/data/MHR230/MHR230_S.xlsx,,日進工具 公式切削条件参考表(XLSX)。深リブ・溝加工条件のためae=工具径として登録。
NS TOOL,MHR230,無限コーティング 2枚刃ロングネックエンドミル（深リブ用） MHR230,SQUARE,MHR230 φ0.2x3,0.2,-,3.0,SCM/SKD/SUS,,Alloy / stainless steels,24000,48.0,0.002,0.2,https://www.ns-tool.com/ja/products/webcatalog/data/MHR230/MHR230_S.xlsx,,日進工具 公式切削条件参考表(XLSX)。深リブ・溝加工条件のためae=工具径として登録。カタログ※1に基づき合金鋼・ステンレス鋼は回転数・送り80%換算。
NS TOOL,MHR230,無限コーティング 2枚刃ロングネックエンドミル（深リブ用） MHR230,SQUARE,MHR230 φ0.2x3,0.2,-,3.0,NAK55/NAK80/HPM1,~43HRC,Prehardened steels,25000,40.0,0.002,0.2,https://www.ns-tool.com/ja/products/webcatalog/data/MHR230/MHR230_S.xlsx,,日進工具 公式切削条件参考表(XLSX)。深リブ・溝加工条件のためae=工具径として登録。
NS TOOL,MHR230,無限コーティング 2枚刃ロングネックエンドミル（深リブ用） MHR230,SQUARE,MHR230 φ0.2x3,0.2,-,3.0,銅・アルミニウム合金,,Copper / aluminum alloys,35000,70.0,0.002,0.2,https://www.ns-tool.com/ja/products/webcatalog/data/MHR230/MHR230_S.xlsx,,日進工具 公式切削条件参考表(XLSX)。深リブ・溝加工条件のためae=工具径として登録。
NS TOOL,MHR230,無限コーティング 2枚刃ロングネックエンドミル（深リブ用） MHR230,SQUARE,MHR230 φ0.2x3.5,0.2,-,3.5,S50C,,Carbon steels,25000,40.0,0.002,0.2,https://www.ns-tool.com/ja/products/webcatalog/data/MHR230/MHR230_S.xlsx,,日進工具 公式切削条件参考表(XLSX)。深リブ・溝加工条件のためae=工具径として登録。
NS TOOL,MHR230,無限コーティング 2枚刃ロングネックエンドミル（深リブ用） MHR230,SQUARE,MHR230 φ0.2x3.5,0.2,-,3.5,SCM/SKD/SUS,,Alloy / stainless steels,20000,32.0,0.002,0.2,https://www.ns-tool.com/ja/products/webcatalog/data/MHR230/MHR230_S.xlsx,,日進工具 公式切削条件参考表(XLSX)。深リブ・溝加工条件のためae=工具径として登録。カタログ※1に基づき合金鋼・ステンレス鋼は回転数・送り80%換算。
NS TOOL,MHR230,無限コーティング 2枚刃ロングネックエンドミル（深リブ用） MHR230,SQUARE,MHR230 φ0.2x3.5,0.2,-,3.5,NAK55/NAK80/HPM1,~43HRC,Prehardened steels,22000,30.0,0.002,0.2,https://www.ns-tool.com/ja/products/webcatalog/data/MHR230/MHR230_S.xlsx,,日進工具 公式切削条件参考表(XLSX)。深リブ・溝加工条件のためae=工具径として登録。
NS TOOL,MHR230,無限コーティング 2枚刃ロングネックエンドミル（深リブ用） MHR230,SQUARE,MHR230 φ0.2x3.5,0.2,-,3.5,銅・アルミニウム合金,,Copper / aluminum alloys,30000,50.0,0.002,0.2,https://www.ns-tool.com/ja/products/webcatalog/data/MHR230/MHR230_S.xlsx,,日進工具 公式切削条件参考表(XLSX)。深リブ・溝加工条件のためae=工具径として登録。
NS TOOL,MHR230,無限コーティング 2枚刃ロングネックエンドミル（深リブ用） MHR230,SQUARE,MHR230 φ0.2x4,0.2,-,4.0,S50C,,Carbon steels,23000,30.0,0.001,0.2,https://www.ns-tool.com/ja/products/webcatalog/data/MHR230/MHR230_S.xlsx,,日進工具 公式切削条件参考表(XLSX)。深リブ・溝加工条件のためae=工具径として登録。
NS TOOL,MHR230,無限コーティング 2枚刃ロングネックエンドミル（深リブ用） MHR230,SQUARE,MHR230 φ0.2x4,0.2,-,4.0,SCM/SKD/SUS,,Alloy / stainless steels,18400,24.0,0.001,0.2,https://www.ns-tool.com/ja/products/webcatalog/data/MHR230/MHR230_S.xlsx,,日進工具 公式切削条件参考表(XLSX)。深リブ・溝加工条件のためae=工具径として登録。カタログ※1に基づき合金鋼・ステンレス鋼は回転数・送り80%換算。
NS TOOL,MHR230,無限コーティング 2枚刃ロングネックエンドミル（深リブ用） MHR230,SQUARE,MHR230 φ0.2x4,0.2,-,4.0,NAK55/NAK80/HPM1,~43HRC,Prehardened steels,20000,20.0,0.001,0.2,https://www.ns-tool.com/ja/products/webcatalog/data/MHR230/MHR230_S.xlsx,,日進工具 公式切削条件参考表(XLSX)。深リブ・溝加工条件のためae=工具径として登録。
NS TOOL,MHR230,無限コーティング 2枚刃ロングネックエンドミル（深リブ用） MHR230,SQUARE,MHR230 φ0.2x4,0.2,-,4.0,銅・アルミニウム合金,,Copper / aluminum alloys,25000,35.0,0.001,0.2,https://www.ns-tool.com/ja/products/webcatalog/data/MHR230/MHR230_S.xlsx,,日進工具 公式切削条件参考表(XLSX)。深リブ・溝加工条件のためae=工具径として登録。
NS TOOL,MHR230,無限コーティング 2枚刃ロングネックエンドミル（深リブ用） MHR230,SQUARE,MHR230 φ0.3x1,0.3,-,1.0,S50C,,Carbon steels,40000,400.0,0.02,0.3,https://www.ns-tool.com/ja/products/webcatalog/data/MHR230/MHR230_S.xlsx,,日進工具 公式切削条件参考表(XLSX)。深リブ・溝加工条件のためae=工具径として登録。
NS TOOL,MHR230,無限コーティング 2枚刃ロングネックエンドミル（深リブ用） MHR230,SQUARE,MHR230 φ0.3x1,0.3,-,1.0,SCM/SKD/SUS,,Alloy / stainless steels,32000,320.0,0.02,0.3,https://www.ns-tool.com/ja/products/webcatalog/data/MHR230/MHR230_S.xlsx,,日進工具 公式切削条件参考表(XLSX)。深リブ・溝加工条件のためae=工具径として登録。カタログ※1に基づき合金鋼・ステンレス鋼は回転数・送り80%換算。
NS TOOL,MHR230,無限コーティング 2枚刃ロングネックエンドミル（深リブ用） MHR230,SQUARE,MHR230 φ0.3x1,0.3,-,1.0,NAK55/NAK80/HPM1,~43HRC,Prehardened steels,35000,260.0,0.015,0.3,https://www.ns-tool.com/ja/products/webcatalog/data/MHR230/MHR230_S.xlsx,,日進工具 公式切削条件参考表(XLSX)。深リブ・溝加工条件のためae=工具径として登録。
NS TOOL,MHR230,無限コーティング 2枚刃ロングネックエンドミル（深リブ用） MHR230,SQUARE,MHR230 φ0.3x1,0.3,-,1.0,銅・アルミニウム合金,,Copper / aluminum alloys,40000,400.0,0.024,0.3,https://www.ns-tool.com/ja/products/webcatalog/data/MHR230/MHR230_S.xlsx,,日進工具 公式切削条件参考表(XLSX)。深リブ・溝加工条件のためae=工具径として登録。
NS TOOL,MHR230,無限コーティング 2枚刃ロングネックエンドミル（深リブ用） MHR230,SQUARE,MHR230 φ0.3x1.5,0.3,-,1.5,S50C,,Carbon steels,40000,350.0,0.015,0.3,https://www.ns-tool.com/ja/products/webcatalog/data/MHR230/MHR230_S.xlsx,,日進工具 公式切削条件参考表(XLSX)。深リブ・溝加工条件のためae=工具径として登録。
NS TOOL,MHR230,無限コーティング 2枚刃ロングネックエンドミル（深リブ用） MHR230,SQUARE,MHR230 φ0.3x1.5,0.3,-,1.5,SCM/SKD/SUS,,Alloy / stainless steels,32000,280.0,0.015,0.3,https://www.ns-tool.com/ja/products/webcatalog/data/MHR230/MHR230_S.xlsx,,日進工具 公式切削条件参考表(XLSX)。深リブ・溝加工条件のためae=工具径として登録。カタログ※1に基づき合金鋼・ステンレス鋼は回転数・送り80%換算。
NS TOOL,MHR230,無限コーティング 2枚刃ロングネックエンドミル（深リブ用） MHR230,SQUARE,MHR230 φ0.3x1.5,0.3,-,1.5,NAK55/NAK80/HPM1,~43HRC,Prehardened steels,35000,230.0,0.01,0.3,https://www.ns-tool.com/ja/products/webcatalog/data/MHR230/MHR230_S.xlsx,,日進工具 公式切削条件参考表(XLSX)。深リブ・溝加工条件のためae=工具径として登録。
NS TOOL,MHR230,無限コーティング 2枚刃ロングネックエンドミル（深リブ用） MHR230,SQUARE,MHR230 φ0.3x1.5,0.3,-,1.5,銅・アルミニウム合金,,Copper / aluminum alloys,40000,350.0,0.018,0.3,https://www.ns-tool.com/ja/products/webcatalog/data/MHR230/MHR230_S.xlsx,,日進工具 公式切削条件参考表(XLSX)。深リブ・溝加工条件のためae=工具径として登録。
NS TOOL,MHR230,無限コーティング 2枚刃ロングネックエンドミル（深リブ用） MHR230,SQUARE,MHR230 φ0.3x2,0.3,-,2.0,S50C,,Carbon steels,35000,300.0,0.01,0.3,https://www.ns-tool.com/ja/products/webcatalog/data/MHR230/MHR230_S.xlsx,,日進工具 公式切削条件参考表(XLSX)。深リブ・溝加工条件のためae=工具径として登録。
NS TOOL,MHR230,無限コーティング 2枚刃ロングネックエンドミル（深リブ用） MHR230,SQUARE,MHR230 φ0.3x2,0.3,-,2.0,SCM/SKD/SUS,,Alloy / stainless steels,28000,240.0,0.01,0.3,https://www.ns-tool.com/ja/products/webcatalog/data/MHR230/MHR230_S.xlsx,,日進工具 公式切削条件参考表(XLSX)。深リブ・溝加工条件のためae=工具径として登録。カタログ※1に基づき合金鋼・ステンレス鋼は回転数・送り80%換算。
NS TOOL,MHR230,無限コーティング 2枚刃ロングネックエンドミル（深リブ用） MHR230,SQUARE,MHR230 φ0.3x2,0.3,-,2.0,NAK55/NAK80/HPM1,~43HRC,Prehardened steels,30000,180.0,0.007,0.3,https://www.ns-tool.com/ja/products/webcatalog/data/MHR230/MHR230_S.xlsx,,日進工具 公式切削条件参考表(XLSX)。深リブ・溝加工条件のためae=工具径として登録。
NS TOOL,MHR230,無限コーティング 2枚刃ロングネックエンドミル（深リブ用） MHR230,SQUARE,MHR230 φ0.3x2,0.3,-,2.0,銅・アルミニウム合金,,Copper / aluminum alloys,40000,320.0,0.012,0.3,https://www.ns-tool.com/ja/products/webcatalog/data/MHR230/MHR230_S.xlsx,,日進工具 公式切削条件参考表(XLSX)。深リブ・溝加工条件のためae=工具径として登録。
NS TOOL,MHR230,無限コーティング 2枚刃ロングネックエンドミル（深リブ用） MHR230,SQUARE,MHR230 φ0.3x2.5,0.3,-,2.5,S50C,,Carbon steels,30000,250.0,0.007,0.3,https://www.ns-tool.com/ja/products/webcatalog/data/MHR230/MHR230_S.xlsx,,日進工具 公式切削条件参考表(XLSX)。深リブ・溝加工条件のためae=工具径として登録。
NS TOOL,MHR230,無限コーティング 2枚刃ロングネックエンドミル（深リブ用） MHR230,SQUARE,MHR230 φ0.3x2.5,0.3,-,2.5,SCM/SKD/SUS,,Alloy / stainless steels,24000,200.0,0.007,0.3,https://www.ns-tool.com/ja/products/webcatalog/data/MHR230/MHR230_S.xlsx,,日進工具 公式切削条件参考表(XLSX)。深リブ・溝加工条件のためae=工具径として登録。カタログ※1に基づき合金鋼・ステンレス鋼は回転数・送り80%換算。
NS TOOL,MHR230,無限コーティング 2枚刃ロングネックエンドミル（深リブ用） MHR230,SQUARE,MHR230 φ0.3x2.5,0.3,-,2.5,NAK55/NAK80/HPM1,~43HRC,Prehardened steels,25000,160.0,0.005,0.3,https://www.ns-tool.com/ja/products/webcatalog/data/MHR230/MHR230_S.xlsx,,日進工具 公式切削条件参考表(XLSX)。深リブ・溝加工条件のためae=工具径として登録。
NS TOOL,MHR230,無限コーティング 2枚刃ロングネックエンドミル（深リブ用） MHR230,SQUARE,MHR230 φ0.3x2.5,0.3,-,2.5,銅・アルミニウム合金,,Copper / aluminum alloys,35000,280.0,0.008,0.3,https://www.ns-tool.com/ja/products/webcatalog/data/MHR230/MHR230_S.xlsx,,日進工具 公式切削条件参考表(XLSX)。深リブ・溝加工条件のためae=工具径として登録。
NS TOOL,MHR230,無限コーティング 2枚刃ロングネックエンドミル（深リブ用） MHR230,SQUARE,MHR230 φ0.3x3,0.3,-,3.0,S50C,,Carbon steels,30000,200.0,0.005,0.3,https://www.ns-tool.com/ja/products/webcatalog/data/MHR230/MHR230_S.xlsx,,日進工具 公式切削条件参考表(XLSX)。深リブ・溝加工条件のためae=工具径として登録。
NS TOOL,MHR230,無限コーティング 2枚刃ロングネックエンドミル（深リブ用） MHR230,SQUARE,MHR230 φ0.3x3,0.3,-,3.0,SCM/SKD/SUS,,Alloy / stainless steels,24000,160.0,0.005,0.3,https://www.ns-tool.com/ja/products/webcatalog/data/MHR230/MHR230_S.xlsx,,日進工具 公式切削条件参考表(XLSX)。深リブ・溝加工条件のためae=工具径として登録。カタログ※1に基づき合金鋼・ステンレス鋼は回転数・送り80%換算。
NS TOOL,MHR230,無限コーティング 2枚刃ロングネックエンドミル（深リブ用） MHR230,SQUARE,MHR230 φ0.3x3,0.3,-,3.0,NAK55/NAK80/HPM1,~43HRC,Prehardened steels,25000,130.0,0.004,0.3,https://www.ns-tool.com/ja/products/webcatalog/data/MHR230/MHR230_S.xlsx,,日進工具 公式切削条件参考表(XLSX)。深リブ・溝加工条件のためae=工具径として登録。
NS TOOL,MHR230,無限コーティング 2枚刃ロングネックエンドミル（深リブ用） MHR230,SQUARE,MHR230 φ0.3x3,0.3,-,3.0,銅・アルミニウム合金,,Copper / aluminum alloys,35000,250.0,0.006,0.3,https://www.ns-tool.com/ja/products/webcatalog/data/MHR230/MHR230_S.xlsx,,日進工具 公式切削条件参考表(XLSX)。深リブ・溝加工条件のためae=工具径として登録。
NS TOOL,MHR230,無限コーティング 2枚刃ロングネックエンドミル（深リブ用） MHR230,SQUARE,MHR230 φ0.3x4,0.3,-,4.0,S50C,,Carbon steels,25000,120.0,0.004,0.3,https://www.ns-tool.com/ja/products/webcatalog/data/MHR230/MHR230_S.xlsx,,日進工具 公式切削条件参考表(XLSX)。深リブ・溝加工条件のためae=工具径として登録。
NS TOOL,MHR230,無限コーティング 2枚刃ロングネックエンドミル（深リブ用） MHR230,SQUARE,MHR230 φ0.3x4,0.3,-,4.0,SCM/SKD/SUS,,Alloy / stainless steels,20000,96.0,0.004,0.3,https://www.ns-tool.com/ja/products/webcatalog/data/MHR230/MHR230_S.xlsx,,日進工具 公式切削条件参考表(XLSX)。深リブ・溝加工条件のためae=工具径として登録。カタログ※1に基づき合金鋼・ステンレス鋼は回転数・送り80%換算。
NS TOOL,MHR230,無限コーティング 2枚刃ロングネックエンドミル（深リブ用） MHR230,SQUARE,MHR230 φ0.3x4,0.3,-,4.0,NAK55/NAK80/HPM1,~43HRC,Prehardened steels,22000,80.0,0.003,0.3,https://www.ns-tool.com/ja/products/webcatalog/data/MHR230/MHR230_S.xlsx,,日進工具 公式切削条件参考表(XLSX)。深リブ・溝加工条件のためae=工具径として登録。
NS TOOL,MHR230,無限コーティング 2枚刃ロングネックエンドミル（深リブ用） MHR230,SQUARE,MHR230 φ0.3x4,0.3,-,4.0,銅・アルミニウム合金,,Copper / aluminum alloys,30000,150.0,0.004,0.3,https://www.ns-tool.com/ja/products/webcatalog/data/MHR230/MHR230_S.xlsx,,日進工具 公式切削条件参考表(XLSX)。深リブ・溝加工条件のためae=工具径として登録。
NS TOOL,MHR230,無限コーティング 2枚刃ロングネックエンドミル（深リブ用） MHR230,SQUARE,MHR230 φ0.3x5,0.3,-,5.0,S50C,,Carbon steels,22000,80.0,0.003,0.3,https://www.ns-tool.com/ja/products/webcatalog/data/MHR230/MHR230_S.xlsx,,日進工具 公式切削条件参考表(XLSX)。深リブ・溝加工条件のためae=工具径として登録。
NS TOOL,MHR230,無限コーティング 2枚刃ロングネックエンドミル（深リブ用） MHR230,SQUARE,MHR230 φ0.3x5,0.3,-,5.0,SCM/SKD/SUS,,Alloy / stainless steels,17600,64.0,0.003,0.3,https://www.ns-tool.com/ja/products/webcatalog/data/MHR230/MHR230_S.xlsx,,日進工具 公式切削条件参考表(XLSX)。深リブ・溝加工条件のためae=工具径として登録。カタログ※1に基づき合金鋼・ステンレス鋼は回転数・送り80%換算。
NS TOOL,MHR230,無限コーティング 2枚刃ロングネックエンドミル（深リブ用） MHR230,SQUARE,MHR230 φ0.3x5,0.3,-,5.0,NAK55/NAK80/HPM1,~43HRC,Prehardened steels,20000,55.0,0.002,0.3,https://www.ns-tool.com/ja/products/webcatalog/data/MHR230/MHR230_S.xlsx,,日進工具 公式切削条件参考表(XLSX)。深リブ・溝加工条件のためae=工具径として登録。
NS TOOL,MHR230,無限コーティング 2枚刃ロングネックエンドミル（深リブ用） MHR230,SQUARE,MHR230 φ0.3x5,0.3,-,5.0,銅・アルミニウム合金,,Copper / aluminum alloys,25000,90.0,0.003,0.3,https://www.ns-tool.com/ja/products/webcatalog/data/MHR230/MHR230_S.xlsx,,日進工具 公式切削条件参考表(XLSX)。深リブ・溝加工条件のためae=工具径として登録。
NS TOOL,MHR230,無限コーティング 2枚刃ロングネックエンドミル（深リブ用） MHR230,SQUARE,MHR230 φ0.3x6,0.3,-,6.0,S50C,,Carbon steels,20000,60.0,0.002,0.3,https://www.ns-tool.com/ja/products/webcatalog/data/MHR230/MHR230_S.xlsx,,日進工具 公式切削条件参考表(XLSX)。深リブ・溝加工条件のためae=工具径として登録。
NS TOOL,MHR230,無限コーティング 2枚刃ロングネックエンドミル（深リブ用） MHR230,SQUARE,MHR230 φ0.3x6,0.3,-,6.0,SCM/SKD/SUS,,Alloy / stainless steels,16000,48.0,0.002,0.3,https://www.ns-tool.com/ja/products/webcatalog/data/MHR230/MHR230_S.xlsx,,日進工具 公式切削条件参考表(XLSX)。深リブ・溝加工条件のためae=工具径として登録。カタログ※1に基づき合金鋼・ステンレス鋼は回転数・送り80%換算。
NS TOOL,MHR230,無限コーティング 2枚刃ロングネックエンドミル（深リブ用） MHR230,SQUARE,MHR230 φ0.3x6,0.3,-,6.0,NAK55/NAK80/HPM1,~43HRC,Prehardened steels,18000,40.0,0.002,0.3,https://www.ns-tool.com/ja/products/webcatalog/data/MHR230/MHR230_S.xlsx,,日進工具 公式切削条件参考表(XLSX)。深リブ・溝加工条件のためae=工具径として登録。
NS TOOL,MHR230,無限コーティング 2枚刃ロングネックエンドミル（深リブ用） MHR230,SQUARE,MHR230 φ0.3x6,0.3,-,6.0,銅・アルミニウム合金,,Copper / aluminum alloys,22000,65.0,0.002,0.3,https://www.ns-tool.com/ja/products/webcatalog/data/MHR230/MHR230_S.xlsx,,日進工具 公式切削条件参考表(XLSX)。深リブ・溝加工条件のためae=工具径として登録。
NS TOOL,MHR230,無限コーティング 2枚刃ロングネックエンドミル（深リブ用） MHR230,SQUARE,MHR230 φ0.3x9,0.3,-,9.0,S50C,,Carbon steels,18000,30.0,0.001,0.3,https://www.ns-tool.com/ja/products/webcatalog/data/MHR230/MHR230_S.xlsx,,日進工具 公式切削条件参考表(XLSX)。深リブ・溝加工条件のためae=工具径として登録。
NS TOOL,MHR230,無限コーティング 2枚刃ロングネックエンドミル（深リブ用） MHR230,SQUARE,MHR230 φ0.3x9,0.3,-,9.0,SCM/SKD/SUS,,Alloy / stainless steels,14400,24.0,0.001,0.3,https://www.ns-tool.com/ja/products/webcatalog/data/MHR230/MHR230_S.xlsx,,日進工具 公式切削条件参考表(XLSX)。深リブ・溝加工条件のためae=工具径として登録。カタログ※1に基づき合金鋼・ステンレス鋼は回転数・送り80%換算。
NS TOOL,MHR230,無限コーティング 2枚刃ロングネックエンドミル（深リブ用） MHR230,SQUARE,MHR230 φ0.3x9,0.3,-,9.0,NAK55/NAK80/HPM1,~43HRC,Prehardened steels,16000,20.0,0.001,0.3,https://www.ns-tool.com/ja/products/webcatalog/data/MHR230/MHR230_S.xlsx,,日進工具 公式切削条件参考表(XLSX)。深リブ・溝加工条件のためae=工具径として登録。
NS TOOL,MHR230,無限コーティング 2枚刃ロングネックエンドミル（深リブ用） MHR230,SQUARE,MHR230 φ0.3x9,0.3,-,9.0,銅・アルミニウム合金,,Copper / aluminum alloys,20000,35.0,0.001,0.3,https://www.ns-tool.com/ja/products/webcatalog/data/MHR230/MHR230_S.xlsx,,日進工具 公式切削条件参考表(XLSX)。深リブ・溝加工条件のためae=工具径として登録。
NS TOOL,MHR230,無限コーティング 2枚刃ロングネックエンドミル（深リブ用） MHR230,SQUARE,MHR230 φ0.4x1,0.4,-,1.0,S50C,,Carbon steels,35000,500.0,0.025,0.4,https://www.ns-tool.com/ja/products/webcatalog/data/MHR230/MHR230_S.xlsx,,日進工具 公式切削条件参考表(XLSX)。深リブ・溝加工条件のためae=工具径として登録。
NS TOOL,MHR230,無限コーティング 2枚刃ロングネックエンドミル（深リブ用） MHR230,SQUARE,MHR230 φ0.4x1,0.4,-,1.0,SCM/SKD/SUS,,Alloy / stainless steels,28000,400.0,0.025,0.4,https://www.ns-tool.com/ja/products/webcatalog/data/MHR230/MHR230_S.xlsx,,日進工具 公式切削条件参考表(XLSX)。深リブ・溝加工条件のためae=工具径として登録。カタログ※1に基づき合金鋼・ステンレス鋼は回転数・送り80%換算。
NS TOOL,MHR230,無限コーティング 2枚刃ロングネックエンドミル（深リブ用） MHR230,SQUARE,MHR230 φ0.4x1,0.4,-,1.0,NAK55/NAK80/HPM1,~43HRC,Prehardened steels,30000,330.0,0.018,0.4,https://www.ns-tool.com/ja/products/webcatalog/data/MHR230/MHR230_S.xlsx,,日進工具 公式切削条件参考表(XLSX)。深リブ・溝加工条件のためae=工具径として登録。
NS TOOL,MHR230,無限コーティング 2枚刃ロングネックエンドミル（深リブ用） MHR230,SQUARE,MHR230 φ0.4x1,0.4,-,1.0,銅・アルミニウム合金,,Copper / aluminum alloys,40000,600.0,0.03,0.4,https://www.ns-tool.com/ja/products/webcatalog/data/MHR230/MHR230_S.xlsx,,日進工具 公式切削条件参考表(XLSX)。深リブ・溝加工条件のためae=工具径として登録。
NS TOOL,MHR230,無限コーティング 2枚刃ロングネックエンドミル（深リブ用） MHR230,SQUARE,MHR230 φ0.4x1.5,0.4,-,1.5,S50C,,Carbon steels,35000,450.0,0.02,0.4,https://www.ns-tool.com/ja/products/webcatalog/data/MHR230/MHR230_S.xlsx,,日進工具 公式切削条件参考表(XLSX)。深リブ・溝加工条件のためae=工具径として登録。
NS TOOL,MHR230,無限コーティング 2枚刃ロングネックエンドミル（深リブ用） MHR230,SQUARE,MHR230 φ0.4x1.5,0.4,-,1.5,SCM/SKD/SUS,,Alloy / stainless steels,28000,360.0,0.02,0.4,https://www.ns-tool.com/ja/products/webcatalog/data/MHR230/MHR230_S.xlsx,,日進工具 公式切削条件参考表(XLSX)。深リブ・溝加工条件のためae=工具径として登録。カタログ※1に基づき合金鋼・ステンレス鋼は回転数・送り80%換算。
NS TOOL,MHR230,無限コーティング 2枚刃ロングネックエンドミル（深リブ用） MHR230,SQUARE,MHR230 φ0.4x1.5,0.4,-,1.5,NAK55/NAK80/HPM1,~43HRC,Prehardened steels,30000,280.0,0.014,0.4,https://www.ns-tool.com/ja/products/webcatalog/data/MHR230/MHR230_S.xlsx,,日進工具 公式切削条件参考表(XLSX)。深リブ・溝加工条件のためae=工具径として登録。
NS TOOL,MHR230,無限コーティング 2枚刃ロングネックエンドミル（深リブ用） MHR230,SQUARE,MHR230 φ0.4x1.5,0.4,-,1.5,銅・アルミニウム合金,,Copper / aluminum alloys,40000,500.0,0.026,0.4,https://www.ns-tool.com/ja/products/webcatalog/data/MHR230/MHR230_S.xlsx,,日進工具 公式切削条件参考表(XLSX)。深リブ・溝加工条件のためae=工具径として登録。
NS TOOL,MHR230,無限コーティング 2枚刃ロングネックエンドミル（深リブ用） MHR230,SQUARE,MHR230 φ0.4x2,0.4,-,2.0,S50C,,Carbon steels,35000,400.0,0.02,0.4,https://www.ns-tool.com/ja/products/webcatalog/data/MHR230/MHR230_S.xlsx,,日進工具 公式切削条件参考表(XLSX)。深リブ・溝加工条件のためae=工具径として登録。
NS TOOL,MHR230,無限コーティング 2枚刃ロングネックエンドミル（深リブ用） MHR230,SQUARE,MHR230 φ0.4x2,0.4,-,2.0,SCM/SKD/SUS,,Alloy / stainless steels,28000,320.0,0.02,0.4,https://www.ns-tool.com/ja/products/webcatalog/data/MHR230/MHR230_S.xlsx,,日進工具 公式切削条件参考表(XLSX)。深リブ・溝加工条件のためae=工具径として登録。カタログ※1に基づき合金鋼・ステンレス鋼は回転数・送り80%換算。
NS TOOL,MHR230,無限コーティング 2枚刃ロングネックエンドミル（深リブ用） MHR230,SQUARE,MHR230 φ0.4x2,0.4,-,2.0,NAK55/NAK80/HPM1,~43HRC,Prehardened steels,30000,260.0,0.014,0.4,https://www.ns-tool.com/ja/products/webcatalog/data/MHR230/MHR230_S.xlsx,,日進工具 公式切削条件参考表(XLSX)。深リブ・溝加工条件のためae=工具径として登録。
NS TOOL,MHR230,無限コーティング 2枚刃ロングネックエンドミル（深リブ用） MHR230,SQUARE,MHR230 φ0.4x2,0.4,-,2.0,銅・アルミニウム合金,,Copper / aluminum alloys,40000,450.0,0.024,0.4,https://www.ns-tool.com/ja/products/webcatalog/data/MHR230/MHR230_S.xlsx,,日進工具 公式切削条件参考表(XLSX)。深リブ・溝加工条件のためae=工具径として登録。
NS TOOL,MHR230,無限コーティング 2枚刃ロングネックエンドミル（深リブ用） MHR230,SQUARE,MHR230 φ0.4x2.5,0.4,-,2.5,S50C,,Carbon steels,30000,350.0,0.015,0.4,https://www.ns-tool.com/ja/products/webcatalog/data/MHR230/MHR230_S.xlsx,,日進工具 公式切削条件参考表(XLSX)。深リブ・溝加工条件のためae=工具径として登録。
NS TOOL,MHR230,無限コーティング 2枚刃ロングネックエンドミル（深リブ用） MHR230,SQUARE,MHR230 φ0.4x2.5,0.4,-,2.5,SCM/SKD/SUS,,Alloy / stainless steels,24000,280.0,0.015,0.4,https://www.ns-tool.com/ja/products/webcatalog/data/MHR230/MHR230_S.xlsx,,日進工具 公式切削条件参考表(XLSX)。深リブ・溝加工条件のためae=工具径として登録。カタログ※1に基づき合金鋼・ステンレス鋼は回転数・送り80%換算。
NS TOOL,MHR230,無限コーティング 2枚刃ロングネックエンドミル（深リブ用） MHR230,SQUARE,MHR230 φ0.4x2.5,0.4,-,2.5,NAK55/NAK80/HPM1,~43HRC,Prehardened steels,25000,230.0,0.01,0.4,https://www.ns-tool.com/ja/products/webcatalog/data/MHR230/MHR230_S.xlsx,,日進工具 公式切削条件参考表(XLSX)。深リブ・溝加工条件のためae=工具径として登録。
NS TOOL,MHR230,無限コーティング 2枚刃ロングネックエンドミル（深リブ用） MHR230,SQUARE,MHR230 φ0.4x2.5,0.4,-,2.5,銅・アルミニウム合金,,Copper / aluminum alloys,40000,400.0,0.02,0.4,https://www.ns-tool.com/ja/products/webcatalog/data/MHR230/MHR230_S.xlsx,,日進工具 公式切削条件参考表(XLSX)。深リブ・溝加工条件のためae=工具径として登録。
NS TOOL,MHR230,無限コーティング 2枚刃ロングネックエンドミル（深リブ用） MHR230,SQUARE,MHR230 φ0.4x3,0.4,-,3.0,S50C,,Carbon steels,30000,300.0,0.015,0.4,https://www.ns-tool.com/ja/products/webcatalog/data/MHR230/MHR230_S.xlsx,,日進工具 公式切削条件参考表(XLSX)。深リブ・溝加工条件のためae=工具径として登録。
NS TOOL,MHR230,無限コーティング 2枚刃ロングネックエンドミル（深リブ用） MHR230,SQUARE,MHR230 φ0.4x3,0.4,-,3.0,SCM/SKD/SUS,,Alloy / stainless steels,24000,240.0,0.015,0.4,https://www.ns-tool.com/ja/products/webcatalog/data/MHR230/MHR230_S.xlsx,,日進工具 公式切削条件参考表(XLSX)。深リブ・溝加工条件のためae=工具径として登録。カタログ※1に基づき合金鋼・ステンレス鋼は回転数・送り80%換算。
NS TOOL,MHR230,無限コーティング 2枚刃ロングネックエンドミル（深リブ用） MHR230,SQUARE,MHR230 φ0.4x3,0.4,-,3.0,NAK55/NAK80/HPM1,~43HRC,Prehardened steels,25000,190.0,0.01,0.4,https://www.ns-tool.com/ja/products/webcatalog/data/MHR230/MHR230_S.xlsx,,日進工具 公式切削条件参考表(XLSX)。深リブ・溝加工条件のためae=工具径として登録。
NS TOOL,MHR230,無限コーティング 2枚刃ロングネックエンドミル（深リブ用） MHR230,SQUARE,MHR230 φ0.4x3,0.4,-,3.0,銅・アルミニウム合金,,Copper / aluminum alloys,35000,350.0,0.018,0.4,https://www.ns-tool.com/ja/products/webcatalog/data/MHR230/MHR230_S.xlsx,,日進工具 公式切削条件参考表(XLSX)。深リブ・溝加工条件のためae=工具径として登録。
NS TOOL,MHR230,無限コーティング 2枚刃ロングネックエンドミル（深リブ用） MHR230,SQUARE,MHR230 φ0.4x3.5,0.4,-,3.5,S50C,,Carbon steels,25000,250.0,0.01,0.4,https://www.ns-tool.com/ja/products/webcatalog/data/MHR230/MHR230_S.xlsx,,日進工具 公式切削条件参考表(XLSX)。深リブ・溝加工条件のためae=工具径として登録。
NS TOOL,MHR230,無限コーティング 2枚刃ロングネックエンドミル（深リブ用） MHR230,SQUARE,MHR230 φ0.4x3.5,0.4,-,3.5,SCM/SKD/SUS,,Alloy / stainless steels,20000,200.0,0.01,0.4,https://www.ns-tool.com/ja/products/webcatalog/data/MHR230/MHR230_S.xlsx,,日進工具 公式切削条件参考表(XLSX)。深リブ・溝加工条件のためae=工具径として登録。カタログ※1に基づき合金鋼・ステンレス鋼は回転数・送り80%換算。
NS TOOL,MHR230,無限コーティング 2枚刃ロングネックエンドミル（深リブ用） MHR230,SQUARE,MHR230 φ0.4x3.5,0.4,-,3.5,NAK55/NAK80/HPM1,~43HRC,Prehardened steels,25000,160.0,0.008,0.4,https://www.ns-tool.com/ja/products/webcatalog/data/MHR230/MHR230_S.xlsx,,日進工具 公式切削条件参考表(XLSX)。深リブ・溝加工条件のためae=工具径として登録。
NS TOOL,MHR230,無限コーティング 2枚刃ロングネックエンドミル（深リブ用） MHR230,SQUARE,MHR230 φ0.4x3.5,0.4,-,3.5,銅・アルミニウム合金,,Copper / aluminum alloys,35000,280.0,0.015,0.4,https://www.ns-tool.com/ja/products/webcatalog/data/MHR230/MHR230_S.xlsx,,日進工具 公式切削条件参考表(XLSX)。深リブ・溝加工条件のためae=工具径として登録。
NS TOOL,MHR230,無限コーティング 2枚刃ロングネックエンドミル（深リブ用） MHR230,SQUARE,MHR230 φ0.4x4,0.4,-,4.0,S50C,,Carbon steels,25000,200.0,0.01,0.4,https://www.ns-tool.com/ja/products/webcatalog/data/MHR230/MHR230_S.xlsx,,日進工具 公式切削条件参考表(XLSX)。深リブ・溝加工条件のためae=工具径として登録。
NS TOOL,MHR230,無限コーティング 2枚刃ロングネックエンドミル（深リブ用） MHR230,SQUARE,MHR230 φ0.4x4,0.4,-,4.0,SCM/SKD/SUS,,Alloy / stainless steels,20000,160.0,0.01,0.4,https://www.ns-tool.com/ja/products/webcatalog/data/MHR230/MHR230_S.xlsx,,日進工具 公式切削条件参考表(XLSX)。深リブ・溝加工条件のためae=工具径として登録。カタログ※1に基づき合金鋼・ステンレス鋼は回転数・送り80%換算。
NS TOOL,MHR230,無限コーティング 2枚刃ロングネックエンドミル（深リブ用） MHR230,SQUARE,MHR230 φ0.4x4,0.4,-,4.0,NAK55/NAK80/HPM1,~43HRC,Prehardened steels,22000,140.0,0.007,0.4,https://www.ns-tool.com/ja/products/webcatalog/data/MHR230/MHR230_S.xlsx,,日進工具 公式切削条件参考表(XLSX)。深リブ・溝加工条件のためae=工具径として登録。
NS TOOL,MHR230,無限コーティング 2枚刃ロングネックエンドミル（深リブ用） MHR230,SQUARE,MHR230 φ0.4x4,0.4,-,4.0,銅・アルミニウム合金,,Copper / aluminum alloys,30000,240.0,0.012,0.4,https://www.ns-tool.com/ja/products/webcatalog/data/MHR230/MHR230_S.xlsx,,日進工具 公式切削条件参考表(XLSX)。深リブ・溝加工条件のためae=工具径として登録。
NS TOOL,MHR230,無限コーティング 2枚刃ロングネックエンドミル（深リブ用） MHR230,SQUARE,MHR230 φ0.4x5,0.4,-,5.0,S50C,,Carbon steels,22000,160.0,0.008,0.4,https://www.ns-tool.com/ja/products/webcatalog/data/MHR230/MHR230_S.xlsx,,日進工具 公式切削条件参考表(XLSX)。深リブ・溝加工条件のためae=工具径として登録。
NS TOOL,MHR230,無限コーティング 2枚刃ロングネックエンドミル（深リブ用） MHR230,SQUARE,MHR230 φ0.4x5,0.4,-,5.0,SCM/SKD/SUS,,Alloy / stainless steels,17600,128.0,0.008,0.4,https://www.ns-tool.com/ja/products/webcatalog/data/MHR230/MHR230_S.xlsx,,日進工具 公式切削条件参考表(XLSX)。深リブ・溝加工条件のためae=工具径として登録。カタログ※1に基づき合金鋼・ステンレス鋼は回転数・送り80%換算。
NS TOOL,MHR230,無限コーティング 2枚刃ロングネックエンドミル（深リブ用） MHR230,SQUARE,MHR230 φ0.4x5,0.4,-,5.0,NAK55/NAK80/HPM1,~43HRC,Prehardened steels,20000,110.0,0.005,0.4,https://www.ns-tool.com/ja/products/webcatalog/data/MHR230/MHR230_S.xlsx,,日進工具 公式切削条件参考表(XLSX)。深リブ・溝加工条件のためae=工具径として登録。
NS TOOL,MHR230,無限コーティング 2枚刃ロングネックエンドミル（深リブ用） MHR230,SQUARE,MHR230 φ0.4x5,0.4,-,5.0,銅・アルミニウム合金,,Copper / aluminum alloys,25000,180.0,0.01,0.4,https://www.ns-tool.com/ja/products/webcatalog/data/MHR230/MHR230_S.xlsx,,日進工具 公式切削条件参考表(XLSX)。深リブ・溝加工条件のためae=工具径として登録。
NS TOOL,MHR230,無限コーティング 2枚刃ロングネックエンドミル（深リブ用） MHR230,SQUARE,MHR230 φ0.4x6,0.4,-,6.0,S50C,,Carbon steels,20000,120.0,0.005,0.4,https://www.ns-tool.com/ja/products/webcatalog/data/MHR230/MHR230_S.xlsx,,日進工具 公式切削条件参考表(XLSX)。深リブ・溝加工条件のためae=工具径として登録。
NS TOOL,MHR230,無限コーティング 2枚刃ロングネックエンドミル（深リブ用） MHR230,SQUARE,MHR230 φ0.4x6,0.4,-,6.0,SCM/SKD/SUS,,Alloy / stainless steels,16000,96.0,0.005,0.4,https://www.ns-tool.com/ja/products/webcatalog/data/MHR230/MHR230_S.xlsx,,日進工具 公式切削条件参考表(XLSX)。深リブ・溝加工条件のためae=工具径として登録。カタログ※1に基づき合金鋼・ステンレス鋼は回転数・送り80%換算。
NS TOOL,MHR230,無限コーティング 2枚刃ロングネックエンドミル（深リブ用） MHR230,SQUARE,MHR230 φ0.4x6,0.4,-,6.0,NAK55/NAK80/HPM1,~43HRC,Prehardened steels,18000,80.0,0.003,0.4,https://www.ns-tool.com/ja/products/webcatalog/data/MHR230/MHR230_S.xlsx,,日進工具 公式切削条件参考表(XLSX)。深リブ・溝加工条件のためae=工具径として登録。
NS TOOL,MHR230,無限コーティング 2枚刃ロングネックエンドミル（深リブ用） MHR230,SQUARE,MHR230 φ0.4x6,0.4,-,6.0,銅・アルミニウム合金,,Copper / aluminum alloys,22000,130.0,0.006,0.4,https://www.ns-tool.com/ja/products/webcatalog/data/MHR230/MHR230_S.xlsx,,日進工具 公式切削条件参考表(XLSX)。深リブ・溝加工条件のためae=工具径として登録。
NS TOOL,MHR230,無限コーティング 2枚刃ロングネックエンドミル（深リブ用） MHR230,SQUARE,MHR230 φ0.4x7,0.4,-,7.0,S50C,,Carbon steels,18000,100.0,0.003,0.4,https://www.ns-tool.com/ja/products/webcatalog/data/MHR230/MHR230_S.xlsx,,日進工具 公式切削条件参考表(XLSX)。深リブ・溝加工条件のためae=工具径として登録。
NS TOOL,MHR230,無限コーティング 2枚刃ロングネックエンドミル（深リブ用） MHR230,SQUARE,MHR230 φ0.4x7,0.4,-,7.0,SCM/SKD/SUS,,Alloy / stainless steels,14400,80.0,0.003,0.4,https://www.ns-tool.com/ja/products/webcatalog/data/MHR230/MHR230_S.xlsx,,日進工具 公式切削条件参考表(XLSX)。深リブ・溝加工条件のためae=工具径として登録。カタログ※1に基づき合金鋼・ステンレス鋼は回転数・送り80%換算。
NS TOOL,MHR230,無限コーティング 2枚刃ロングネックエンドミル（深リブ用） MHR230,SQUARE,MHR230 φ0.4x7,0.4,-,7.0,NAK55/NAK80/HPM1,~43HRC,Prehardened steels,16000,70.0,0.002,0.4,https://www.ns-tool.com/ja/products/webcatalog/data/MHR230/MHR230_S.xlsx,,日進工具 公式切削条件参考表(XLSX)。深リブ・溝加工条件のためae=工具径として登録。
NS TOOL,MHR230,無限コーティング 2枚刃ロングネックエンドミル（深リブ用） MHR230,SQUARE,MHR230 φ0.4x7,0.4,-,7.0,銅・アルミニウム合金,,Copper / aluminum alloys,20000,110.0,0.003,0.4,https://www.ns-tool.com/ja/products/webcatalog/data/MHR230/MHR230_S.xlsx,,日進工具 公式切削条件参考表(XLSX)。深リブ・溝加工条件のためae=工具径として登録。
NS TOOL,MHR230,無限コーティング 2枚刃ロングネックエンドミル（深リブ用） MHR230,SQUARE,MHR230 φ0.4x8,0.4,-,8.0,S50C,,Carbon steels,18000,80.0,0.002,0.4,https://www.ns-tool.com/ja/products/webcatalog/data/MHR230/MHR230_S.xlsx,,日進工具 公式切削条件参考表(XLSX)。深リブ・溝加工条件のためae=工具径として登録。
NS TOOL,MHR230,無限コーティング 2枚刃ロングネックエンドミル（深リブ用） MHR230,SQUARE,MHR230 φ0.4x8,0.4,-,8.0,SCM/SKD/SUS,,Alloy / stainless steels,14400,64.0,0.002,0.4,https://www.ns-tool.com/ja/products/webcatalog/data/MHR230/MHR230_S.xlsx,,日進工具 公式切削条件参考表(XLSX)。深リブ・溝加工条件のためae=工具径として登録。カタログ※1に基づき合金鋼・ステンレス鋼は回転数・送り80%換算。
NS TOOL,MHR230,無限コーティング 2枚刃ロングネックエンドミル（深リブ用） MHR230,SQUARE,MHR230 φ0.4x8,0.4,-,8.0,NAK55/NAK80/HPM1,~43HRC,Prehardened steels,16000,60.0,0.002,0.4,https://www.ns-tool.com/ja/products/webcatalog/data/MHR230/MHR230_S.xlsx,,日進工具 公式切削条件参考表(XLSX)。深リブ・溝加工条件のためae=工具径として登録。
NS TOOL,MHR230,無限コーティング 2枚刃ロングネックエンドミル（深リブ用） MHR230,SQUARE,MHR230 φ0.4x8,0.4,-,8.0,銅・アルミニウム合金,,Copper / aluminum alloys,20000,85.0,0.002,0.4,https://www.ns-tool.com/ja/products/webcatalog/data/MHR230/MHR230_S.xlsx,,日進工具 公式切削条件参考表(XLSX)。深リブ・溝加工条件のためae=工具径として登録。
NS TOOL,MHR230,無限コーティング 2枚刃ロングネックエンドミル（深リブ用） MHR230,SQUARE,MHR230 φ0.4x9,0.4,-,9.0,S50C,,Carbon steels,18000,70.0,0.002,0.4,https://www.ns-tool.com/ja/products/webcatalog/data/MHR230/MHR230_S.xlsx,,日進工具 公式切削条件参考表(XLSX)。深リブ・溝加工条件のためae=工具径として登録。
NS TOOL,MHR230,無限コーティング 2枚刃ロングネックエンドミル（深リブ用） MHR230,SQUARE,MHR230 φ0.4x9,0.4,-,9.0,SCM/SKD/SUS,,Alloy / stainless steels,14400,56.0,0.002,0.4,https://www.ns-tool.com/ja/products/webcatalog/data/MHR230/MHR230_S.xlsx,,日進工具 公式切削条件参考表(XLSX)。深リブ・溝加工条件のためae=工具径として登録。カタログ※1に基づき合金鋼・ステンレス鋼は回転数・送り80%換算。
NS TOOL,MHR230,無限コーティング 2枚刃ロングネックエンドミル（深リブ用） MHR230,SQUARE,MHR230 φ0.4x9,0.4,-,9.0,NAK55/NAK80/HPM1,~43HRC,Prehardened steels,16000,50.0,0.002,0.4,https://www.ns-tool.com/ja/products/webcatalog/data/MHR230/MHR230_S.xlsx,,日進工具 公式切削条件参考表(XLSX)。深リブ・溝加工条件のためae=工具径として登録。
NS TOOL,MHR230,無限コーティング 2枚刃ロングネックエンドミル（深リブ用） MHR230,SQUARE,MHR230 φ0.4x9,0.4,-,9.0,銅・アルミニウム合金,,Copper / aluminum alloys,20000,75.0,0.002,0.4,https://www.ns-tool.com/ja/products/webcatalog/data/MHR230/MHR230_S.xlsx,,日進工具 公式切削条件参考表(XLSX)。深リブ・溝加工条件のためae=工具径として登録。
NS TOOL,MHR230,無限コーティング 2枚刃ロングネックエンドミル（深リブ用） MHR230,SQUARE,MHR230 φ0.4x10,0.4,-,10.0,S50C,,Carbon steels,18000,60.0,0.002,0.4,https://www.ns-tool.com/ja/products/webcatalog/data/MHR230/MHR230_S.xlsx,,日進工具 公式切削条件参考表(XLSX)。深リブ・溝加工条件のためae=工具径として登録。
NS TOOL,MHR230,無限コーティング 2枚刃ロングネックエンドミル（深リブ用） MHR230,SQUARE,MHR230 φ0.4x10,0.4,-,10.0,SCM/SKD/SUS,,Alloy / stainless steels,14400,48.0,0.002,0.4,https://www.ns-tool.com/ja/products/webcatalog/data/MHR230/MHR230_S.xlsx,,日進工具 公式切削条件参考表(XLSX)。深リブ・溝加工条件のためae=工具径として登録。カタログ※1に基づき合金鋼・ステンレス鋼は回転数・送り80%換算。
NS TOOL,MHR230,無限コーティング 2枚刃ロングネックエンドミル（深リブ用） MHR230,SQUARE,MHR230 φ0.4x10,0.4,-,10.0,NAK55/NAK80/HPM1,~43HRC,Prehardened steels,16000,40.0,0.002,0.4,https://www.ns-tool.com/ja/products/webcatalog/data/MHR230/MHR230_S.xlsx,,日進工具 公式切削条件参考表(XLSX)。深リブ・溝加工条件のためae=工具径として登録。
NS TOOL,MHR230,無限コーティング 2枚刃ロングネックエンドミル（深リブ用） MHR230,SQUARE,MHR230 φ0.4x10,0.4,-,10.0,銅・アルミニウム合金,,Copper / aluminum alloys,20000,65.0,0.002,0.4,https://www.ns-tool.com/ja/products/webcatalog/data/MHR230/MHR230_S.xlsx,,日進工具 公式切削条件参考表(XLSX)。深リブ・溝加工条件のためae=工具径として登録。
NS TOOL,MHR230,無限コーティング 2枚刃ロングネックエンドミル（深リブ用） MHR230,SQUARE,MHR230 φ0.4x12,0.4,-,12.0,S50C,,Carbon steels,18000,40.0,0.002,0.4,https://www.ns-tool.com/ja/products/webcatalog/data/MHR230/MHR230_S.xlsx,,日進工具 公式切削条件参考表(XLSX)。深リブ・溝加工条件のためae=工具径として登録。
NS TOOL,MHR230,無限コーティング 2枚刃ロングネックエンドミル（深リブ用） MHR230,SQUARE,MHR230 φ0.4x12,0.4,-,12.0,SCM/SKD/SUS,,Alloy / stainless steels,14400,32.0,0.002,0.4,https://www.ns-tool.com/ja/products/webcatalog/data/MHR230/MHR230_S.xlsx,,日進工具 公式切削条件参考表(XLSX)。深リブ・溝加工条件のためae=工具径として登録。カタログ※1に基づき合金鋼・ステンレス鋼は回転数・送り80%換算。
NS TOOL,MHR230,無限コーティング 2枚刃ロングネックエンドミル（深リブ用） MHR230,SQUARE,MHR230 φ0.4x12,0.4,-,12.0,NAK55/NAK80/HPM1,~43HRC,Prehardened steels,16000,30.0,0.002,0.4,https://www.ns-tool.com/ja/products/webcatalog/data/MHR230/MHR230_S.xlsx,,日進工具 公式切削条件参考表(XLSX)。深リブ・溝加工条件のためae=工具径として登録。
NS TOOL,MHR230,無限コーティング 2枚刃ロングネックエンドミル（深リブ用） MHR230,SQUARE,MHR230 φ0.4x12,0.4,-,12.0,銅・アルミニウム合金,,Copper / aluminum alloys,20000,45.0,0.002,0.4,https://www.ns-tool.com/ja/products/webcatalog/data/MHR230/MHR230_S.xlsx,,日進工具 公式切削条件参考表(XLSX)。深リブ・溝加工条件のためae=工具径として登録。
NS TOOL,MHR230,無限コーティング 2枚刃ロングネックエンドミル（深リブ用） MHR230,SQUARE,MHR230 φ0.5x1,0.5,-,1.0,S50C,,Carbon steels,30000,550.0,0.03,0.5,https://www.ns-tool.com/ja/products/webcatalog/data/MHR230/MHR230_S.xlsx,,日進工具 公式切削条件参考表(XLSX)。深リブ・溝加工条件のためae=工具径として登録。
NS TOOL,MHR230,無限コーティング 2枚刃ロングネックエンドミル（深リブ用） MHR230,SQUARE,MHR230 φ0.5x1,0.5,-,1.0,SCM/SKD/SUS,,Alloy / stainless steels,24000,440.0,0.03,0.5,https://www.ns-tool.com/ja/products/webcatalog/data/MHR230/MHR230_S.xlsx,,日進工具 公式切削条件参考表(XLSX)。深リブ・溝加工条件のためae=工具径として登録。カタログ※1に基づき合金鋼・ステンレス鋼は回転数・送り80%換算。
NS TOOL,MHR230,無限コーティング 2枚刃ロングネックエンドミル（深リブ用） MHR230,SQUARE,MHR230 φ0.5x1,0.5,-,1.0,NAK55/NAK80/HPM1,~43HRC,Prehardened steels,25000,350.0,0.022,0.5,https://www.ns-tool.com/ja/products/webcatalog/data/MHR230/MHR230_S.xlsx,,日進工具 公式切削条件参考表(XLSX)。深リブ・溝加工条件のためae=工具径として登録。
NS TOOL,MHR230,無限コーティング 2枚刃ロングネックエンドミル（深リブ用） MHR230,SQUARE,MHR230 φ0.5x1,0.5,-,1.0,銅・アルミニウム合金,,Copper / aluminum alloys,35000,650.0,0.036,0.5,https://www.ns-tool.com/ja/products/webcatalog/data/MHR230/MHR230_S.xlsx,,日進工具 公式切削条件参考表(XLSX)。深リブ・溝加工条件のためae=工具径として登録。
NS TOOL,MHR230,無限コーティング 2枚刃ロングネックエンドミル（深リブ用） MHR230,SQUARE,MHR230 φ0.5x1.5,0.5,-,1.5,S50C,,Carbon steels,30000,520.0,0.028,0.5,https://www.ns-tool.com/ja/products/webcatalog/data/MHR230/MHR230_S.xlsx,,日進工具 公式切削条件参考表(XLSX)。深リブ・溝加工条件のためae=工具径として登録。
NS TOOL,MHR230,無限コーティング 2枚刃ロングネックエンドミル（深リブ用） MHR230,SQUARE,MHR230 φ0.5x1.5,0.5,-,1.5,SCM/SKD/SUS,,Alloy / stainless steels,24000,416.0,0.028,0.5,https://www.ns-tool.com/ja/products/webcatalog/data/MHR230/MHR230_S.xlsx,,日進工具 公式切削条件参考表(XLSX)。深リブ・溝加工条件のためae=工具径として登録。カタログ※1に基づき合金鋼・ステンレス鋼は回転数・送り80%換算。
NS TOOL,MHR230,無限コーティング 2枚刃ロングネックエンドミル（深リブ用） MHR230,SQUARE,MHR230 φ0.5x1.5,0.5,-,1.5,NAK55/NAK80/HPM1,~43HRC,Prehardened steels,25000,330.0,0.02,0.5,https://www.ns-tool.com/ja/products/webcatalog/data/MHR230/MHR230_S.xlsx,,日進工具 公式切削条件参考表(XLSX)。深リブ・溝加工条件のためae=工具径として登録。
NS TOOL,MHR230,無限コーティング 2枚刃ロングネックエンドミル（深リブ用） MHR230,SQUARE,MHR230 φ0.5x1.5,0.5,-,1.5,銅・アルミニウム合金,,Copper / aluminum alloys,35000,630.0,0.033,0.5,https://www.ns-tool.com/ja/products/webcatalog/data/MHR230/MHR230_S.xlsx,,日進工具 公式切削条件参考表(XLSX)。深リブ・溝加工条件のためae=工具径として登録。
NS TOOL,MHR230,無限コーティング 2枚刃ロングネックエンドミル（深リブ用） MHR230,SQUARE,MHR230 φ0.5x2,0.5,-,2.0,S50C,,Carbon steels,30000,500.0,0.025,0.5,https://www.ns-tool.com/ja/products/webcatalog/data/MHR230/MHR230_S.xlsx,,日進工具 公式切削条件参考表(XLSX)。深リブ・溝加工条件のためae=工具径として登録。
NS TOOL,MHR230,無限コーティング 2枚刃ロングネックエンドミル（深リブ用） MHR230,SQUARE,MHR230 φ0.5x2,0.5,-,2.0,SCM/SKD/SUS,,Alloy / stainless steels,24000,400.0,0.025,0.5,https://www.ns-tool.com/ja/products/webcatalog/data/MHR230/MHR230_S.xlsx,,日進工具 公式切削条件参考表(XLSX)。深リブ・溝加工条件のためae=工具径として登録。カタログ※1に基づき合金鋼・ステンレス鋼は回転数・送り80%換算。
NS TOOL,MHR230,無限コーティング 2枚刃ロングネックエンドミル（深リブ用） MHR230,SQUARE,MHR230 φ0.5x2,0.5,-,2.0,NAK55/NAK80/HPM1,~43HRC,Prehardened steels,25000,320.0,0.018,0.5,https://www.ns-tool.com/ja/products/webcatalog/data/MHR230/MHR230_S.xlsx,,日進工具 公式切削条件参考表(XLSX)。深リブ・溝加工条件のためae=工具径として登録。
NS TOOL,MHR230,無限コーティング 2枚刃ロングネックエンドミル（深リブ用） MHR230,SQUARE,MHR230 φ0.5x2,0.5,-,2.0,銅・アルミニウム合金,,Copper / aluminum alloys,35000,600.0,0.03,0.5,https://www.ns-tool.com/ja/products/webcatalog/data/MHR230/MHR230_S.xlsx,,日進工具 公式切削条件参考表(XLSX)。深リブ・溝加工条件のためae=工具径として登録。
NS TOOL,MHR230,無限コーティング 2枚刃ロングネックエンドミル（深リブ用） MHR230,SQUARE,MHR230 φ0.5x2.5,0.5,-,2.5,S50C,,Carbon steels,30000,470.0,0.023,0.5,https://www.ns-tool.com/ja/products/webcatalog/data/MHR230/MHR230_S.xlsx,,日進工具 公式切削条件参考表(XLSX)。深リブ・溝加工条件のためae=工具径として登録。
NS TOOL,MHR230,無限コーティング 2枚刃ロングネックエンドミル（深リブ用） MHR230,SQUARE,MHR230 φ0.5x2.5,0.5,-,2.5,SCM/SKD/SUS,,Alloy / stainless steels,24000,376.0,0.023,0.5,https://www.ns-tool.com/ja/products/webcatalog/data/MHR230/MHR230_S.xlsx,,日進工具 公式切削条件参考表(XLSX)。深リブ・溝加工条件のためae=工具径として登録。カタログ※1に基づき合金鋼・ステンレス鋼は回転数・送り80%換算。
NS TOOL,MHR230,無限コーティング 2枚刃ロングネックエンドミル（深リブ用） MHR230,SQUARE,MHR230 φ0.5x2.5,0.5,-,2.5,NAK55/NAK80/HPM1,~43HRC,Prehardened steels,25000,290.0,0.016,0.5,https://www.ns-tool.com/ja/products/webcatalog/data/MHR230/MHR230_S.xlsx,,日進工具 公式切削条件参考表(XLSX)。深リブ・溝加工条件のためae=工具径として登録。
NS TOOL,MHR230,無限コーティング 2枚刃ロングネックエンドミル（深リブ用） MHR230,SQUARE,MHR230 φ0.5x2.5,0.5,-,2.5,銅・アルミニウム合金,,Copper / aluminum alloys,35000,580.0,0.027,0.5,https://www.ns-tool.com/ja/products/webcatalog/data/MHR230/MHR230_S.xlsx,,日進工具 公式切削条件参考表(XLSX)。深リブ・溝加工条件のためae=工具径として登録。
NS TOOL,MHR230,無限コーティング 2枚刃ロングネックエンドミル（深リブ用） MHR230,SQUARE,MHR230 φ0.5x3,0.5,-,3.0,S50C,,Carbon steels,30000,450.0,0.02,0.5,https://www.ns-tool.com/ja/products/webcatalog/data/MHR230/MHR230_S.xlsx,,日進工具 公式切削条件参考表(XLSX)。深リブ・溝加工条件のためae=工具径として登録。
NS TOOL,MHR230,無限コーティング 2枚刃ロングネックエンドミル（深リブ用） MHR230,SQUARE,MHR230 φ0.5x3,0.5,-,3.0,SCM/SKD/SUS,,Alloy / stainless steels,24000,360.0,0.02,0.5,https://www.ns-tool.com/ja/products/webcatalog/data/MHR230/MHR230_S.xlsx,,日進工具 公式切削条件参考表(XLSX)。深リブ・溝加工条件のためae=工具径として登録。カタログ※1に基づき合金鋼・ステンレス鋼は回転数・送り80%換算。
NS TOOL,MHR230,無限コーティング 2枚刃ロングネックエンドミル（深リブ用） MHR230,SQUARE,MHR230 φ0.5x3,0.5,-,3.0,NAK55/NAK80/HPM1,~43HRC,Prehardened steels,25000,280.0,0.014,0.5,https://www.ns-tool.com/ja/products/webcatalog/data/MHR230/MHR230_S.xlsx,,日進工具 公式切削条件参考表(XLSX)。深リブ・溝加工条件のためae=工具径として登録。
NS TOOL,MHR230,無限コーティング 2枚刃ロングネックエンドミル（深リブ用） MHR230,SQUARE,MHR230 φ0.5x3,0.5,-,3.0,銅・アルミニウム合金,,Copper / aluminum alloys,35000,550.0,0.024,0.5,https://www.ns-tool.com/ja/products/webcatalog/data/MHR230/MHR230_S.xlsx,,日進工具 公式切削条件参考表(XLSX)。深リブ・溝加工条件のためae=工具径として登録。
NS TOOL,MHR230,無限コーティング 2枚刃ロングネックエンドミル（深リブ用） MHR230,SQUARE,MHR230 φ0.5x3.5,0.5,-,3.5,S50C,,Carbon steels,30000,420.0,0.018,0.5,https://www.ns-tool.com/ja/products/webcatalog/data/MHR230/MHR230_S.xlsx,,日進工具 公式切削条件参考表(XLSX)。深リブ・溝加工条件のためae=工具径として登録。
NS TOOL,MHR230,無限コーティング 2枚刃ロングネックエンドミル（深リブ用） MHR230,SQUARE,MHR230 φ0.5x3.5,0.5,-,3.5,SCM/SKD/SUS,,Alloy / stainless steels,24000,336.0,0.018,0.5,https://www.ns-tool.com/ja/products/webcatalog/data/MHR230/MHR230_S.xlsx,,日進工具 公式切削条件参考表(XLSX)。深リブ・溝加工条件のためae=工具径として登録。カタログ※1に基づき合金鋼・ステンレス鋼は回転数・送り80%換算。
NS TOOL,MHR230,無限コーティング 2枚刃ロングネックエンドミル（深リブ用） MHR230,SQUARE,MHR230 φ0.5x3.5,0.5,-,3.5,NAK55/NAK80/HPM1,~43HRC,Prehardened steels,22000,250.0,0.012,0.5,https://www.ns-tool.com/ja/products/webcatalog/data/MHR230/MHR230_S.xlsx,,日進工具 公式切削条件参考表(XLSX)。深リブ・溝加工条件のためae=工具径として登録。
NS TOOL,MHR230,無限コーティング 2枚刃ロングネックエンドミル（深リブ用） MHR230,SQUARE,MHR230 φ0.5x3.5,0.5,-,3.5,銅・アルミニウム合金,,Copper / aluminum alloys,30000,500.0,0.021,0.5,https://www.ns-tool.com/ja/products/webcatalog/data/MHR230/MHR230_S.xlsx,,日進工具 公式切削条件参考表(XLSX)。深リブ・溝加工条件のためae=工具径として登録。
NS TOOL,MHR230,無限コーティング 2枚刃ロングネックエンドミル（深リブ用） MHR230,SQUARE,MHR230 φ0.5x4,0.5,-,4.0,S50C,,Carbon steels,25000,350.0,0.015,0.5,https://www.ns-tool.com/ja/products/webcatalog/data/MHR230/MHR230_S.xlsx,,日進工具 公式切削条件参考表(XLSX)。深リブ・溝加工条件のためae=工具径として登録。
NS TOOL,MHR230,無限コーティング 2枚刃ロングネックエンドミル（深リブ用） MHR230,SQUARE,MHR230 φ0.5x4,0.5,-,4.0,SCM/SKD/SUS,,Alloy / stainless steels,20000,280.0,0.015,0.5,https://www.ns-tool.com/ja/products/webcatalog/data/MHR230/MHR230_S.xlsx,,日進工具 公式切削条件参考表(XLSX)。深リブ・溝加工条件のためae=工具径として登録。カタログ※1に基づき合金鋼・ステンレス鋼は回転数・送り80%換算。
NS TOOL,MHR230,無限コーティング 2枚刃ロングネックエンドミル（深リブ用） MHR230,SQUARE,MHR230 φ0.5x4,0.5,-,4.0,NAK55/NAK80/HPM1,~43HRC,Prehardened steels,22000,230.0,0.01,0.5,https://www.ns-tool.com/ja/products/webcatalog/data/MHR230/MHR230_S.xlsx,,日進工具 公式切削条件参考表(XLSX)。深リブ・溝加工条件のためae=工具径として登録。
NS TOOL,MHR230,無限コーティング 2枚刃ロングネックエンドミル（深リブ用） MHR230,SQUARE,MHR230 φ0.5x4,0.5,-,4.0,銅・アルミニウム合金,,Copper / aluminum alloys,30000,420.0,0.018,0.5,https://www.ns-tool.com/ja/products/webcatalog/data/MHR230/MHR230_S.xlsx,,日進工具 公式切削条件参考表(XLSX)。深リブ・溝加工条件のためae=工具径として登録。
NS TOOL,MHR230,無限コーティング 2枚刃ロングネックエンドミル（深リブ用） MHR230,SQUARE,MHR230 φ0.5x4.5,0.5,-,4.5,S50C,,Carbon steels,25000,320.0,0.013,0.5,https://www.ns-tool.com/ja/products/webcatalog/data/MHR230/MHR230_S.xlsx,,日進工具 公式切削条件参考表(XLSX)。深リブ・溝加工条件のためae=工具径として登録。
NS TOOL,MHR230,無限コーティング 2枚刃ロングネックエンドミル（深リブ用） MHR230,SQUARE,MHR230 φ0.5x4.5,0.5,-,4.5,SCM/SKD/SUS,,Alloy / stainless steels,20000,256.0,0.013,0.5,https://www.ns-tool.com/ja/products/webcatalog/data/MHR230/MHR230_S.xlsx,,日進工具 公式切削条件参考表(XLSX)。深リブ・溝加工条件のためae=工具径として登録。カタログ※1に基づき合金鋼・ステンレス鋼は回転数・送り80%換算。
NS TOOL,MHR230,無限コーティング 2枚刃ロングネックエンドミル（深リブ用） MHR230,SQUARE,MHR230 φ0.5x4.5,0.5,-,4.5,NAK55/NAK80/HPM1,~43HRC,Prehardened steels,20000,200.0,0.008,0.5,https://www.ns-tool.com/ja/products/webcatalog/data/MHR230/MHR230_S.xlsx,,日進工具 公式切削条件参考表(XLSX)。深リブ・溝加工条件のためae=工具径として登録。
NS TOOL,MHR230,無限コーティング 2枚刃ロングネックエンドミル（深リブ用） MHR230,SQUARE,MHR230 φ0.5x4.5,0.5,-,4.5,銅・アルミニウム合金,,Copper / aluminum alloys,30000,380.0,0.015,0.5,https://www.ns-tool.com/ja/products/webcatalog/data/MHR230/MHR230_S.xlsx,,日進工具 公式切削条件参考表(XLSX)。深リブ・溝加工条件のためae=工具径として登録。
NS TOOL,MHR230,無限コーティング 2枚刃ロングネックエンドミル（深リブ用） MHR230,SQUARE,MHR230 φ0.5x5,0.5,-,5.0,S50C,,Carbon steels,25000,300.0,0.01,0.5,https://www.ns-tool.com/ja/products/webcatalog/data/MHR230/MHR230_S.xlsx,,日進工具 公式切削条件参考表(XLSX)。深リブ・溝加工条件のためae=工具径として登録。
NS TOOL,MHR230,無限コーティング 2枚刃ロングネックエンドミル（深リブ用） MHR230,SQUARE,MHR230 φ0.5x5,0.5,-,5.0,SCM/SKD/SUS,,Alloy / stainless steels,20000,240.0,0.01,0.5,https://www.ns-tool.com/ja/products/webcatalog/data/MHR230/MHR230_S.xlsx,,日進工具 公式切削条件参考表(XLSX)。深リブ・溝加工条件のためae=工具径として登録。カタログ※1に基づき合金鋼・ステンレス鋼は回転数・送り80%換算。
NS TOOL,MHR230,無限コーティング 2枚刃ロングネックエンドミル（深リブ用） MHR230,SQUARE,MHR230 φ0.5x5,0.5,-,5.0,NAK55/NAK80/HPM1,~43HRC,Prehardened steels,20000,180.0,0.007,0.5,https://www.ns-tool.com/ja/products/webcatalog/data/MHR230/MHR230_S.xlsx,,日進工具 公式切削条件参考表(XLSX)。深リブ・溝加工条件のためae=工具径として登録。
NS TOOL,MHR230,無限コーティング 2枚刃ロングネックエンドミル（深リブ用） MHR230,SQUARE,MHR230 φ0.5x5,0.5,-,5.0,銅・アルミニウム合金,,Copper / aluminum alloys,30000,350.0,0.012,0.5,https://www.ns-tool.com/ja/products/webcatalog/data/MHR230/MHR230_S.xlsx,,日進工具 公式切削条件参考表(XLSX)。深リブ・溝加工条件のためae=工具径として登録。
NS TOOL,MHR230,無限コーティング 2枚刃ロングネックエンドミル（深リブ用） MHR230,SQUARE,MHR230 φ0.5x6,0.5,-,6.0,S50C,,Carbon steels,20000,200.0,0.008,0.5,https://www.ns-tool.com/ja/products/webcatalog/data/MHR230/MHR230_S.xlsx,,日進工具 公式切削条件参考表(XLSX)。深リブ・溝加工条件のためae=工具径として登録。
NS TOOL,MHR230,無限コーティング 2枚刃ロングネックエンドミル（深リブ用） MHR230,SQUARE,MHR230 φ0.5x6,0.5,-,6.0,SCM/SKD/SUS,,Alloy / stainless steels,16000,160.0,0.008,0.5,https://www.ns-tool.com/ja/products/webcatalog/data/MHR230/MHR230_S.xlsx,,日進工具 公式切削条件参考表(XLSX)。深リブ・溝加工条件のためae=工具径として登録。カタログ※1に基づき合金鋼・ステンレス鋼は回転数・送り80%換算。
NS TOOL,MHR230,無限コーティング 2枚刃ロングネックエンドミル（深リブ用） MHR230,SQUARE,MHR230 φ0.5x6,0.5,-,6.0,NAK55/NAK80/HPM1,~43HRC,Prehardened steels,18000,140.0,0.005,0.5,https://www.ns-tool.com/ja/products/webcatalog/data/MHR230/MHR230_S.xlsx,,日進工具 公式切削条件参考表(XLSX)。深リブ・溝加工条件のためae=工具径として登録。
NS TOOL,MHR230,無限コーティング 2枚刃ロングネックエンドミル（深リブ用） MHR230,SQUARE,MHR230 φ0.5x6,0.5,-,6.0,銅・アルミニウム合金,,Copper / aluminum alloys,25000,250.0,0.01,0.5,https://www.ns-tool.com/ja/products/webcatalog/data/MHR230/MHR230_S.xlsx,,日進工具 公式切削条件参考表(XLSX)。深リブ・溝加工条件のためae=工具径として登録。
NS TOOL,MHR230,無限コーティング 2枚刃ロングネックエンドミル（深リブ用） MHR230,SQUARE,MHR230 φ0.5x7,0.5,-,7.0,S50C,,Carbon steels,20000,180.0,0.005,0.5,https://www.ns-tool.com/ja/products/webcatalog/data/MHR230/MHR230_S.xlsx,,日進工具 公式切削条件参考表(XLSX)。深リブ・溝加工条件のためae=工具径として登録。
NS TOOL,MHR230,無限コーティング 2枚刃ロングネックエンドミル（深リブ用） MHR230,SQUARE,MHR230 φ0.5x7,0.5,-,7.0,SCM/SKD/SUS,,Alloy / stainless steels,16000,144.0,0.005,0.5,https://www.ns-tool.com/ja/products/webcatalog/data/MHR230/MHR230_S.xlsx,,日進工具 公式切削条件参考表(XLSX)。深リブ・溝加工条件のためae=工具径として登録。カタログ※1に基づき合金鋼・ステンレス鋼は回転数・送り80%換算。
NS TOOL,MHR230,無限コーティング 2枚刃ロングネックエンドミル（深リブ用） MHR230,SQUARE,MHR230 φ0.5x7,0.5,-,7.0,NAK55/NAK80/HPM1,~43HRC,Prehardened steels,16000,110.0,0.003,0.5,https://www.ns-tool.com/ja/products/webcatalog/data/MHR230/MHR230_S.xlsx,,日進工具 公式切削条件参考表(XLSX)。深リブ・溝加工条件のためae=工具径として登録。
NS TOOL,MHR230,無限コーティング 2枚刃ロングネックエンドミル（深リブ用） MHR230,SQUARE,MHR230 φ0.5x7,0.5,-,7.0,銅・アルミニウム合金,,Copper / aluminum alloys,22000,200.0,0.006,0.5,https://www.ns-tool.com/ja/products/webcatalog/data/MHR230/MHR230_S.xlsx,,日進工具 公式切削条件参考表(XLSX)。深リブ・溝加工条件のためae=工具径として登録。
NS TOOL,MHR230,無限コーティング 2枚刃ロングネックエンドミル（深リブ用） MHR230,SQUARE,MHR230 φ0.5x8,0.5,-,8.0,S50C,,Carbon steels,18000,150.0,0.003,0.5,https://www.ns-tool.com/ja/products/webcatalog/data/MHR230/MHR230_S.xlsx,,日進工具 公式切削条件参考表(XLSX)。深リブ・溝加工条件のためae=工具径として登録。
NS TOOL,MHR230,無限コーティング 2枚刃ロングネックエンドミル（深リブ用） MHR230,SQUARE,MHR230 φ0.5x8,0.5,-,8.0,SCM/SKD/SUS,,Alloy / stainless steels,14400,120.0,0.003,0.5,https://www.ns-tool.com/ja/products/webcatalog/data/MHR230/MHR230_S.xlsx,,日進工具 公式切削条件参考表(XLSX)。深リブ・溝加工条件のためae=工具径として登録。カタログ※1に基づき合金鋼・ステンレス鋼は回転数・送り80%換算。
NS TOOL,MHR230,無限コーティング 2枚刃ロングネックエンドミル（深リブ用） MHR230,SQUARE,MHR230 φ0.5x8,0.5,-,8.0,NAK55/NAK80/HPM1,~43HRC,Prehardened steels,14000,90.0,0.002,0.5,https://www.ns-tool.com/ja/products/webcatalog/data/MHR230/MHR230_S.xlsx,,日進工具 公式切削条件参考表(XLSX)。深リブ・溝加工条件のためae=工具径として登録。
NS TOOL,MHR230,無限コーティング 2枚刃ロングネックエンドミル（深リブ用） MHR230,SQUARE,MHR230 φ0.5x8,0.5,-,8.0,銅・アルミニウム合金,,Copper / aluminum alloys,20000,160.0,0.003,0.5,https://www.ns-tool.com/ja/products/webcatalog/data/MHR230/MHR230_S.xlsx,,日進工具 公式切削条件参考表(XLSX)。深リブ・溝加工条件のためae=工具径として登録。
NS TOOL,MHR230,無限コーティング 2枚刃ロングネックエンドミル（深リブ用） MHR230,SQUARE,MHR230 φ0.5x9,0.5,-,9.0,S50C,,Carbon steels,16000,120.0,0.003,0.5,https://www.ns-tool.com/ja/products/webcatalog/data/MHR230/MHR230_S.xlsx,,日進工具 公式切削条件参考表(XLSX)。深リブ・溝加工条件のためae=工具径として登録。
NS TOOL,MHR230,無限コーティング 2枚刃ロングネックエンドミル（深リブ用） MHR230,SQUARE,MHR230 φ0.5x9,0.5,-,9.0,SCM/SKD/SUS,,Alloy / stainless steels,12800,96.0,0.003,0.5,https://www.ns-tool.com/ja/products/webcatalog/data/MHR230/MHR230_S.xlsx,,日進工具 公式切削条件参考表(XLSX)。深リブ・溝加工条件のためae=工具径として登録。カタログ※1に基づき合金鋼・ステンレス鋼は回転数・送り80%換算。
NS TOOL,MHR230,無限コーティング 2枚刃ロングネックエンドミル（深リブ用） MHR230,SQUARE,MHR230 φ0.5x9,0.5,-,9.0,NAK55/NAK80/HPM1,~43HRC,Prehardened steels,14000,80.0,0.002,0.5,https://www.ns-tool.com/ja/products/webcatalog/data/MHR230/MHR230_S.xlsx,,日進工具 公式切削条件参考表(XLSX)。深リブ・溝加工条件のためae=工具径として登録。
NS TOOL,MHR230,無限コーティング 2枚刃ロングネックエンドミル（深リブ用） MHR230,SQUARE,MHR230 φ0.5x9,0.5,-,9.0,銅・アルミニウム合金,,Copper / aluminum alloys,18000,135.0,0.003,0.5,https://www.ns-tool.com/ja/products/webcatalog/data/MHR230/MHR230_S.xlsx,,日進工具 公式切削条件参考表(XLSX)。深リブ・溝加工条件のためae=工具径として登録。
NS TOOL,MHR230,無限コーティング 2枚刃ロングネックエンドミル（深リブ用） MHR230,SQUARE,MHR230 φ0.5x10,0.5,-,10.0,S50C,,Carbon steels,16000,100.0,0.002,0.5,https://www.ns-tool.com/ja/products/webcatalog/data/MHR230/MHR230_S.xlsx,,日進工具 公式切削条件参考表(XLSX)。深リブ・溝加工条件のためae=工具径として登録。
NS TOOL,MHR230,無限コーティング 2枚刃ロングネックエンドミル（深リブ用） MHR230,SQUARE,MHR230 φ0.5x10,0.5,-,10.0,SCM/SKD/SUS,,Alloy / stainless steels,12800,80.0,0.002,0.5,https://www.ns-tool.com/ja/products/webcatalog/data/MHR230/MHR230_S.xlsx,,日進工具 公式切削条件参考表(XLSX)。深リブ・溝加工条件のためae=工具径として登録。カタログ※1に基づき合金鋼・ステンレス鋼は回転数・送り80%換算。
NS TOOL,MHR230,無限コーティング 2枚刃ロングネックエンドミル（深リブ用） MHR230,SQUARE,MHR230 φ0.5x10,0.5,-,10.0,NAK55/NAK80/HPM1,~43HRC,Prehardened steels,14000,65.0,0.002,0.5,https://www.ns-tool.com/ja/products/webcatalog/data/MHR230/MHR230_S.xlsx,,日進工具 公式切削条件参考表(XLSX)。深リブ・溝加工条件のためae=工具径として登録。
NS TOOL,MHR230,無限コーティング 2枚刃ロングネックエンドミル（深リブ用） MHR230,SQUARE,MHR230 φ0.5x10,0.5,-,10.0,銅・アルミニウム合金,,Copper / aluminum alloys,18000,110.0,0.002,0.5,https://www.ns-tool.com/ja/products/webcatalog/data/MHR230/MHR230_S.xlsx,,日進工具 公式切削条件参考表(XLSX)。深リブ・溝加工条件のためae=工具径として登録。
NS TOOL,MHR230,無限コーティング 2枚刃ロングネックエンドミル（深リブ用） MHR230,SQUARE,MHR230 φ0.5x12,0.5,-,12.0,S50C,,Carbon steels,16000,80.0,0.002,0.5,https://www.ns-tool.com/ja/products/webcatalog/data/MHR230/MHR230_S.xlsx,,日進工具 公式切削条件参考表(XLSX)。深リブ・溝加工条件のためae=工具径として登録。
NS TOOL,MHR230,無限コーティング 2枚刃ロングネックエンドミル（深リブ用） MHR230,SQUARE,MHR230 φ0.5x12,0.5,-,12.0,SCM/SKD/SUS,,Alloy / stainless steels,12800,64.0,0.002,0.5,https://www.ns-tool.com/ja/products/webcatalog/data/MHR230/MHR230_S.xlsx,,日進工具 公式切削条件参考表(XLSX)。深リブ・溝加工条件のためae=工具径として登録。カタログ※1に基づき合金鋼・ステンレス鋼は回転数・送り80%換算。
NS TOOL,MHR230,無限コーティング 2枚刃ロングネックエンドミル（深リブ用） MHR230,SQUARE,MHR230 φ0.5x12,0.5,-,12.0,NAK55/NAK80/HPM1,~43HRC,Prehardened steels,14000,50.0,0.002,0.5,https://www.ns-tool.com/ja/products/webcatalog/data/MHR230/MHR230_S.xlsx,,日進工具 公式切削条件参考表(XLSX)。深リブ・溝加工条件のためae=工具径として登録。
NS TOOL,MHR230,無限コーティング 2枚刃ロングネックエンドミル（深リブ用） MHR230,SQUARE,MHR230 φ0.5x12,0.5,-,12.0,銅・アルミニウム合金,,Copper / aluminum alloys,18000,90.0,0.002,0.5,https://www.ns-tool.com/ja/products/webcatalog/data/MHR230/MHR230_S.xlsx,,日進工具 公式切削条件参考表(XLSX)。深リブ・溝加工条件のためae=工具径として登録。
NS TOOL,MHR230,無限コーティング 2枚刃ロングネックエンドミル（深リブ用） MHR230,SQUARE,MHR230 φ0.5x15,0.5,-,15.0,S50C,,Carbon steels,16000,50.0,0.002,0.5,https://www.ns-tool.com/ja/products/webcatalog/data/MHR230/MHR230_S.xlsx,,日進工具 公式切削条件参考表(XLSX)。深リブ・溝加工条件のためae=工具径として登録。
NS TOOL,MHR230,無限コーティング 2枚刃ロングネックエンドミル（深リブ用） MHR230,SQUARE,MHR230 φ0.5x15,0.5,-,15.0,SCM/SKD/SUS,,Alloy / stainless steels,12800,40.0,0.002,0.5,https://www.ns-tool.com/ja/products/webcatalog/data/MHR230/MHR230_S.xlsx,,日進工具 公式切削条件参考表(XLSX)。深リブ・溝加工条件のためae=工具径として登録。カタログ※1に基づき合金鋼・ステンレス鋼は回転数・送り80%換算。
NS TOOL,MHR230,無限コーティング 2枚刃ロングネックエンドミル（深リブ用） MHR230,SQUARE,MHR230 φ0.5x15,0.5,-,15.0,NAK55/NAK80/HPM1,~43HRC,Prehardened steels,14000,35.0,0.002,0.5,https://www.ns-tool.com/ja/products/webcatalog/data/MHR230/MHR230_S.xlsx,,日進工具 公式切削条件参考表(XLSX)。深リブ・溝加工条件のためae=工具径として登録。
NS TOOL,MHR230,無限コーティング 2枚刃ロングネックエンドミル（深リブ用） MHR230,SQUARE,MHR230 φ0.5x15,0.5,-,15.0,銅・アルミニウム合金,,Copper / aluminum alloys,18000,55.0,0.002,0.5,https://www.ns-tool.com/ja/products/webcatalog/data/MHR230/MHR230_S.xlsx,,日進工具 公式切削条件参考表(XLSX)。深リブ・溝加工条件のためae=工具径として登録。
NS TOOL,MHR230,無限コーティング 2枚刃ロングネックエンドミル（深リブ用） MHR230,SQUARE,MHR230 φ0.6x1.5,0.6,-,1.5,S50C,,Carbon steels,30000,600.0,0.035,0.6,https://www.ns-tool.com/ja/products/webcatalog/data/MHR230/MHR230_S.xlsx,,日進工具 公式切削条件参考表(XLSX)。深リブ・溝加工条件のためae=工具径として登録。
NS TOOL,MHR230,無限コーティング 2枚刃ロングネックエンドミル（深リブ用） MHR230,SQUARE,MHR230 φ0.6x1.5,0.6,-,1.5,SCM/SKD/SUS,,Alloy / stainless steels,24000,480.0,0.035,0.6,https://www.ns-tool.com/ja/products/webcatalog/data/MHR230/MHR230_S.xlsx,,日進工具 公式切削条件参考表(XLSX)。深リブ・溝加工条件のためae=工具径として登録。カタログ※1に基づき合金鋼・ステンレス鋼は回転数・送り80%換算。
NS TOOL,MHR230,無限コーティング 2枚刃ロングネックエンドミル（深リブ用） MHR230,SQUARE,MHR230 φ0.6x1.5,0.6,-,1.5,NAK55/NAK80/HPM1,~43HRC,Prehardened steels,25000,400.0,0.025,0.6,https://www.ns-tool.com/ja/products/webcatalog/data/MHR230/MHR230_S.xlsx,,日進工具 公式切削条件参考表(XLSX)。深リブ・溝加工条件のためae=工具径として登録。
NS TOOL,MHR230,無限コーティング 2枚刃ロングネックエンドミル（深リブ用） MHR230,SQUARE,MHR230 φ0.6x1.5,0.6,-,1.5,銅・アルミニウム合金,,Copper / aluminum alloys,35000,700.0,0.04,0.6,https://www.ns-tool.com/ja/products/webcatalog/data/MHR230/MHR230_S.xlsx,,日進工具 公式切削条件参考表(XLSX)。深リブ・溝加工条件のためae=工具径として登録。
NS TOOL,MHR230,無限コーティング 2枚刃ロングネックエンドミル（深リブ用） MHR230,SQUARE,MHR230 φ0.6x2,0.6,-,2.0,S50C,,Carbon steels,30000,600.0,0.035,0.6,https://www.ns-tool.com/ja/products/webcatalog/data/MHR230/MHR230_S.xlsx,,日進工具 公式切削条件参考表(XLSX)。深リブ・溝加工条件のためae=工具径として登録。
NS TOOL,MHR230,無限コーティング 2枚刃ロングネックエンドミル（深リブ用） MHR230,SQUARE,MHR230 φ0.6x2,0.6,-,2.0,SCM/SKD/SUS,,Alloy / stainless steels,24000,480.0,0.035,0.6,https://www.ns-tool.com/ja/products/webcatalog/data/MHR230/MHR230_S.xlsx,,日進工具 公式切削条件参考表(XLSX)。深リブ・溝加工条件のためae=工具径として登録。カタログ※1に基づき合金鋼・ステンレス鋼は回転数・送り80%換算。
NS TOOL,MHR230,無限コーティング 2枚刃ロングネックエンドミル（深リブ用） MHR230,SQUARE,MHR230 φ0.6x2,0.6,-,2.0,NAK55/NAK80/HPM1,~43HRC,Prehardened steels,25000,380.0,0.025,0.6,https://www.ns-tool.com/ja/products/webcatalog/data/MHR230/MHR230_S.xlsx,,日進工具 公式切削条件参考表(XLSX)。深リブ・溝加工条件のためae=工具径として登録。
NS TOOL,MHR230,無限コーティング 2枚刃ロングネックエンドミル（深リブ用） MHR230,SQUARE,MHR230 φ0.6x2,0.6,-,2.0,銅・アルミニウム合金,,Copper / aluminum alloys,35000,700.0,0.04,0.6,https://www.ns-tool.com/ja/products/webcatalog/data/MHR230/MHR230_S.xlsx,,日進工具 公式切削条件参考表(XLSX)。深リブ・溝加工条件のためae=工具径として登録。
NS TOOL,MHR230,無限コーティング 2枚刃ロングネックエンドミル（深リブ用） MHR230,SQUARE,MHR230 φ0.6x3,0.6,-,3.0,S50C,,Carbon steels,30000,550.0,0.03,0.6,https://www.ns-tool.com/ja/products/webcatalog/data/MHR230/MHR230_S.xlsx,,日進工具 公式切削条件参考表(XLSX)。深リブ・溝加工条件のためae=工具径として登録。
NS TOOL,MHR230,無限コーティング 2枚刃ロングネックエンドミル（深リブ用） MHR230,SQUARE,MHR230 φ0.6x3,0.6,-,3.0,SCM/SKD/SUS,,Alloy / stainless steels,24000,440.0,0.03,0.6,https://www.ns-tool.com/ja/products/webcatalog/data/MHR230/MHR230_S.xlsx,,日進工具 公式切削条件参考表(XLSX)。深リブ・溝加工条件のためae=工具径として登録。カタログ※1に基づき合金鋼・ステンレス鋼は回転数・送り80%換算。
NS TOOL,MHR230,無限コーティング 2枚刃ロングネックエンドミル（深リブ用） MHR230,SQUARE,MHR230 φ0.6x3,0.6,-,3.0,NAK55/NAK80/HPM1,~43HRC,Prehardened steels,25000,350.0,0.02,0.6,https://www.ns-tool.com/ja/products/webcatalog/data/MHR230/MHR230_S.xlsx,,日進工具 公式切削条件参考表(XLSX)。深リブ・溝加工条件のためae=工具径として登録。
NS TOOL,MHR230,無限コーティング 2枚刃ロングネックエンドミル（深リブ用） MHR230,SQUARE,MHR230 φ0.6x3,0.6,-,3.0,銅・アルミニウム合金,,Copper / aluminum alloys,35000,650.0,0.035,0.6,https://www.ns-tool.com/ja/products/webcatalog/data/MHR230/MHR230_S.xlsx,,日進工具 公式切削条件参考表(XLSX)。深リブ・溝加工条件のためae=工具径として登録。
NS TOOL,MHR230,無限コーティング 2枚刃ロングネックエンドミル（深リブ用） MHR230,SQUARE,MHR230 φ0.6x4,0.6,-,4.0,S50C,,Carbon steels,25000,450.0,0.025,0.6,https://www.ns-tool.com/ja/products/webcatalog/data/MHR230/MHR230_S.xlsx,,日進工具 公式切削条件参考表(XLSX)。深リブ・溝加工条件のためae=工具径として登録。
NS TOOL,MHR230,無限コーティング 2枚刃ロングネックエンドミル（深リブ用） MHR230,SQUARE,MHR230 φ0.6x4,0.6,-,4.0,SCM/SKD/SUS,,Alloy / stainless steels,20000,360.0,0.025,0.6,https://www.ns-tool.com/ja/products/webcatalog/data/MHR230/MHR230_S.xlsx,,日進工具 公式切削条件参考表(XLSX)。深リブ・溝加工条件のためae=工具径として登録。カタログ※1に基づき合金鋼・ステンレス鋼は回転数・送り80%換算。
NS TOOL,MHR230,無限コーティング 2枚刃ロングネックエンドミル（深リブ用） MHR230,SQUARE,MHR230 φ0.6x4,0.6,-,4.0,NAK55/NAK80/HPM1,~43HRC,Prehardened steels,22000,300.0,0.018,0.6,https://www.ns-tool.com/ja/products/webcatalog/data/MHR230/MHR230_S.xlsx,,日進工具 公式切削条件参考表(XLSX)。深リブ・溝加工条件のためae=工具径として登録。
NS TOOL,MHR230,無限コーティング 2枚刃ロングネックエンドミル（深リブ用） MHR230,SQUARE,MHR230 φ0.6x4,0.6,-,4.0,銅・アルミニウム合金,,Copper / aluminum alloys,30000,550.0,0.03,0.6,https://www.ns-tool.com/ja/products/webcatalog/data/MHR230/MHR230_S.xlsx,,日進工具 公式切削条件参考表(XLSX)。深リブ・溝加工条件のためae=工具径として登録。
NS TOOL,MHR230,無限コーティング 2枚刃ロングネックエンドミル（深リブ用） MHR230,SQUARE,MHR230 φ0.6x5,0.6,-,5.0,S50C,,Carbon steels,25000,400.0,0.02,0.6,https://www.ns-tool.com/ja/products/webcatalog/data/MHR230/MHR230_S.xlsx,,日進工具 公式切削条件参考表(XLSX)。深リブ・溝加工条件のためae=工具径として登録。
NS TOOL,MHR230,無限コーティング 2枚刃ロングネックエンドミル（深リブ用） MHR230,SQUARE,MHR230 φ0.6x5,0.6,-,5.0,SCM/SKD/SUS,,Alloy / stainless steels,20000,320.0,0.02,0.6,https://www.ns-tool.com/ja/products/webcatalog/data/MHR230/MHR230_S.xlsx,,日進工具 公式切削条件参考表(XLSX)。深リブ・溝加工条件のためae=工具径として登録。カタログ※1に基づき合金鋼・ステンレス鋼は回転数・送り80%換算。
NS TOOL,MHR230,無限コーティング 2枚刃ロングネックエンドミル（深リブ用） MHR230,SQUARE,MHR230 φ0.6x5,0.6,-,5.0,NAK55/NAK80/HPM1,~43HRC,Prehardened steels,20000,240.0,0.014,0.6,https://www.ns-tool.com/ja/products/webcatalog/data/MHR230/MHR230_S.xlsx,,日進工具 公式切削条件参考表(XLSX)。深リブ・溝加工条件のためae=工具径として登録。
NS TOOL,MHR230,無限コーティング 2枚刃ロングネックエンドミル（深リブ用） MHR230,SQUARE,MHR230 φ0.6x5,0.6,-,5.0,銅・アルミニウム合金,,Copper / aluminum alloys,30000,480.0,0.024,0.6,https://www.ns-tool.com/ja/products/webcatalog/data/MHR230/MHR230_S.xlsx,,日進工具 公式切削条件参考表(XLSX)。深リブ・溝加工条件のためae=工具径として登録。
NS TOOL,MHR230,無限コーティング 2枚刃ロングネックエンドミル（深リブ用） MHR230,SQUARE,MHR230 φ0.6x6,0.6,-,6.0,S50C,,Carbon steels,20000,300.0,0.015,0.6,https://www.ns-tool.com/ja/products/webcatalog/data/MHR230/MHR230_S.xlsx,,日進工具 公式切削条件参考表(XLSX)。深リブ・溝加工条件のためae=工具径として登録。
NS TOOL,MHR230,無限コーティング 2枚刃ロングネックエンドミル（深リブ用） MHR230,SQUARE,MHR230 φ0.6x6,0.6,-,6.0,SCM/SKD/SUS,,Alloy / stainless steels,16000,240.0,0.015,0.6,https://www.ns-tool.com/ja/products/webcatalog/data/MHR230/MHR230_S.xlsx,,日進工具 公式切削条件参考表(XLSX)。深リブ・溝加工条件のためae=工具径として登録。カタログ※1に基づき合金鋼・ステンレス鋼は回転数・送り80%換算。
NS TOOL,MHR230,無限コーティング 2枚刃ロングネックエンドミル（深リブ用） MHR230,SQUARE,MHR230 φ0.6x6,0.6,-,6.0,NAK55/NAK80/HPM1,~43HRC,Prehardened steels,18000,200.0,0.01,0.6,https://www.ns-tool.com/ja/products/webcatalog/data/MHR230/MHR230_S.xlsx,,日進工具 公式切削条件参考表(XLSX)。深リブ・溝加工条件のためae=工具径として登録。
NS TOOL,MHR230,無限コーティング 2枚刃ロングネックエンドミル（深リブ用） MHR230,SQUARE,MHR230 φ0.6x6,0.6,-,6.0,銅・アルミニウム合金,,Copper / aluminum alloys,25000,380.0,0.018,0.6,https://www.ns-tool.com/ja/products/webcatalog/data/MHR230/MHR230_S.xlsx,,日進工具 公式切削条件参考表(XLSX)。深リブ・溝加工条件のためae=工具径として登録。
NS TOOL,MHR230,無限コーティング 2枚刃ロングネックエンドミル（深リブ用） MHR230,SQUARE,MHR230 φ0.6x7,0.6,-,7.0,S50C,,Carbon steels,20000,250.0,0.012,0.6,https://www.ns-tool.com/ja/products/webcatalog/data/MHR230/MHR230_S.xlsx,,日進工具 公式切削条件参考表(XLSX)。深リブ・溝加工条件のためae=工具径として登録。
NS TOOL,MHR230,無限コーティング 2枚刃ロングネックエンドミル（深リブ用） MHR230,SQUARE,MHR230 φ0.6x7,0.6,-,7.0,SCM/SKD/SUS,,Alloy / stainless steels,16000,200.0,0.012,0.6,https://www.ns-tool.com/ja/products/webcatalog/data/MHR230/MHR230_S.xlsx,,日進工具 公式切削条件参考表(XLSX)。深リブ・溝加工条件のためae=工具径として登録。カタログ※1に基づき合金鋼・ステンレス鋼は回転数・送り80%換算。
NS TOOL,MHR230,無限コーティング 2枚刃ロングネックエンドミル（深リブ用） MHR230,SQUARE,MHR230 φ0.6x7,0.6,-,7.0,NAK55/NAK80/HPM1,~43HRC,Prehardened steels,16000,150.0,0.008,0.6,https://www.ns-tool.com/ja/products/webcatalog/data/MHR230/MHR230_S.xlsx,,日進工具 公式切削条件参考表(XLSX)。深リブ・溝加工条件のためae=工具径として登録。
NS TOOL,MHR230,無限コーティング 2枚刃ロングネックエンドミル（深リブ用） MHR230,SQUARE,MHR230 φ0.6x7,0.6,-,7.0,銅・アルミニウム合金,,Copper / aluminum alloys,22000,280.0,0.014,0.6,https://www.ns-tool.com/ja/products/webcatalog/data/MHR230/MHR230_S.xlsx,,日進工具 公式切削条件参考表(XLSX)。深リブ・溝加工条件のためae=工具径として登録。
NS TOOL,MHR230,無限コーティング 2枚刃ロングネックエンドミル（深リブ用） MHR230,SQUARE,MHR230 φ0.6x8,0.6,-,8.0,S50C,,Carbon steels,18000,200.0,0.01,0.6,https://www.ns-tool.com/ja/products/webcatalog/data/MHR230/MHR230_S.xlsx,,日進工具 公式切削条件参考表(XLSX)。深リブ・溝加工条件のためae=工具径として登録。
NS TOOL,MHR230,無限コーティング 2枚刃ロングネックエンドミル（深リブ用） MHR230,SQUARE,MHR230 φ0.6x8,0.6,-,8.0,SCM/SKD/SUS,,Alloy / stainless steels,14400,160.0,0.01,0.6,https://www.ns-tool.com/ja/products/webcatalog/data/MHR230/MHR230_S.xlsx,,日進工具 公式切削条件参考表(XLSX)。深リブ・溝加工条件のためae=工具径として登録。カタログ※1に基づき合金鋼・ステンレス鋼は回転数・送り80%換算。
NS TOOL,MHR230,無限コーティング 2枚刃ロングネックエンドミル（深リブ用） MHR230,SQUARE,MHR230 φ0.6x8,0.6,-,8.0,NAK55/NAK80/HPM1,~43HRC,Prehardened steels,15000,130.0,0.007,0.6,https://www.ns-tool.com/ja/products/webcatalog/data/MHR230/MHR230_S.xlsx,,日進工具 公式切削条件参考表(XLSX)。深リブ・溝加工条件のためae=工具径として登録。
NS TOOL,MHR230,無限コーティング 2枚刃ロングネックエンドミル（深リブ用） MHR230,SQUARE,MHR230 φ0.6x8,0.6,-,8.0,銅・アルミニウム合金,,Copper / aluminum alloys,20000,230.0,0.012,0.6,https://www.ns-tool.com/ja/products/webcatalog/data/MHR230/MHR230_S.xlsx,,日進工具 公式切削条件参考表(XLSX)。深リブ・溝加工条件のためae=工具径として登録。
NS TOOL,MHR230,無限コーティング 2枚刃ロングネックエンドミル（深リブ用） MHR230,SQUARE,MHR230 φ0.6x9,0.6,-,9.0,S50C,,Carbon steels,18000,180.0,0.008,0.6,https://www.ns-tool.com/ja/products/webcatalog/data/MHR230/MHR230_S.xlsx,,日進工具 公式切削条件参考表(XLSX)。深リブ・溝加工条件のためae=工具径として登録。
NS TOOL,MHR230,無限コーティング 2枚刃ロングネックエンドミル（深リブ用） MHR230,SQUARE,MHR230 φ0.6x9,0.6,-,9.0,SCM/SKD/SUS,,Alloy / stainless steels,14400,144.0,0.008,0.6,https://www.ns-tool.com/ja/products/webcatalog/data/MHR230/MHR230_S.xlsx,,日進工具 公式切削条件参考表(XLSX)。深リブ・溝加工条件のためae=工具径として登録。カタログ※1に基づき合金鋼・ステンレス鋼は回転数・送り80%換算。
NS TOOL,MHR230,無限コーティング 2枚刃ロングネックエンドミル（深リブ用） MHR230,SQUARE,MHR230 φ0.6x9,0.6,-,9.0,NAK55/NAK80/HPM1,~43HRC,Prehardened steels,15000,110.0,0.005,0.6,https://www.ns-tool.com/ja/products/webcatalog/data/MHR230/MHR230_S.xlsx,,日進工具 公式切削条件参考表(XLSX)。深リブ・溝加工条件のためae=工具径として登録。
NS TOOL,MHR230,無限コーティング 2枚刃ロングネックエンドミル（深リブ用） MHR230,SQUARE,MHR230 φ0.6x9,0.6,-,9.0,銅・アルミニウム合金,,Copper / aluminum alloys,20000,200.0,0.009,0.6,https://www.ns-tool.com/ja/products/webcatalog/data/MHR230/MHR230_S.xlsx,,日進工具 公式切削条件参考表(XLSX)。深リブ・溝加工条件のためae=工具径として登録。
NS TOOL,MHR230,無限コーティング 2枚刃ロングネックエンドミル（深リブ用） MHR230,SQUARE,MHR230 φ0.6x10,0.6,-,10.0,S50C,,Carbon steels,16000,150.0,0.005,0.6,https://www.ns-tool.com/ja/products/webcatalog/data/MHR230/MHR230_S.xlsx,,日進工具 公式切削条件参考表(XLSX)。深リブ・溝加工条件のためae=工具径として登録。
NS TOOL,MHR230,無限コーティング 2枚刃ロングネックエンドミル（深リブ用） MHR230,SQUARE,MHR230 φ0.6x10,0.6,-,10.0,SCM/SKD/SUS,,Alloy / stainless steels,12800,120.0,0.005,0.6,https://www.ns-tool.com/ja/products/webcatalog/data/MHR230/MHR230_S.xlsx,,日進工具 公式切削条件参考表(XLSX)。深リブ・溝加工条件のためae=工具径として登録。カタログ※1に基づき合金鋼・ステンレス鋼は回転数・送り80%換算。
NS TOOL,MHR230,無限コーティング 2枚刃ロングネックエンドミル（深リブ用） MHR230,SQUARE,MHR230 φ0.6x10,0.6,-,10.0,NAK55/NAK80/HPM1,~43HRC,Prehardened steels,14000,100.0,0.003,0.6,https://www.ns-tool.com/ja/products/webcatalog/data/MHR230/MHR230_S.xlsx,,日進工具 公式切削条件参考表(XLSX)。深リブ・溝加工条件のためae=工具径として登録。
NS TOOL,MHR230,無限コーティング 2枚刃ロングネックエンドミル（深リブ用） MHR230,SQUARE,MHR230 φ0.6x10,0.6,-,10.0,銅・アルミニウム合金,,Copper / aluminum alloys,18000,170.0,0.006,0.6,https://www.ns-tool.com/ja/products/webcatalog/data/MHR230/MHR230_S.xlsx,,日進工具 公式切削条件参考表(XLSX)。深リブ・溝加工条件のためae=工具径として登録。
NS TOOL,MHR230,無限コーティング 2枚刃ロングネックエンドミル（深リブ用） MHR230,SQUARE,MHR230 φ0.6x12,0.6,-,12.0,S50C,,Carbon steels,14000,120.0,0.003,0.6,https://www.ns-tool.com/ja/products/webcatalog/data/MHR230/MHR230_S.xlsx,,日進工具 公式切削条件参考表(XLSX)。深リブ・溝加工条件のためae=工具径として登録。
NS TOOL,MHR230,無限コーティング 2枚刃ロングネックエンドミル（深リブ用） MHR230,SQUARE,MHR230 φ0.6x12,0.6,-,12.0,SCM/SKD/SUS,,Alloy / stainless steels,11200,96.0,0.003,0.6,https://www.ns-tool.com/ja/products/webcatalog/data/MHR230/MHR230_S.xlsx,,日進工具 公式切削条件参考表(XLSX)。深リブ・溝加工条件のためae=工具径として登録。カタログ※1に基づき合金鋼・ステンレス鋼は回転数・送り80%換算。
NS TOOL,MHR230,無限コーティング 2枚刃ロングネックエンドミル（深リブ用） MHR230,SQUARE,MHR230 φ0.6x12,0.6,-,12.0,NAK55/NAK80/HPM1,~43HRC,Prehardened steels,12000,80.0,0.002,0.6,https://www.ns-tool.com/ja/products/webcatalog/data/MHR230/MHR230_S.xlsx,,日進工具 公式切削条件参考表(XLSX)。深リブ・溝加工条件のためae=工具径として登録。
NS TOOL,MHR230,無限コーティング 2枚刃ロングネックエンドミル（深リブ用） MHR230,SQUARE,MHR230 φ0.6x12,0.6,-,12.0,銅・アルミニウム合金,,Copper / aluminum alloys,16000,130.0,0.003,0.6,https://www.ns-tool.com/ja/products/webcatalog/data/MHR230/MHR230_S.xlsx,,日進工具 公式切削条件参考表(XLSX)。深リブ・溝加工条件のためae=工具径として登録。
NS TOOL,MHR230,無限コーティング 2枚刃ロングネックエンドミル（深リブ用） MHR230,SQUARE,MHR230 φ0.6x15,0.6,-,15.0,S50C,,Carbon steels,14000,90.0,0.002,0.6,https://www.ns-tool.com/ja/products/webcatalog/data/MHR230/MHR230_S.xlsx,,日進工具 公式切削条件参考表(XLSX)。深リブ・溝加工条件のためae=工具径として登録。
NS TOOL,MHR230,無限コーティング 2枚刃ロングネックエンドミル（深リブ用） MHR230,SQUARE,MHR230 φ0.6x15,0.6,-,15.0,SCM/SKD/SUS,,Alloy / stainless steels,11200,72.0,0.002,0.6,https://www.ns-tool.com/ja/products/webcatalog/data/MHR230/MHR230_S.xlsx,,日進工具 公式切削条件参考表(XLSX)。深リブ・溝加工条件のためae=工具径として登録。カタログ※1に基づき合金鋼・ステンレス鋼は回転数・送り80%換算。
NS TOOL,MHR230,無限コーティング 2枚刃ロングネックエンドミル（深リブ用） MHR230,SQUARE,MHR230 φ0.6x15,0.6,-,15.0,NAK55/NAK80/HPM1,~43HRC,Prehardened steels,12000,60.0,0.002,0.6,https://www.ns-tool.com/ja/products/webcatalog/data/MHR230/MHR230_S.xlsx,,日進工具 公式切削条件参考表(XLSX)。深リブ・溝加工条件のためae=工具径として登録。
NS TOOL,MHR230,無限コーティング 2枚刃ロングネックエンドミル（深リブ用） MHR230,SQUARE,MHR230 φ0.6x15,0.6,-,15.0,銅・アルミニウム合金,,Copper / aluminum alloys,16000,100.0,0.002,0.6,https://www.ns-tool.com/ja/products/webcatalog/data/MHR230/MHR230_S.xlsx,,日進工具 公式切削条件参考表(XLSX)。深リブ・溝加工条件のためae=工具径として登録。
NS TOOL,MHR230,無限コーティング 2枚刃ロングネックエンドミル（深リブ用） MHR230,SQUARE,MHR230 φ0.6x18,0.6,-,18.0,S50C,,Carbon steels,14000,60.0,0.002,0.6,https://www.ns-tool.com/ja/products/webcatalog/data/MHR230/MHR230_S.xlsx,,日進工具 公式切削条件参考表(XLSX)。深リブ・溝加工条件のためae=工具径として登録。
NS TOOL,MHR230,無限コーティング 2枚刃ロングネックエンドミル（深リブ用） MHR230,SQUARE,MHR230 φ0.6x18,0.6,-,18.0,SCM/SKD/SUS,,Alloy / stainless steels,11200,48.0,0.002,0.6,https://www.ns-tool.com/ja/products/webcatalog/data/MHR230/MHR230_S.xlsx,,日進工具 公式切削条件参考表(XLSX)。深リブ・溝加工条件のためae=工具径として登録。カタログ※1に基づき合金鋼・ステンレス鋼は回転数・送り80%換算。
NS TOOL,MHR230,無限コーティング 2枚刃ロングネックエンドミル（深リブ用） MHR230,SQUARE,MHR230 φ0.6x18,0.6,-,18.0,NAK55/NAK80/HPM1,~43HRC,Prehardened steels,12000,40.0,0.002,0.6,https://www.ns-tool.com/ja/products/webcatalog/data/MHR230/MHR230_S.xlsx,,日進工具 公式切削条件参考表(XLSX)。深リブ・溝加工条件のためae=工具径として登録。
NS TOOL,MHR230,無限コーティング 2枚刃ロングネックエンドミル（深リブ用） MHR230,SQUARE,MHR230 φ0.6x18,0.6,-,18.0,銅・アルミニウム合金,,Copper / aluminum alloys,16000,70.0,0.002,0.6,https://www.ns-tool.com/ja/products/webcatalog/data/MHR230/MHR230_S.xlsx,,日進工具 公式切削条件参考表(XLSX)。深リブ・溝加工条件のためae=工具径として登録。
NS TOOL,MHR230,無限コーティング 2枚刃ロングネックエンドミル（深リブ用） MHR230,SQUARE,MHR230 φ0.7x2,0.7,-,2.0,S50C,,Carbon steels,30000,650.0,0.04,0.7,https://www.ns-tool.com/ja/products/webcatalog/data/MHR230/MHR230_S.xlsx,,日進工具 公式切削条件参考表(XLSX)。深リブ・溝加工条件のためae=工具径として登録。
NS TOOL,MHR230,無限コーティング 2枚刃ロングネックエンドミル（深リブ用） MHR230,SQUARE,MHR230 φ0.7x2,0.7,-,2.0,SCM/SKD/SUS,,Alloy / stainless steels,24000,520.0,0.04,0.7,https://www.ns-tool.com/ja/products/webcatalog/data/MHR230/MHR230_S.xlsx,,日進工具 公式切削条件参考表(XLSX)。深リブ・溝加工条件のためae=工具径として登録。カタログ※1に基づき合金鋼・ステンレス鋼は回転数・送り80%換算。
NS TOOL,MHR230,無限コーティング 2枚刃ロングネックエンドミル（深リブ用） MHR230,SQUARE,MHR230 φ0.7x2,0.7,-,2.0,NAK55/NAK80/HPM1,~43HRC,Prehardened steels,25000,400.0,0.03,0.7,https://www.ns-tool.com/ja/products/webcatalog/data/MHR230/MHR230_S.xlsx,,日進工具 公式切削条件参考表(XLSX)。深リブ・溝加工条件のためae=工具径として登録。
NS TOOL,MHR230,無限コーティング 2枚刃ロングネックエンドミル（深リブ用） MHR230,SQUARE,MHR230 φ0.7x2,0.7,-,2.0,銅・アルミニウム合金,,Copper / aluminum alloys,35000,750.0,0.05,0.7,https://www.ns-tool.com/ja/products/webcatalog/data/MHR230/MHR230_S.xlsx,,日進工具 公式切削条件参考表(XLSX)。深リブ・溝加工条件のためae=工具径として登録。
NS TOOL,MHR230,無限コーティング 2枚刃ロングネックエンドミル（深リブ用） MHR230,SQUARE,MHR230 φ0.7x4,0.7,-,4.0,S50C,,Carbon steels,25000,500.0,0.03,0.7,https://www.ns-tool.com/ja/products/webcatalog/data/MHR230/MHR230_S.xlsx,,日進工具 公式切削条件参考表(XLSX)。深リブ・溝加工条件のためae=工具径として登録。
NS TOOL,MHR230,無限コーティング 2枚刃ロングネックエンドミル（深リブ用） MHR230,SQUARE,MHR230 φ0.7x4,0.7,-,4.0,SCM/SKD/SUS,,Alloy / stainless steels,20000,400.0,0.03,0.7,https://www.ns-tool.com/ja/products/webcatalog/data/MHR230/MHR230_S.xlsx,,日進工具 公式切削条件参考表(XLSX)。深リブ・溝加工条件のためae=工具径として登録。カタログ※1に基づき合金鋼・ステンレス鋼は回転数・送り80%換算。
NS TOOL,MHR230,無限コーティング 2枚刃ロングネックエンドミル（深リブ用） MHR230,SQUARE,MHR230 φ0.7x4,0.7,-,4.0,NAK55/NAK80/HPM1,~43HRC,Prehardened steels,22000,330.0,0.02,0.7,https://www.ns-tool.com/ja/products/webcatalog/data/MHR230/MHR230_S.xlsx,,日進工具 公式切削条件参考表(XLSX)。深リブ・溝加工条件のためae=工具径として登録。
NS TOOL,MHR230,無限コーティング 2枚刃ロングネックエンドミル（深リブ用） MHR230,SQUARE,MHR230 φ0.7x4,0.7,-,4.0,銅・アルミニウム合金,,Copper / aluminum alloys,30000,600.0,0.04,0.7,https://www.ns-tool.com/ja/products/webcatalog/data/MHR230/MHR230_S.xlsx,,日進工具 公式切削条件参考表(XLSX)。深リブ・溝加工条件のためae=工具径として登録。
NS TOOL,MHR230,無限コーティング 2枚刃ロングネックエンドミル（深リブ用） MHR230,SQUARE,MHR230 φ0.7x6,0.7,-,6.0,S50C,,Carbon steels,20000,350.0,0.02,0.7,https://www.ns-tool.com/ja/products/webcatalog/data/MHR230/MHR230_S.xlsx,,日進工具 公式切削条件参考表(XLSX)。深リブ・溝加工条件のためae=工具径として登録。
NS TOOL,MHR230,無限コーティング 2枚刃ロングネックエンドミル（深リブ用） MHR230,SQUARE,MHR230 φ0.7x6,0.7,-,6.0,SCM/SKD/SUS,,Alloy / stainless steels,16000,280.0,0.02,0.7,https://www.ns-tool.com/ja/products/webcatalog/data/MHR230/MHR230_S.xlsx,,日進工具 公式切削条件参考表(XLSX)。深リブ・溝加工条件のためae=工具径として登録。カタログ※1に基づき合金鋼・ステンレス鋼は回転数・送り80%換算。
NS TOOL,MHR230,無限コーティング 2枚刃ロングネックエンドミル（深リブ用） MHR230,SQUARE,MHR230 φ0.7x6,0.7,-,6.0,NAK55/NAK80/HPM1,~43HRC,Prehardened steels,18000,240.0,0.015,0.7,https://www.ns-tool.com/ja/products/webcatalog/data/MHR230/MHR230_S.xlsx,,日進工具 公式切削条件参考表(XLSX)。深リブ・溝加工条件のためae=工具径として登録。
NS TOOL,MHR230,無限コーティング 2枚刃ロングネックエンドミル（深リブ用） MHR230,SQUARE,MHR230 φ0.7x6,0.7,-,6.0,銅・アルミニウム合金,,Copper / aluminum alloys,25000,450.0,0.03,0.7,https://www.ns-tool.com/ja/products/webcatalog/data/MHR230/MHR230_S.xlsx,,日進工具 公式切削条件参考表(XLSX)。深リブ・溝加工条件のためae=工具径として登録。
NS TOOL,MHR230,無限コーティング 2枚刃ロングネックエンドミル（深リブ用） MHR230,SQUARE,MHR230 φ0.7x8,0.7,-,8.0,S50C,,Carbon steels,18000,280.0,0.015,0.7,https://www.ns-tool.com/ja/products/webcatalog/data/MHR230/MHR230_S.xlsx,,日進工具 公式切削条件参考表(XLSX)。深リブ・溝加工条件のためae=工具径として登録。
NS TOOL,MHR230,無限コーティング 2枚刃ロングネックエンドミル（深リブ用） MHR230,SQUARE,MHR230 φ0.7x8,0.7,-,8.0,SCM/SKD/SUS,,Alloy / stainless steels,14400,224.0,0.015,0.7,https://www.ns-tool.com/ja/products/webcatalog/data/MHR230/MHR230_S.xlsx,,日進工具 公式切削条件参考表(XLSX)。深リブ・溝加工条件のためae=工具径として登録。カタログ※1に基づき合金鋼・ステンレス鋼は回転数・送り80%換算。
NS TOOL,MHR230,無限コーティング 2枚刃ロングネックエンドミル（深リブ用） MHR230,SQUARE,MHR230 φ0.7x8,0.7,-,8.0,NAK55/NAK80/HPM1,~43HRC,Prehardened steels,15000,180.0,0.01,0.7,https://www.ns-tool.com/ja/products/webcatalog/data/MHR230/MHR230_S.xlsx,,日進工具 公式切削条件参考表(XLSX)。深リブ・溝加工条件のためae=工具径として登録。
NS TOOL,MHR230,無限コーティング 2枚刃ロングネックエンドミル（深リブ用） MHR230,SQUARE,MHR230 φ0.7x8,0.7,-,8.0,銅・アルミニウム合金,,Copper / aluminum alloys,22000,350.0,0.02,0.7,https://www.ns-tool.com/ja/products/webcatalog/data/MHR230/MHR230_S.xlsx,,日進工具 公式切削条件参考表(XLSX)。深リブ・溝加工条件のためae=工具径として登録。
NS TOOL,MHR230,無限コーティング 2枚刃ロングネックエンドミル（深リブ用） MHR230,SQUARE,MHR230 φ0.7x10,0.7,-,10.0,S50C,,Carbon steels,16000,220.0,0.008,0.7,https://www.ns-tool.com/ja/products/webcatalog/data/MHR230/MHR230_S.xlsx,,日進工具 公式切削条件参考表(XLSX)。深リブ・溝加工条件のためae=工具径として登録。
NS TOOL,MHR230,無限コーティング 2枚刃ロングネックエンドミル（深リブ用） MHR230,SQUARE,MHR230 φ0.7x10,0.7,-,10.0,SCM/SKD/SUS,,Alloy / stainless steels,12800,176.0,0.008,0.7,https://www.ns-tool.com/ja/products/webcatalog/data/MHR230/MHR230_S.xlsx,,日進工具 公式切削条件参考表(XLSX)。深リブ・溝加工条件のためae=工具径として登録。カタログ※1に基づき合金鋼・ステンレス鋼は回転数・送り80%換算。
NS TOOL,MHR230,無限コーティング 2枚刃ロングネックエンドミル（深リブ用） MHR230,SQUARE,MHR230 φ0.7x10,0.7,-,10.0,NAK55/NAK80/HPM1,~43HRC,Prehardened steels,14000,150.0,0.005,0.7,https://www.ns-tool.com/ja/products/webcatalog/data/MHR230/MHR230_S.xlsx,,日進工具 公式切削条件参考表(XLSX)。深リブ・溝加工条件のためae=工具径として登録。
NS TOOL,MHR230,無限コーティング 2枚刃ロングネックエンドミル（深リブ用） MHR230,SQUARE,MHR230 φ0.7x10,0.7,-,10.0,銅・アルミニウム合金,,Copper / aluminum alloys,20000,280.0,0.01,0.7,https://www.ns-tool.com/ja/products/webcatalog/data/MHR230/MHR230_S.xlsx,,日進工具 公式切削条件参考表(XLSX)。深リブ・溝加工条件のためae=工具径として登録。
NS TOOL,MHR230,無限コーティング 2枚刃ロングネックエンドミル（深リブ用） MHR230,SQUARE,MHR230 φ0.8x3,0.8,-,3.0,S50C,,Carbon steels,25000,700.0,0.05,0.8,https://www.ns-tool.com/ja/products/webcatalog/data/MHR230/MHR230_S.xlsx,,日進工具 公式切削条件参考表(XLSX)。深リブ・溝加工条件のためae=工具径として登録。
NS TOOL,MHR230,無限コーティング 2枚刃ロングネックエンドミル（深リブ用） MHR230,SQUARE,MHR230 φ0.8x3,0.8,-,3.0,SCM/SKD/SUS,,Alloy / stainless steels,20000,560.0,0.05,0.8,https://www.ns-tool.com/ja/products/webcatalog/data/MHR230/MHR230_S.xlsx,,日進工具 公式切削条件参考表(XLSX)。深リブ・溝加工条件のためae=工具径として登録。カタログ※1に基づき合金鋼・ステンレス鋼は回転数・送り80%換算。
NS TOOL,MHR230,無限コーティング 2枚刃ロングネックエンドミル（深リブ用） MHR230,SQUARE,MHR230 φ0.8x3,0.8,-,3.0,NAK55/NAK80/HPM1,~43HRC,Prehardened steels,22000,500.0,0.03,0.8,https://www.ns-tool.com/ja/products/webcatalog/data/MHR230/MHR230_S.xlsx,,日進工具 公式切削条件参考表(XLSX)。深リブ・溝加工条件のためae=工具径として登録。
NS TOOL,MHR230,無限コーティング 2枚刃ロングネックエンドミル（深リブ用） MHR230,SQUARE,MHR230 φ0.8x3,0.8,-,3.0,銅・アルミニウム合金,,Copper / aluminum alloys,35000,850.0,0.06,0.8,https://www.ns-tool.com/ja/products/webcatalog/data/MHR230/MHR230_S.xlsx,,日進工具 公式切削条件参考表(XLSX)。深リブ・溝加工条件のためae=工具径として登録。
NS TOOL,MHR230,無限コーティング 2枚刃ロングネックエンドミル（深リブ用） MHR230,SQUARE,MHR230 φ0.8x4,0.8,-,4.0,S50C,,Carbon steels,25000,600.0,0.045,0.8,https://www.ns-tool.com/ja/products/webcatalog/data/MHR230/MHR230_S.xlsx,,日進工具 公式切削条件参考表(XLSX)。深リブ・溝加工条件のためae=工具径として登録。
NS TOOL,MHR230,無限コーティング 2枚刃ロングネックエンドミル（深リブ用） MHR230,SQUARE,MHR230 φ0.8x4,0.8,-,4.0,SCM/SKD/SUS,,Alloy / stainless steels,20000,480.0,0.045,0.8,https://www.ns-tool.com/ja/products/webcatalog/data/MHR230/MHR230_S.xlsx,,日進工具 公式切削条件参考表(XLSX)。深リブ・溝加工条件のためae=工具径として登録。カタログ※1に基づき合金鋼・ステンレス鋼は回転数・送り80%換算。
NS TOOL,MHR230,無限コーティング 2枚刃ロングネックエンドミル（深リブ用） MHR230,SQUARE,MHR230 φ0.8x4,0.8,-,4.0,NAK55/NAK80/HPM1,~43HRC,Prehardened steels,22000,400.0,0.03,0.8,https://www.ns-tool.com/ja/products/webcatalog/data/MHR230/MHR230_S.xlsx,,日進工具 公式切削条件参考表(XLSX)。深リブ・溝加工条件のためae=工具径として登録。
NS TOOL,MHR230,無限コーティング 2枚刃ロングネックエンドミル（深リブ用） MHR230,SQUARE,MHR230 φ0.8x4,0.8,-,4.0,銅・アルミニウム合金,,Copper / aluminum alloys,30000,720.0,0.055,0.8,https://www.ns-tool.com/ja/products/webcatalog/data/MHR230/MHR230_S.xlsx,,日進工具 公式切削条件参考表(XLSX)。深リブ・溝加工条件のためae=工具径として登録。
NS TOOL,MHR230,無限コーティング 2枚刃ロングネックエンドミル（深リブ用） MHR230,SQUARE,MHR230 φ0.8x5,0.8,-,5.0,S50C,,Carbon steels,22000,500.0,0.035,0.8,https://www.ns-tool.com/ja/products/webcatalog/data/MHR230/MHR230_S.xlsx,,日進工具 公式切削条件参考表(XLSX)。深リブ・溝加工条件のためae=工具径として登録。
NS TOOL,MHR230,無限コーティング 2枚刃ロングネックエンドミル（深リブ用） MHR230,SQUARE,MHR230 φ0.8x5,0.8,-,5.0,SCM/SKD/SUS,,Alloy / stainless steels,17600,400.0,0.035,0.8,https://www.ns-tool.com/ja/products/webcatalog/data/MHR230/MHR230_S.xlsx,,日進工具 公式切削条件参考表(XLSX)。深リブ・溝加工条件のためae=工具径として登録。カタログ※1に基づき合金鋼・ステンレス鋼は回転数・送り80%換算。
NS TOOL,MHR230,無限コーティング 2枚刃ロングネックエンドミル（深リブ用） MHR230,SQUARE,MHR230 φ0.8x5,0.8,-,5.0,NAK55/NAK80/HPM1,~43HRC,Prehardened steels,20000,350.0,0.025,0.8,https://www.ns-tool.com/ja/products/webcatalog/data/MHR230/MHR230_S.xlsx,,日進工具 公式切削条件参考表(XLSX)。深リブ・溝加工条件のためae=工具径として登録。
NS TOOL,MHR230,無限コーティング 2枚刃ロングネックエンドミル（深リブ用） MHR230,SQUARE,MHR230 φ0.8x5,0.8,-,5.0,銅・アルミニウム合金,,Copper / aluminum alloys,30000,650.0,0.05,0.8,https://www.ns-tool.com/ja/products/webcatalog/data/MHR230/MHR230_S.xlsx,,日進工具 公式切削条件参考表(XLSX)。深リブ・溝加工条件のためae=工具径として登録。
NS TOOL,MHR230,無限コーティング 2枚刃ロングネックエンドミル（深リブ用） MHR230,SQUARE,MHR230 φ0.8x6,0.8,-,6.0,S50C,,Carbon steels,20000,450.0,0.03,0.8,https://www.ns-tool.com/ja/products/webcatalog/data/MHR230/MHR230_S.xlsx,,日進工具 公式切削条件参考表(XLSX)。深リブ・溝加工条件のためae=工具径として登録。
NS TOOL,MHR230,無限コーティング 2枚刃ロングネックエンドミル（深リブ用） MHR230,SQUARE,MHR230 φ0.8x6,0.8,-,6.0,SCM/SKD/SUS,,Alloy / stainless steels,16000,360.0,0.03,0.8,https://www.ns-tool.com/ja/products/webcatalog/data/MHR230/MHR230_S.xlsx,,日進工具 公式切削条件参考表(XLSX)。深リブ・溝加工条件のためae=工具径として登録。カタログ※1に基づき合金鋼・ステンレス鋼は回転数・送り80%換算。
NS TOOL,MHR230,無限コーティング 2枚刃ロングネックエンドミル（深リブ用） MHR230,SQUARE,MHR230 φ0.8x6,0.8,-,6.0,NAK55/NAK80/HPM1,~43HRC,Prehardened steels,18000,300.0,0.02,0.8,https://www.ns-tool.com/ja/products/webcatalog/data/MHR230/MHR230_S.xlsx,,日進工具 公式切削条件参考表(XLSX)。深リブ・溝加工条件のためae=工具径として登録。
NS TOOL,MHR230,無限コーティング 2枚刃ロングネックエンドミル（深リブ用） MHR230,SQUARE,MHR230 φ0.8x6,0.8,-,6.0,銅・アルミニウム合金,,Copper / aluminum alloys,25000,560.0,0.04,0.8,https://www.ns-tool.com/ja/products/webcatalog/data/MHR230/MHR230_S.xlsx,,日進工具 公式切削条件参考表(XLSX)。深リブ・溝加工条件のためae=工具径として登録。
NS TOOL,MHR230,無限コーティング 2枚刃ロングネックエンドミル（深リブ用） MHR230,SQUARE,MHR230 φ0.8x8,0.8,-,8.0,S50C,,Carbon steels,18000,350.0,0.02,0.8,https://www.ns-tool.com/ja/products/webcatalog/data/MHR230/MHR230_S.xlsx,,日進工具 公式切削条件参考表(XLSX)。深リブ・溝加工条件のためae=工具径として登録。
NS TOOL,MHR230,無限コーティング 2枚刃ロングネックエンドミル（深リブ用） MHR230,SQUARE,MHR230 φ0.8x8,0.8,-,8.0,SCM/SKD/SUS,,Alloy / stainless steels,14400,280.0,0.02,0.8,https://www.ns-tool.com/ja/products/webcatalog/data/MHR230/MHR230_S.xlsx,,日進工具 公式切削条件参考表(XLSX)。深リブ・溝加工条件のためae=工具径として登録。カタログ※1に基づき合金鋼・ステンレス鋼は回転数・送り80%換算。
NS TOOL,MHR230,無限コーティング 2枚刃ロングネックエンドミル（深リブ用） MHR230,SQUARE,MHR230 φ0.8x8,0.8,-,8.0,NAK55/NAK80/HPM1,~43HRC,Prehardened steels,15000,240.0,0.015,0.8,https://www.ns-tool.com/ja/products/webcatalog/data/MHR230/MHR230_S.xlsx,,日進工具 公式切削条件参考表(XLSX)。深リブ・溝加工条件のためae=工具径として登録。
NS TOOL,MHR230,無限コーティング 2枚刃ロングネックエンドミル（深リブ用） MHR230,SQUARE,MHR230 φ0.8x8,0.8,-,8.0,銅・アルミニウム合金,,Copper / aluminum alloys,22000,430.0,0.025,0.8,https://www.ns-tool.com/ja/products/webcatalog/data/MHR230/MHR230_S.xlsx,,日進工具 公式切削条件参考表(XLSX)。深リブ・溝加工条件のためae=工具径として登録。
NS TOOL,MHR230,無限コーティング 2枚刃ロングネックエンドミル（深リブ用） MHR230,SQUARE,MHR230 φ0.8x10,0.8,-,10.0,S50C,,Carbon steels,16000,300.0,0.01,0.8,https://www.ns-tool.com/ja/products/webcatalog/data/MHR230/MHR230_S.xlsx,,日進工具 公式切削条件参考表(XLSX)。深リブ・溝加工条件のためae=工具径として登録。
NS TOOL,MHR230,無限コーティング 2枚刃ロングネックエンドミル（深リブ用） MHR230,SQUARE,MHR230 φ0.8x10,0.8,-,10.0,SCM/SKD/SUS,,Alloy / stainless steels,12800,240.0,0.01,0.8,https://www.ns-tool.com/ja/products/webcatalog/data/MHR230/MHR230_S.xlsx,,日進工具 公式切削条件参考表(XLSX)。深リブ・溝加工条件のためae=工具径として登録。カタログ※1に基づき合金鋼・ステンレス鋼は回転数・送り80%換算。
NS TOOL,MHR230,無限コーティング 2枚刃ロングネックエンドミル（深リブ用） MHR230,SQUARE,MHR230 φ0.8x10,0.8,-,10.0,NAK55/NAK80/HPM1,~43HRC,Prehardened steels,14000,200.0,0.007,0.8,https://www.ns-tool.com/ja/products/webcatalog/data/MHR230/MHR230_S.xlsx,,日進工具 公式切削条件参考表(XLSX)。深リブ・溝加工条件のためae=工具径として登録。
NS TOOL,MHR230,無限コーティング 2枚刃ロングネックエンドミル（深リブ用） MHR230,SQUARE,MHR230 φ0.8x10,0.8,-,10.0,銅・アルミニウム合金,,Copper / aluminum alloys,20000,380.0,0.012,0.8,https://www.ns-tool.com/ja/products/webcatalog/data/MHR230/MHR230_S.xlsx,,日進工具 公式切削条件参考表(XLSX)。深リブ・溝加工条件のためae=工具径として登録。
NS TOOL,MHR230,無限コーティング 2枚刃ロングネックエンドミル（深リブ用） MHR230,SQUARE,MHR230 φ0.8x12,0.8,-,12.0,S50C,,Carbon steels,14000,250.0,0.008,0.8,https://www.ns-tool.com/ja/products/webcatalog/data/MHR230/MHR230_S.xlsx,,日進工具 公式切削条件参考表(XLSX)。深リブ・溝加工条件のためae=工具径として登録。
NS TOOL,MHR230,無限コーティング 2枚刃ロングネックエンドミル（深リブ用） MHR230,SQUARE,MHR230 φ0.8x12,0.8,-,12.0,SCM/SKD/SUS,,Alloy / stainless steels,11200,200.0,0.008,0.8,https://www.ns-tool.com/ja/products/webcatalog/data/MHR230/MHR230_S.xlsx,,日進工具 公式切削条件参考表(XLSX)。深リブ・溝加工条件のためae=工具径として登録。カタログ※1に基づき合金鋼・ステンレス鋼は回転数・送り80%換算。
NS TOOL,MHR230,無限コーティング 2枚刃ロングネックエンドミル（深リブ用） MHR230,SQUARE,MHR230 φ0.8x12,0.8,-,12.0,NAK55/NAK80/HPM1,~43HRC,Prehardened steels,12000,170.0,0.005,0.8,https://www.ns-tool.com/ja/products/webcatalog/data/MHR230/MHR230_S.xlsx,,日進工具 公式切削条件参考表(XLSX)。深リブ・溝加工条件のためae=工具径として登録。
NS TOOL,MHR230,無限コーティング 2枚刃ロングネックエンドミル（深リブ用） MHR230,SQUARE,MHR230 φ0.8x12,0.8,-,12.0,銅・アルミニウム合金,,Copper / aluminum alloys,16000,290.0,0.01,0.8,https://www.ns-tool.com/ja/products/webcatalog/data/MHR230/MHR230_S.xlsx,,日進工具 公式切削条件参考表(XLSX)。深リブ・溝加工条件のためae=工具径として登録。
NS TOOL,MHR230,無限コーティング 2枚刃ロングネックエンドミル（深リブ用） MHR230,SQUARE,MHR230 φ0.8x14,0.8,-,14.0,S50C,,Carbon steels,12000,200.0,0.005,0.8,https://www.ns-tool.com/ja/products/webcatalog/data/MHR230/MHR230_S.xlsx,,日進工具 公式切削条件参考表(XLSX)。深リブ・溝加工条件のためae=工具径として登録。
NS TOOL,MHR230,無限コーティング 2枚刃ロングネックエンドミル（深リブ用） MHR230,SQUARE,MHR230 φ0.8x14,0.8,-,14.0,SCM/SKD/SUS,,Alloy / stainless steels,9600,160.0,0.005,0.8,https://www.ns-tool.com/ja/products/webcatalog/data/MHR230/MHR230_S.xlsx,,日進工具 公式切削条件参考表(XLSX)。深リブ・溝加工条件のためae=工具径として登録。カタログ※1に基づき合金鋼・ステンレス鋼は回転数・送り80%換算。
NS TOOL,MHR230,無限コーティング 2枚刃ロングネックエンドミル（深リブ用） MHR230,SQUARE,MHR230 φ0.8x14,0.8,-,14.0,NAK55/NAK80/HPM1,~43HRC,Prehardened steels,10000,140.0,0.003,0.8,https://www.ns-tool.com/ja/products/webcatalog/data/MHR230/MHR230_S.xlsx,,日進工具 公式切削条件参考表(XLSX)。深リブ・溝加工条件のためae=工具径として登録。
NS TOOL,MHR230,無限コーティング 2枚刃ロングネックエンドミル（深リブ用） MHR230,SQUARE,MHR230 φ0.8x14,0.8,-,14.0,銅・アルミニウム合金,,Copper / aluminum alloys,14000,230.0,0.006,0.8,https://www.ns-tool.com/ja/products/webcatalog/data/MHR230/MHR230_S.xlsx,,日進工具 公式切削条件参考表(XLSX)。深リブ・溝加工条件のためae=工具径として登録。
NS TOOL,MHR230,無限コーティング 2枚刃ロングネックエンドミル（深リブ用） MHR230,SQUARE,MHR230 φ0.8x16,0.8,-,16.0,S50C,,Carbon steels,12000,150.0,0.003,0.8,https://www.ns-tool.com/ja/products/webcatalog/data/MHR230/MHR230_S.xlsx,,日進工具 公式切削条件参考表(XLSX)。深リブ・溝加工条件のためae=工具径として登録。
NS TOOL,MHR230,無限コーティング 2枚刃ロングネックエンドミル（深リブ用） MHR230,SQUARE,MHR230 φ0.8x16,0.8,-,16.0,SCM/SKD/SUS,,Alloy / stainless steels,9600,120.0,0.003,0.8,https://www.ns-tool.com/ja/products/webcatalog/data/MHR230/MHR230_S.xlsx,,日進工具 公式切削条件参考表(XLSX)。深リブ・溝加工条件のためae=工具径として登録。カタログ※1に基づき合金鋼・ステンレス鋼は回転数・送り80%換算。
NS TOOL,MHR230,無限コーティング 2枚刃ロングネックエンドミル（深リブ用） MHR230,SQUARE,MHR230 φ0.8x16,0.8,-,16.0,NAK55/NAK80/HPM1,~43HRC,Prehardened steels,10000,110.0,0.002,0.8,https://www.ns-tool.com/ja/products/webcatalog/data/MHR230/MHR230_S.xlsx,,日進工具 公式切削条件参考表(XLSX)。深リブ・溝加工条件のためae=工具径として登録。
NS TOOL,MHR230,無限コーティング 2枚刃ロングネックエンドミル（深リブ用） MHR230,SQUARE,MHR230 φ0.8x16,0.8,-,16.0,銅・アルミニウム合金,,Copper / aluminum alloys,14000,170.0,0.003,0.8,https://www.ns-tool.com/ja/products/webcatalog/data/MHR230/MHR230_S.xlsx,,日進工具 公式切削条件参考表(XLSX)。深リブ・溝加工条件のためae=工具径として登録。
NS TOOL,MHR230,無限コーティング 2枚刃ロングネックエンドミル（深リブ用） MHR230,SQUARE,MHR230 φ0.8x20,0.8,-,20.0,S50C,,Carbon steels,12000,120.0,0.002,0.8,https://www.ns-tool.com/ja/products/webcatalog/data/MHR230/MHR230_S.xlsx,,日進工具 公式切削条件参考表(XLSX)。深リブ・溝加工条件のためae=工具径として登録。
NS TOOL,MHR230,無限コーティング 2枚刃ロングネックエンドミル（深リブ用） MHR230,SQUARE,MHR230 φ0.8x20,0.8,-,20.0,SCM/SKD/SUS,,Alloy / stainless steels,9600,96.0,0.002,0.8,https://www.ns-tool.com/ja/products/webcatalog/data/MHR230/MHR230_S.xlsx,,日進工具 公式切削条件参考表(XLSX)。深リブ・溝加工条件のためae=工具径として登録。カタログ※1に基づき合金鋼・ステンレス鋼は回転数・送り80%換算。
NS TOOL,MHR230,無限コーティング 2枚刃ロングネックエンドミル（深リブ用） MHR230,SQUARE,MHR230 φ0.8x20,0.8,-,20.0,NAK55/NAK80/HPM1,~43HRC,Prehardened steels,10000,80.0,0.002,0.8,https://www.ns-tool.com/ja/products/webcatalog/data/MHR230/MHR230_S.xlsx,,日進工具 公式切削条件参考表(XLSX)。深リブ・溝加工条件のためae=工具径として登録。
NS TOOL,MHR230,無限コーティング 2枚刃ロングネックエンドミル（深リブ用） MHR230,SQUARE,MHR230 φ0.8x20,0.8,-,20.0,銅・アルミニウム合金,,Copper / aluminum alloys,14000,140.0,0.002,0.8,https://www.ns-tool.com/ja/products/webcatalog/data/MHR230/MHR230_S.xlsx,,日進工具 公式切削条件参考表(XLSX)。深リブ・溝加工条件のためae=工具径として登録。
NS TOOL,MHR230,無限コーティング 2枚刃ロングネックエンドミル（深リブ用） MHR230,SQUARE,MHR230 φ0.8x24,0.8,-,24.0,S50C,,Carbon steels,12000,80.0,0.002,0.8,https://www.ns-tool.com/ja/products/webcatalog/data/MHR230/MHR230_S.xlsx,,日進工具 公式切削条件参考表(XLSX)。深リブ・溝加工条件のためae=工具径として登録。
NS TOOL,MHR230,無限コーティング 2枚刃ロングネックエンドミル（深リブ用） MHR230,SQUARE,MHR230 φ0.8x24,0.8,-,24.0,SCM/SKD/SUS,,Alloy / stainless steels,9600,64.0,0.002,0.8,https://www.ns-tool.com/ja/products/webcatalog/data/MHR230/MHR230_S.xlsx,,日進工具 公式切削条件参考表(XLSX)。深リブ・溝加工条件のためae=工具径として登録。カタログ※1に基づき合金鋼・ステンレス鋼は回転数・送り80%換算。
NS TOOL,MHR230,無限コーティング 2枚刃ロングネックエンドミル（深リブ用） MHR230,SQUARE,MHR230 φ0.8x24,0.8,-,24.0,NAK55/NAK80/HPM1,~43HRC,Prehardened steels,10000,50.0,0.002,0.8,https://www.ns-tool.com/ja/products/webcatalog/data/MHR230/MHR230_S.xlsx,,日進工具 公式切削条件参考表(XLSX)。深リブ・溝加工条件のためae=工具径として登録。
NS TOOL,MHR230,無限コーティング 2枚刃ロングネックエンドミル（深リブ用） MHR230,SQUARE,MHR230 φ0.8x24,0.8,-,24.0,銅・アルミニウム合金,,Copper / aluminum alloys,14000,90.0,0.002,0.8,https://www.ns-tool.com/ja/products/webcatalog/data/MHR230/MHR230_S.xlsx,,日進工具 公式切削条件参考表(XLSX)。深リブ・溝加工条件のためae=工具径として登録。
NS TOOL,MHR230,無限コーティング 2枚刃ロングネックエンドミル（深リブ用） MHR230,SQUARE,MHR230 φ0.9x4,0.9,-,4.0,S50C,,Carbon steels,25000,900.0,0.05,0.9,https://www.ns-tool.com/ja/products/webcatalog/data/MHR230/MHR230_S.xlsx,,日進工具 公式切削条件参考表(XLSX)。深リブ・溝加工条件のためae=工具径として登録。
NS TOOL,MHR230,無限コーティング 2枚刃ロングネックエンドミル（深リブ用） MHR230,SQUARE,MHR230 φ0.9x4,0.9,-,4.0,SCM/SKD/SUS,,Alloy / stainless steels,20000,720.0,0.05,0.9,https://www.ns-tool.com/ja/products/webcatalog/data/MHR230/MHR230_S.xlsx,,日進工具 公式切削条件参考表(XLSX)。深リブ・溝加工条件のためae=工具径として登録。カタログ※1に基づき合金鋼・ステンレス鋼は回転数・送り80%換算。
NS TOOL,MHR230,無限コーティング 2枚刃ロングネックエンドミル（深リブ用） MHR230,SQUARE,MHR230 φ0.9x4,0.9,-,4.0,NAK55/NAK80/HPM1,~43HRC,Prehardened steels,22000,600.0,0.035,0.9,https://www.ns-tool.com/ja/products/webcatalog/data/MHR230/MHR230_S.xlsx,,日進工具 公式切削条件参考表(XLSX)。深リブ・溝加工条件のためae=工具径として登録。
NS TOOL,MHR230,無限コーティング 2枚刃ロングネックエンドミル（深リブ用） MHR230,SQUARE,MHR230 φ0.9x4,0.9,-,4.0,銅・アルミニウム合金,,Copper / aluminum alloys,30000,1000.0,0.06,0.9,https://www.ns-tool.com/ja/products/webcatalog/data/MHR230/MHR230_S.xlsx,,日進工具 公式切削条件参考表(XLSX)。深リブ・溝加工条件のためae=工具径として登録。
NS TOOL,MHR230,無限コーティング 2枚刃ロングネックエンドミル（深リブ用） MHR230,SQUARE,MHR230 φ0.9x6,0.9,-,6.0,S50C,,Carbon steels,20000,600.0,0.04,0.9,https://www.ns-tool.com/ja/products/webcatalog/data/MHR230/MHR230_S.xlsx,,日進工具 公式切削条件参考表(XLSX)。深リブ・溝加工条件のためae=工具径として登録。
NS TOOL,MHR230,無限コーティング 2枚刃ロングネックエンドミル（深リブ用） MHR230,SQUARE,MHR230 φ0.9x6,0.9,-,6.0,SCM/SKD/SUS,,Alloy / stainless steels,16000,480.0,0.04,0.9,https://www.ns-tool.com/ja/products/webcatalog/data/MHR230/MHR230_S.xlsx,,日進工具 公式切削条件参考表(XLSX)。深リブ・溝加工条件のためae=工具径として登録。カタログ※1に基づき合金鋼・ステンレス鋼は回転数・送り80%換算。
NS TOOL,MHR230,無限コーティング 2枚刃ロングネックエンドミル（深リブ用） MHR230,SQUARE,MHR230 φ0.9x6,0.9,-,6.0,NAK55/NAK80/HPM1,~43HRC,Prehardened steels,18000,400.0,0.03,0.9,https://www.ns-tool.com/ja/products/webcatalog/data/MHR230/MHR230_S.xlsx,,日進工具 公式切削条件参考表(XLSX)。深リブ・溝加工条件のためae=工具径として登録。
NS TOOL,MHR230,無限コーティング 2枚刃ロングネックエンドミル（深リブ用） MHR230,SQUARE,MHR230 φ0.9x6,0.9,-,6.0,銅・アルミニウム合金,,Copper / aluminum alloys,25000,750.0,0.05,0.9,https://www.ns-tool.com/ja/products/webcatalog/data/MHR230/MHR230_S.xlsx,,日進工具 公式切削条件参考表(XLSX)。深リブ・溝加工条件のためae=工具径として登録。
NS TOOL,MHR230,無限コーティング 2枚刃ロングネックエンドミル（深リブ用） MHR230,SQUARE,MHR230 φ0.9x8,0.9,-,8.0,S50C,,Carbon steels,18000,500.0,0.03,0.9,https://www.ns-tool.com/ja/products/webcatalog/data/MHR230/MHR230_S.xlsx,,日進工具 公式切削条件参考表(XLSX)。深リブ・溝加工条件のためae=工具径として登録。
NS TOOL,MHR230,無限コーティング 2枚刃ロングネックエンドミル（深リブ用） MHR230,SQUARE,MHR230 φ0.9x8,0.9,-,8.0,SCM/SKD/SUS,,Alloy / stainless steels,14400,400.0,0.03,0.9,https://www.ns-tool.com/ja/products/webcatalog/data/MHR230/MHR230_S.xlsx,,日進工具 公式切削条件参考表(XLSX)。深リブ・溝加工条件のためae=工具径として登録。カタログ※1に基づき合金鋼・ステンレス鋼は回転数・送り80%換算。
NS TOOL,MHR230,無限コーティング 2枚刃ロングネックエンドミル（深リブ用） MHR230,SQUARE,MHR230 φ0.9x8,0.9,-,8.0,NAK55/NAK80/HPM1,~43HRC,Prehardened steels,16000,330.0,0.02,0.9,https://www.ns-tool.com/ja/products/webcatalog/data/MHR230/MHR230_S.xlsx,,日進工具 公式切削条件参考表(XLSX)。深リブ・溝加工条件のためae=工具径として登録。
NS TOOL,MHR230,無限コーティング 2枚刃ロングネックエンドミル（深リブ用） MHR230,SQUARE,MHR230 φ0.9x8,0.9,-,8.0,銅・アルミニウム合金,,Copper / aluminum alloys,22000,620.0,0.04,0.9,https://www.ns-tool.com/ja/products/webcatalog/data/MHR230/MHR230_S.xlsx,,日進工具 公式切削条件参考表(XLSX)。深リブ・溝加工条件のためae=工具径として登録。
NS TOOL,MHR230,無限コーティング 2枚刃ロングネックエンドミル（深リブ用） MHR230,SQUARE,MHR230 φ0.9x10,0.9,-,10.0,S50C,,Carbon steels,16000,400.0,0.02,0.9,https://www.ns-tool.com/ja/products/webcatalog/data/MHR230/MHR230_S.xlsx,,日進工具 公式切削条件参考表(XLSX)。深リブ・溝加工条件のためae=工具径として登録。
NS TOOL,MHR230,無限コーティング 2枚刃ロングネックエンドミル（深リブ用） MHR230,SQUARE,MHR230 φ0.9x10,0.9,-,10.0,SCM/SKD/SUS,,Alloy / stainless steels,12800,320.0,0.02,0.9,https://www.ns-tool.com/ja/products/webcatalog/data/MHR230/MHR230_S.xlsx,,日進工具 公式切削条件参考表(XLSX)。深リブ・溝加工条件のためae=工具径として登録。カタログ※1に基づき合金鋼・ステンレス鋼は回転数・送り80%換算。
NS TOOL,MHR230,無限コーティング 2枚刃ロングネックエンドミル（深リブ用） MHR230,SQUARE,MHR230 φ0.9x10,0.9,-,10.0,NAK55/NAK80/HPM1,~43HRC,Prehardened steels,14000,260.0,0.015,0.9,https://www.ns-tool.com/ja/products/webcatalog/data/MHR230/MHR230_S.xlsx,,日進工具 公式切削条件参考表(XLSX)。深リブ・溝加工条件のためae=工具径として登録。
NS TOOL,MHR230,無限コーティング 2枚刃ロングネックエンドミル（深リブ用） MHR230,SQUARE,MHR230 φ0.9x10,0.9,-,10.0,銅・アルミニウム合金,,Copper / aluminum alloys,20000,500.0,0.025,0.9,https://www.ns-tool.com/ja/products/webcatalog/data/MHR230/MHR230_S.xlsx,,日進工具 公式切削条件参考表(XLSX)。深リブ・溝加工条件のためae=工具径として登録。
NS TOOL,MHR230,無限コーティング 2枚刃ロングネックエンドミル（深リブ用） MHR230,SQUARE,MHR230 φ0.9x12,0.9,-,12.0,S50C,,Carbon steels,14000,300.0,0.01,0.9,https://www.ns-tool.com/ja/products/webcatalog/data/MHR230/MHR230_S.xlsx,,日進工具 公式切削条件参考表(XLSX)。深リブ・溝加工条件のためae=工具径として登録。
NS TOOL,MHR230,無限コーティング 2枚刃ロングネックエンドミル（深リブ用） MHR230,SQUARE,MHR230 φ0.9x12,0.9,-,12.0,SCM/SKD/SUS,,Alloy / stainless steels,11200,240.0,0.01,0.9,https://www.ns-tool.com/ja/products/webcatalog/data/MHR230/MHR230_S.xlsx,,日進工具 公式切削条件参考表(XLSX)。深リブ・溝加工条件のためae=工具径として登録。カタログ※1に基づき合金鋼・ステンレス鋼は回転数・送り80%換算。
NS TOOL,MHR230,無限コーティング 2枚刃ロングネックエンドミル（深リブ用） MHR230,SQUARE,MHR230 φ0.9x12,0.9,-,12.0,NAK55/NAK80/HPM1,~43HRC,Prehardened steels,12000,200.0,0.008,0.9,https://www.ns-tool.com/ja/products/webcatalog/data/MHR230/MHR230_S.xlsx,,日進工具 公式切削条件参考表(XLSX)。深リブ・溝加工条件のためae=工具径として登録。
NS TOOL,MHR230,無限コーティング 2枚刃ロングネックエンドミル（深リブ用） MHR230,SQUARE,MHR230 φ0.9x12,0.9,-,12.0,銅・アルミニウム合金,,Copper / aluminum alloys,16000,400.0,0.015,0.9,https://www.ns-tool.com/ja/products/webcatalog/data/MHR230/MHR230_S.xlsx,,日進工具 公式切削条件参考表(XLSX)。深リブ・溝加工条件のためae=工具径として登録。
NS TOOL,MHR230,無限コーティング 2枚刃ロングネックエンドミル（深リブ用） MHR230,SQUARE,MHR230 φ0.9x15,0.9,-,15.0,S50C,,Carbon steels,12000,250.0,0.008,0.9,https://www.ns-tool.com/ja/products/webcatalog/data/MHR230/MHR230_S.xlsx,,日進工具 公式切削条件参考表(XLSX)。深リブ・溝加工条件のためae=工具径として登録。
NS TOOL,MHR230,無限コーティング 2枚刃ロングネックエンドミル（深リブ用） MHR230,SQUARE,MHR230 φ0.9x15,0.9,-,15.0,SCM/SKD/SUS,,Alloy / stainless steels,9600,200.0,0.008,0.9,https://www.ns-tool.com/ja/products/webcatalog/data/MHR230/MHR230_S.xlsx,,日進工具 公式切削条件参考表(XLSX)。深リブ・溝加工条件のためae=工具径として登録。カタログ※1に基づき合金鋼・ステンレス鋼は回転数・送り80%換算。
NS TOOL,MHR230,無限コーティング 2枚刃ロングネックエンドミル（深リブ用） MHR230,SQUARE,MHR230 φ0.9x15,0.9,-,15.0,NAK55/NAK80/HPM1,~43HRC,Prehardened steels,10000,160.0,0.005,0.9,https://www.ns-tool.com/ja/products/webcatalog/data/MHR230/MHR230_S.xlsx,,日進工具 公式切削条件参考表(XLSX)。深リブ・溝加工条件のためae=工具径として登録。
NS TOOL,MHR230,無限コーティング 2枚刃ロングネックエンドミル（深リブ用） MHR230,SQUARE,MHR230 φ0.9x15,0.9,-,15.0,銅・アルミニウム合金,,Copper / aluminum alloys,14000,300.0,0.01,0.9,https://www.ns-tool.com/ja/products/webcatalog/data/MHR230/MHR230_S.xlsx,,日進工具 公式切削条件参考表(XLSX)。深リブ・溝加工条件のためae=工具径として登録。
NS TOOL,MHR230,無限コーティング 2枚刃ロングネックエンドミル（深リブ用） MHR230,SQUARE,MHR230 φ1x2,1.0,-,2.0,S50C,,Carbon steels,25000,1500.0,0.07,1.0,https://www.ns-tool.com/ja/products/webcatalog/data/MHR230/MHR230_S.xlsx,,日進工具 公式切削条件参考表(XLSX)。深リブ・溝加工条件のためae=工具径として登録。
NS TOOL,MHR230,無限コーティング 2枚刃ロングネックエンドミル（深リブ用） MHR230,SQUARE,MHR230 φ1x2,1.0,-,2.0,SCM/SKD/SUS,,Alloy / stainless steels,20000,1200.0,0.07,1.0,https://www.ns-tool.com/ja/products/webcatalog/data/MHR230/MHR230_S.xlsx,,日進工具 公式切削条件参考表(XLSX)。深リブ・溝加工条件のためae=工具径として登録。カタログ※1に基づき合金鋼・ステンレス鋼は回転数・送り80%換算。
NS TOOL,MHR230,無限コーティング 2枚刃ロングネックエンドミル（深リブ用） MHR230,SQUARE,MHR230 φ1x2,1.0,-,2.0,NAK55/NAK80/HPM1,~43HRC,Prehardened steels,22000,1000.0,0.06,1.0,https://www.ns-tool.com/ja/products/webcatalog/data/MHR230/MHR230_S.xlsx,,日進工具 公式切削条件参考表(XLSX)。深リブ・溝加工条件のためae=工具径として登録。
NS TOOL,MHR230,無限コーティング 2枚刃ロングネックエンドミル（深リブ用） MHR230,SQUARE,MHR230 φ1x2,1.0,-,2.0,銅・アルミニウム合金,,Copper / aluminum alloys,30000,1800.0,0.08,1.0,https://www.ns-tool.com/ja/products/webcatalog/data/MHR230/MHR230_S.xlsx,,日進工具 公式切削条件参考表(XLSX)。深リブ・溝加工条件のためae=工具径として登録。
NS TOOL,MHR230,無限コーティング 2枚刃ロングネックエンドミル（深リブ用） MHR230,SQUARE,MHR230 φ1x3,1.0,-,3.0,S50C,,Carbon steels,25000,1200.0,0.06,1.0,https://www.ns-tool.com/ja/products/webcatalog/data/MHR230/MHR230_S.xlsx,,日進工具 公式切削条件参考表(XLSX)。深リブ・溝加工条件のためae=工具径として登録。
NS TOOL,MHR230,無限コーティング 2枚刃ロングネックエンドミル（深リブ用） MHR230,SQUARE,MHR230 φ1x3,1.0,-,3.0,SCM/SKD/SUS,,Alloy / stainless steels,20000,960.0,0.06,1.0,https://www.ns-tool.com/ja/products/webcatalog/data/MHR230/MHR230_S.xlsx,,日進工具 公式切削条件参考表(XLSX)。深リブ・溝加工条件のためae=工具径として登録。カタログ※1に基づき合金鋼・ステンレス鋼は回転数・送り80%換算。
NS TOOL,MHR230,無限コーティング 2枚刃ロングネックエンドミル（深リブ用） MHR230,SQUARE,MHR230 φ1x3,1.0,-,3.0,NAK55/NAK80/HPM1,~43HRC,Prehardened steels,22000,800.0,0.05,1.0,https://www.ns-tool.com/ja/products/webcatalog/data/MHR230/MHR230_S.xlsx,,日進工具 公式切削条件参考表(XLSX)。深リブ・溝加工条件のためae=工具径として登録。
NS TOOL,MHR230,無限コーティング 2枚刃ロングネックエンドミル（深リブ用） MHR230,SQUARE,MHR230 φ1x3,1.0,-,3.0,銅・アルミニウム合金,,Copper / aluminum alloys,30000,1500.0,0.07,1.0,https://www.ns-tool.com/ja/products/webcatalog/data/MHR230/MHR230_S.xlsx,,日進工具 公式切削条件参考表(XLSX)。深リブ・溝加工条件のためae=工具径として登録。
NS TOOL,MHR230,無限コーティング 2枚刃ロングネックエンドミル（深リブ用） MHR230,SQUARE,MHR230 φ1x4,1.0,-,4.0,S50C,,Carbon steels,25000,1100.0,0.055,1.0,https://www.ns-tool.com/ja/products/webcatalog/data/MHR230/MHR230_S.xlsx,,日進工具 公式切削条件参考表(XLSX)。深リブ・溝加工条件のためae=工具径として登録。
NS TOOL,MHR230,無限コーティング 2枚刃ロングネックエンドミル（深リブ用） MHR230,SQUARE,MHR230 φ1x4,1.0,-,4.0,SCM/SKD/SUS,,Alloy / stainless steels,20000,880.0,0.055,1.0,https://www.ns-tool.com/ja/products/webcatalog/data/MHR230/MHR230_S.xlsx,,日進工具 公式切削条件参考表(XLSX)。深リブ・溝加工条件のためae=工具径として登録。カタログ※1に基づき合金鋼・ステンレス鋼は回転数・送り80%換算。
NS TOOL,MHR230,無限コーティング 2枚刃ロングネックエンドミル（深リブ用） MHR230,SQUARE,MHR230 φ1x4,1.0,-,4.0,NAK55/NAK80/HPM1,~43HRC,Prehardened steels,22000,700.0,0.045,1.0,https://www.ns-tool.com/ja/products/webcatalog/data/MHR230/MHR230_S.xlsx,,日進工具 公式切削条件参考表(XLSX)。深リブ・溝加工条件のためae=工具径として登録。
NS TOOL,MHR230,無限コーティング 2枚刃ロングネックエンドミル（深リブ用） MHR230,SQUARE,MHR230 φ1x4,1.0,-,4.0,銅・アルミニウム合金,,Copper / aluminum alloys,30000,1300.0,0.065,1.0,https://www.ns-tool.com/ja/products/webcatalog/data/MHR230/MHR230_S.xlsx,,日進工具 公式切削条件参考表(XLSX)。深リブ・溝加工条件のためae=工具径として登録。
NS TOOL,MHR230,無限コーティング 2枚刃ロングネックエンドミル（深リブ用） MHR230,SQUARE,MHR230 φ1x5,1.0,-,5.0,S50C,,Carbon steels,22000,900.0,0.05,1.0,https://www.ns-tool.com/ja/products/webcatalog/data/MHR230/MHR230_S.xlsx,,日進工具 公式切削条件参考表(XLSX)。深リブ・溝加工条件のためae=工具径として登録。
NS TOOL,MHR230,無限コーティング 2枚刃ロングネックエンドミル（深リブ用） MHR230,SQUARE,MHR230 φ1x5,1.0,-,5.0,SCM/SKD/SUS,,Alloy / stainless steels,17600,720.0,0.05,1.0,https://www.ns-tool.com/ja/products/webcatalog/data/MHR230/MHR230_S.xlsx,,日進工具 公式切削条件参考表(XLSX)。深リブ・溝加工条件のためae=工具径として登録。カタログ※1に基づき合金鋼・ステンレス鋼は回転数・送り80%換算。
NS TOOL,MHR230,無限コーティング 2枚刃ロングネックエンドミル（深リブ用） MHR230,SQUARE,MHR230 φ1x5,1.0,-,5.0,NAK55/NAK80/HPM1,~43HRC,Prehardened steels,20000,600.0,0.04,1.0,https://www.ns-tool.com/ja/products/webcatalog/data/MHR230/MHR230_S.xlsx,,日進工具 公式切削条件参考表(XLSX)。深リブ・溝加工条件のためae=工具径として登録。
NS TOOL,MHR230,無限コーティング 2枚刃ロングネックエンドミル（深リブ用） MHR230,SQUARE,MHR230 φ1x5,1.0,-,5.0,銅・アルミニウム合金,,Copper / aluminum alloys,27000,1100.0,0.06,1.0,https://www.ns-tool.com/ja/products/webcatalog/data/MHR230/MHR230_S.xlsx,,日進工具 公式切削条件参考表(XLSX)。深リブ・溝加工条件のためae=工具径として登録。
NS TOOL,MHR230,無限コーティング 2枚刃ロングネックエンドミル（深リブ用） MHR230,SQUARE,MHR230 φ1x6,1.0,-,6.0,S50C,,Carbon steels,20000,800.0,0.045,1.0,https://www.ns-tool.com/ja/products/webcatalog/data/MHR230/MHR230_S.xlsx,,日進工具 公式切削条件参考表(XLSX)。深リブ・溝加工条件のためae=工具径として登録。
NS TOOL,MHR230,無限コーティング 2枚刃ロングネックエンドミル（深リブ用） MHR230,SQUARE,MHR230 φ1x6,1.0,-,6.0,SCM/SKD/SUS,,Alloy / stainless steels,16000,640.0,0.045,1.0,https://www.ns-tool.com/ja/products/webcatalog/data/MHR230/MHR230_S.xlsx,,日進工具 公式切削条件参考表(XLSX)。深リブ・溝加工条件のためae=工具径として登録。カタログ※1に基づき合金鋼・ステンレス鋼は回転数・送り80%換算。
NS TOOL,MHR230,無限コーティング 2枚刃ロングネックエンドミル（深リブ用） MHR230,SQUARE,MHR230 φ1x6,1.0,-,6.0,NAK55/NAK80/HPM1,~43HRC,Prehardened steels,18000,500.0,0.035,1.0,https://www.ns-tool.com/ja/products/webcatalog/data/MHR230/MHR230_S.xlsx,,日進工具 公式切削条件参考表(XLSX)。深リブ・溝加工条件のためae=工具径として登録。
NS TOOL,MHR230,無限コーティング 2枚刃ロングネックエンドミル（深リブ用） MHR230,SQUARE,MHR230 φ1x6,1.0,-,6.0,銅・アルミニウム合金,,Copper / aluminum alloys,25000,1000.0,0.055,1.0,https://www.ns-tool.com/ja/products/webcatalog/data/MHR230/MHR230_S.xlsx,,日進工具 公式切削条件参考表(XLSX)。深リブ・溝加工条件のためae=工具径として登録。
NS TOOL,MHR230,無限コーティング 2枚刃ロングネックエンドミル（深リブ用） MHR230,SQUARE,MHR230 φ1x7,1.0,-,7.0,S50C,,Carbon steels,20000,800.0,0.04,1.0,https://www.ns-tool.com/ja/products/webcatalog/data/MHR230/MHR230_S.xlsx,,日進工具 公式切削条件参考表(XLSX)。深リブ・溝加工条件のためae=工具径として登録。
NS TOOL,MHR230,無限コーティング 2枚刃ロングネックエンドミル（深リブ用） MHR230,SQUARE,MHR230 φ1x7,1.0,-,7.0,SCM/SKD/SUS,,Alloy / stainless steels,16000,640.0,0.04,1.0,https://www.ns-tool.com/ja/products/webcatalog/data/MHR230/MHR230_S.xlsx,,日進工具 公式切削条件参考表(XLSX)。深リブ・溝加工条件のためae=工具径として登録。カタログ※1に基づき合金鋼・ステンレス鋼は回転数・送り80%換算。
NS TOOL,MHR230,無限コーティング 2枚刃ロングネックエンドミル（深リブ用） MHR230,SQUARE,MHR230 φ1x7,1.0,-,7.0,NAK55/NAK80/HPM1,~43HRC,Prehardened steels,18000,500.0,0.03,1.0,https://www.ns-tool.com/ja/products/webcatalog/data/MHR230/MHR230_S.xlsx,,日進工具 公式切削条件参考表(XLSX)。深リブ・溝加工条件のためae=工具径として登録。
NS TOOL,MHR230,無限コーティング 2枚刃ロングネックエンドミル（深リブ用） MHR230,SQUARE,MHR230 φ1x7,1.0,-,7.0,銅・アルミニウム合金,,Copper / aluminum alloys,25000,1000.0,0.05,1.0,https://www.ns-tool.com/ja/products/webcatalog/data/MHR230/MHR230_S.xlsx,,日進工具 公式切削条件参考表(XLSX)。深リブ・溝加工条件のためae=工具径として登録。
NS TOOL,MHR230,無限コーティング 2枚刃ロングネックエンドミル（深リブ用） MHR230,SQUARE,MHR230 φ1x8,1.0,-,8.0,S50C,,Carbon steels,18000,700.0,0.035,1.0,https://www.ns-tool.com/ja/products/webcatalog/data/MHR230/MHR230_S.xlsx,,日進工具 公式切削条件参考表(XLSX)。深リブ・溝加工条件のためae=工具径として登録。
NS TOOL,MHR230,無限コーティング 2枚刃ロングネックエンドミル（深リブ用） MHR230,SQUARE,MHR230 φ1x8,1.0,-,8.0,SCM/SKD/SUS,,Alloy / stainless steels,14400,560.0,0.035,1.0,https://www.ns-tool.com/ja/products/webcatalog/data/MHR230/MHR230_S.xlsx,,日進工具 公式切削条件参考表(XLSX)。深リブ・溝加工条件のためae=工具径として登録。カタログ※1に基づき合金鋼・ステンレス鋼は回転数・送り80%換算。
NS TOOL,MHR230,無限コーティング 2枚刃ロングネックエンドミル（深リブ用） MHR230,SQUARE,MHR230 φ1x8,1.0,-,8.0,NAK55/NAK80/HPM1,~43HRC,Prehardened steels,15000,400.0,0.025,1.0,https://www.ns-tool.com/ja/products/webcatalog/data/MHR230/MHR230_S.xlsx,,日進工具 公式切削条件参考表(XLSX)。深リブ・溝加工条件のためae=工具径として登録。
NS TOOL,MHR230,無限コーティング 2枚刃ロングネックエンドミル（深リブ用） MHR230,SQUARE,MHR230 φ1x8,1.0,-,8.0,銅・アルミニウム合金,,Copper / aluminum alloys,22000,850.0,0.045,1.0,https://www.ns-tool.com/ja/products/webcatalog/data/MHR230/MHR230_S.xlsx,,日進工具 公式切削条件参考表(XLSX)。深リブ・溝加工条件のためae=工具径として登録。
NS TOOL,MHR230,無限コーティング 2枚刃ロングネックエンドミル（深リブ用） MHR230,SQUARE,MHR230 φ1x9,1.0,-,9.0,S50C,,Carbon steels,18000,700.0,0.03,1.0,https://www.ns-tool.com/ja/products/webcatalog/data/MHR230/MHR230_S.xlsx,,日進工具 公式切削条件参考表(XLSX)。深リブ・溝加工条件のためae=工具径として登録。
NS TOOL,MHR230,無限コーティング 2枚刃ロングネックエンドミル（深リブ用） MHR230,SQUARE,MHR230 φ1x9,1.0,-,9.0,SCM/SKD/SUS,,Alloy / stainless steels,14400,560.0,0.03,1.0,https://www.ns-tool.com/ja/products/webcatalog/data/MHR230/MHR230_S.xlsx,,日進工具 公式切削条件参考表(XLSX)。深リブ・溝加工条件のためae=工具径として登録。カタログ※1に基づき合金鋼・ステンレス鋼は回転数・送り80%換算。
NS TOOL,MHR230,無限コーティング 2枚刃ロングネックエンドミル（深リブ用） MHR230,SQUARE,MHR230 φ1x9,1.0,-,9.0,NAK55/NAK80/HPM1,~43HRC,Prehardened steels,15000,400.0,0.02,1.0,https://www.ns-tool.com/ja/products/webcatalog/data/MHR230/MHR230_S.xlsx,,日進工具 公式切削条件参考表(XLSX)。深リブ・溝加工条件のためae=工具径として登録。
NS TOOL,MHR230,無限コーティング 2枚刃ロングネックエンドミル（深リブ用） MHR230,SQUARE,MHR230 φ1x9,1.0,-,9.0,銅・アルミニウム合金,,Copper / aluminum alloys,22000,850.0,0.04,1.0,https://www.ns-tool.com/ja/products/webcatalog/data/MHR230/MHR230_S.xlsx,,日進工具 公式切削条件参考表(XLSX)。深リブ・溝加工条件のためae=工具径として登録。
NS TOOL,MHR230,無限コーティング 2枚刃ロングネックエンドミル（深リブ用） MHR230,SQUARE,MHR230 φ1x10,1.0,-,10.0,S50C,,Carbon steels,16000,600.0,0.025,1.0,https://www.ns-tool.com/ja/products/webcatalog/data/MHR230/MHR230_S.xlsx,,日進工具 公式切削条件参考表(XLSX)。深リブ・溝加工条件のためae=工具径として登録。
NS TOOL,MHR230,無限コーティング 2枚刃ロングネックエンドミル（深リブ用） MHR230,SQUARE,MHR230 φ1x10,1.0,-,10.0,SCM/SKD/SUS,,Alloy / stainless steels,12800,480.0,0.025,1.0,https://www.ns-tool.com/ja/products/webcatalog/data/MHR230/MHR230_S.xlsx,,日進工具 公式切削条件参考表(XLSX)。深リブ・溝加工条件のためae=工具径として登録。カタログ※1に基づき合金鋼・ステンレス鋼は回転数・送り80%換算。
NS TOOL,MHR230,無限コーティング 2枚刃ロングネックエンドミル（深リブ用） MHR230,SQUARE,MHR230 φ1x10,1.0,-,10.0,NAK55/NAK80/HPM1,~43HRC,Prehardened steels,14000,350.0,0.018,1.0,https://www.ns-tool.com/ja/products/webcatalog/data/MHR230/MHR230_S.xlsx,,日進工具 公式切削条件参考表(XLSX)。深リブ・溝加工条件のためae=工具径として登録。
NS TOOL,MHR230,無限コーティング 2枚刃ロングネックエンドミル（深リブ用） MHR230,SQUARE,MHR230 φ1x10,1.0,-,10.0,銅・アルミニウム合金,,Copper / aluminum alloys,20000,750.0,0.03,1.0,https://www.ns-tool.com/ja/products/webcatalog/data/MHR230/MHR230_S.xlsx,,日進工具 公式切削条件参考表(XLSX)。深リブ・溝加工条件のためae=工具径として登録。
NS TOOL,MHR230,無限コーティング 2枚刃ロングネックエンドミル（深リブ用） MHR230,SQUARE,MHR230 φ1x12,1.0,-,12.0,S50C,,Carbon steels,14000,500.0,0.02,1.0,https://www.ns-tool.com/ja/products/webcatalog/data/MHR230/MHR230_S.xlsx,,日進工具 公式切削条件参考表(XLSX)。深リブ・溝加工条件のためae=工具径として登録。
NS TOOL,MHR230,無限コーティング 2枚刃ロングネックエンドミル（深リブ用） MHR230,SQUARE,MHR230 φ1x12,1.0,-,12.0,SCM/SKD/SUS,,Alloy / stainless steels,11200,400.0,0.02,1.0,https://www.ns-tool.com/ja/products/webcatalog/data/MHR230/MHR230_S.xlsx,,日進工具 公式切削条件参考表(XLSX)。深リブ・溝加工条件のためae=工具径として登録。カタログ※1に基づき合金鋼・ステンレス鋼は回転数・送り80%換算。
NS TOOL,MHR230,無限コーティング 2枚刃ロングネックエンドミル（深リブ用） MHR230,SQUARE,MHR230 φ1x12,1.0,-,12.0,NAK55/NAK80/HPM1,~43HRC,Prehardened steels,12000,300.0,0.014,1.0,https://www.ns-tool.com/ja/products/webcatalog/data/MHR230/MHR230_S.xlsx,,日進工具 公式切削条件参考表(XLSX)。深リブ・溝加工条件のためae=工具径として登録。
NS TOOL,MHR230,無限コーティング 2枚刃ロングネックエンドミル（深リブ用） MHR230,SQUARE,MHR230 φ1x12,1.0,-,12.0,銅・アルミニウム合金,,Copper / aluminum alloys,18000,650.0,0.025,1.0,https://www.ns-tool.com/ja/products/webcatalog/data/MHR230/MHR230_S.xlsx,,日進工具 公式切削条件参考表(XLSX)。深リブ・溝加工条件のためae=工具径として登録。
NS TOOL,MHR230,無限コーティング 2枚刃ロングネックエンドミル（深リブ用） MHR230,SQUARE,MHR230 φ1x14,1.0,-,14.0,S50C,,Carbon steels,13000,400.0,0.015,1.0,https://www.ns-tool.com/ja/products/webcatalog/data/MHR230/MHR230_S.xlsx,,日進工具 公式切削条件参考表(XLSX)。深リブ・溝加工条件のためae=工具径として登録。
NS TOOL,MHR230,無限コーティング 2枚刃ロングネックエンドミル（深リブ用） MHR230,SQUARE,MHR230 φ1x14,1.0,-,14.0,SCM/SKD/SUS,,Alloy / stainless steels,10400,320.0,0.015,1.0,https://www.ns-tool.com/ja/products/webcatalog/data/MHR230/MHR230_S.xlsx,,日進工具 公式切削条件参考表(XLSX)。深リブ・溝加工条件のためae=工具径として登録。カタログ※1に基づき合金鋼・ステンレス鋼は回転数・送り80%換算。
NS TOOL,MHR230,無限コーティング 2枚刃ロングネックエンドミル（深リブ用） MHR230,SQUARE,MHR230 φ1x14,1.0,-,14.0,NAK55/NAK80/HPM1,~43HRC,Prehardened steels,11000,250.0,0.01,1.0,https://www.ns-tool.com/ja/products/webcatalog/data/MHR230/MHR230_S.xlsx,,日進工具 公式切削条件参考表(XLSX)。深リブ・溝加工条件のためae=工具径として登録。
NS TOOL,MHR230,無限コーティング 2枚刃ロングネックエンドミル（深リブ用） MHR230,SQUARE,MHR230 φ1x14,1.0,-,14.0,銅・アルミニウム合金,,Copper / aluminum alloys,15000,450.0,0.018,1.0,https://www.ns-tool.com/ja/products/webcatalog/data/MHR230/MHR230_S.xlsx,,日進工具 公式切削条件参考表(XLSX)。深リブ・溝加工条件のためae=工具径として登録。
NS TOOL,MHR230,無限コーティング 2枚刃ロングネックエンドミル（深リブ用） MHR230,SQUARE,MHR230 φ1x16,1.0,-,16.0,S50C,,Carbon steels,12000,300.0,0.01,1.0,https://www.ns-tool.com/ja/products/webcatalog/data/MHR230/MHR230_S.xlsx,,日進工具 公式切削条件参考表(XLSX)。深リブ・溝加工条件のためae=工具径として登録。
NS TOOL,MHR230,無限コーティング 2枚刃ロングネックエンドミル（深リブ用） MHR230,SQUARE,MHR230 φ1x16,1.0,-,16.0,SCM/SKD/SUS,,Alloy / stainless steels,9600,240.0,0.01,1.0,https://www.ns-tool.com/ja/products/webcatalog/data/MHR230/MHR230_S.xlsx,,日進工具 公式切削条件参考表(XLSX)。深リブ・溝加工条件のためae=工具径として登録。カタログ※1に基づき合金鋼・ステンレス鋼は回転数・送り80%換算。
NS TOOL,MHR230,無限コーティング 2枚刃ロングネックエンドミル（深リブ用） MHR230,SQUARE,MHR230 φ1x16,1.0,-,16.0,NAK55/NAK80/HPM1,~43HRC,Prehardened steels,10000,200.0,0.007,1.0,https://www.ns-tool.com/ja/products/webcatalog/data/MHR230/MHR230_S.xlsx,,日進工具 公式切削条件参考表(XLSX)。深リブ・溝加工条件のためae=工具径として登録。
NS TOOL,MHR230,無限コーティング 2枚刃ロングネックエンドミル（深リブ用） MHR230,SQUARE,MHR230 φ1x16,1.0,-,16.0,銅・アルミニウム合金,,Copper / aluminum alloys,14000,350.0,0.012,1.0,https://www.ns-tool.com/ja/products/webcatalog/data/MHR230/MHR230_S.xlsx,,日進工具 公式切削条件参考表(XLSX)。深リブ・溝加工条件のためae=工具径として登録。
NS TOOL,MHR230,無限コーティング 2枚刃ロングネックエンドミル（深リブ用） MHR230,SQUARE,MHR230 φ1x18,1.0,-,18.0,S50C,,Carbon steels,12000,250.0,0.008,1.0,https://www.ns-tool.com/ja/products/webcatalog/data/MHR230/MHR230_S.xlsx,,日進工具 公式切削条件参考表(XLSX)。深リブ・溝加工条件のためae=工具径として登録。
NS TOOL,MHR230,無限コーティング 2枚刃ロングネックエンドミル（深リブ用） MHR230,SQUARE,MHR230 φ1x18,1.0,-,18.0,SCM/SKD/SUS,,Alloy / stainless steels,9600,200.0,0.008,1.0,https://www.ns-tool.com/ja/products/webcatalog/data/MHR230/MHR230_S.xlsx,,日進工具 公式切削条件参考表(XLSX)。深リブ・溝加工条件のためae=工具径として登録。カタログ※1に基づき合金鋼・ステンレス鋼は回転数・送り80%換算。
NS TOOL,MHR230,無限コーティング 2枚刃ロングネックエンドミル（深リブ用） MHR230,SQUARE,MHR230 φ1x18,1.0,-,18.0,NAK55/NAK80/HPM1,~43HRC,Prehardened steels,10000,150.0,0.005,1.0,https://www.ns-tool.com/ja/products/webcatalog/data/MHR230/MHR230_S.xlsx,,日進工具 公式切削条件参考表(XLSX)。深リブ・溝加工条件のためae=工具径として登録。
NS TOOL,MHR230,無限コーティング 2枚刃ロングネックエンドミル（深リブ用） MHR230,SQUARE,MHR230 φ1x18,1.0,-,18.0,銅・アルミニウム合金,,Copper / aluminum alloys,14000,300.0,0.01,1.0,https://www.ns-tool.com/ja/products/webcatalog/data/MHR230/MHR230_S.xlsx,,日進工具 公式切削条件参考表(XLSX)。深リブ・溝加工条件のためae=工具径として登録。
NS TOOL,MHR230,無限コーティング 2枚刃ロングネックエンドミル（深リブ用） MHR230,SQUARE,MHR230 φ1x20,1.0,-,20.0,S50C,,Carbon steels,11000,200.0,0.005,1.0,https://www.ns-tool.com/ja/products/webcatalog/data/MHR230/MHR230_S.xlsx,,日進工具 公式切削条件参考表(XLSX)。深リブ・溝加工条件のためae=工具径として登録。
NS TOOL,MHR230,無限コーティング 2枚刃ロングネックエンドミル（深リブ用） MHR230,SQUARE,MHR230 φ1x20,1.0,-,20.0,SCM/SKD/SUS,,Alloy / stainless steels,8800,160.0,0.005,1.0,https://www.ns-tool.com/ja/products/webcatalog/data/MHR230/MHR230_S.xlsx,,日進工具 公式切削条件参考表(XLSX)。深リブ・溝加工条件のためae=工具径として登録。カタログ※1に基づき合金鋼・ステンレス鋼は回転数・送り80%換算。
NS TOOL,MHR230,無限コーティング 2枚刃ロングネックエンドミル（深リブ用） MHR230,SQUARE,MHR230 φ1x20,1.0,-,20.0,NAK55/NAK80/HPM1,~43HRC,Prehardened steels,9000,120.0,0.003,1.0,https://www.ns-tool.com/ja/products/webcatalog/data/MHR230/MHR230_S.xlsx,,日進工具 公式切削条件参考表(XLSX)。深リブ・溝加工条件のためae=工具径として登録。
NS TOOL,MHR230,無限コーティング 2枚刃ロングネックエンドミル（深リブ用） MHR230,SQUARE,MHR230 φ1x20,1.0,-,20.0,銅・アルミニウム合金,,Copper / aluminum alloys,13000,230.0,0.006,1.0,https://www.ns-tool.com/ja/products/webcatalog/data/MHR230/MHR230_S.xlsx,,日進工具 公式切削条件参考表(XLSX)。深リブ・溝加工条件のためae=工具径として登録。
NS TOOL,MHR230,無限コーティング 2枚刃ロングネックエンドミル（深リブ用） MHR230,SQUARE,MHR230 φ1x22,1.0,-,22.0,S50C,,Carbon steels,11000,160.0,0.003,1.0,https://www.ns-tool.com/ja/products/webcatalog/data/MHR230/MHR230_S.xlsx,,日進工具 公式切削条件参考表(XLSX)。深リブ・溝加工条件のためae=工具径として登録。
NS TOOL,MHR230,無限コーティング 2枚刃ロングネックエンドミル（深リブ用） MHR230,SQUARE,MHR230 φ1x22,1.0,-,22.0,SCM/SKD/SUS,,Alloy / stainless steels,8800,128.0,0.003,1.0,https://www.ns-tool.com/ja/products/webcatalog/data/MHR230/MHR230_S.xlsx,,日進工具 公式切削条件参考表(XLSX)。深リブ・溝加工条件のためae=工具径として登録。カタログ※1に基づき合金鋼・ステンレス鋼は回転数・送り80%換算。
NS TOOL,MHR230,無限コーティング 2枚刃ロングネックエンドミル（深リブ用） MHR230,SQUARE,MHR230 φ1x22,1.0,-,22.0,NAK55/NAK80/HPM1,~43HRC,Prehardened steels,9000,100.0,0.002,1.0,https://www.ns-tool.com/ja/products/webcatalog/data/MHR230/MHR230_S.xlsx,,日進工具 公式切削条件参考表(XLSX)。深リブ・溝加工条件のためae=工具径として登録。
NS TOOL,MHR230,無限コーティング 2枚刃ロングネックエンドミル（深リブ用） MHR230,SQUARE,MHR230 φ1x22,1.0,-,22.0,銅・アルミニウム合金,,Copper / aluminum alloys,13000,190.0,0.003,1.0,https://www.ns-tool.com/ja/products/webcatalog/data/MHR230/MHR230_S.xlsx,,日進工具 公式切削条件参考表(XLSX)。深リブ・溝加工条件のためae=工具径として登録。
NS TOOL,MHR230,無限コーティング 2枚刃ロングネックエンドミル（深リブ用） MHR230,SQUARE,MHR230 φ1x25,1.0,-,25.0,S50C,,Carbon steels,10000,120.0,0.002,1.0,https://www.ns-tool.com/ja/products/webcatalog/data/MHR230/MHR230_S.xlsx,,日進工具 公式切削条件参考表(XLSX)。深リブ・溝加工条件のためae=工具径として登録。
NS TOOL,MHR230,無限コーティング 2枚刃ロングネックエンドミル（深リブ用） MHR230,SQUARE,MHR230 φ1x25,1.0,-,25.0,SCM/SKD/SUS,,Alloy / stainless steels,8000,96.0,0.002,1.0,https://www.ns-tool.com/ja/products/webcatalog/data/MHR230/MHR230_S.xlsx,,日進工具 公式切削条件参考表(XLSX)。深リブ・溝加工条件のためae=工具径として登録。カタログ※1に基づき合金鋼・ステンレス鋼は回転数・送り80%換算。
NS TOOL,MHR230,無限コーティング 2枚刃ロングネックエンドミル（深リブ用） MHR230,SQUARE,MHR230 φ1x25,1.0,-,25.0,NAK55/NAK80/HPM1,~43HRC,Prehardened steels,8500,80.0,0.002,1.0,https://www.ns-tool.com/ja/products/webcatalog/data/MHR230/MHR230_S.xlsx,,日進工具 公式切削条件参考表(XLSX)。深リブ・溝加工条件のためae=工具径として登録。
NS TOOL,MHR230,無限コーティング 2枚刃ロングネックエンドミル（深リブ用） MHR230,SQUARE,MHR230 φ1x25,1.0,-,25.0,銅・アルミニウム合金,,Copper / aluminum alloys,12000,140.0,0.002,1.0,https://www.ns-tool.com/ja/products/webcatalog/data/MHR230/MHR230_S.xlsx,,日進工具 公式切削条件参考表(XLSX)。深リブ・溝加工条件のためae=工具径として登録。
NS TOOL,MHR230,無限コーティング 2枚刃ロングネックエンドミル（深リブ用） MHR230,SQUARE,MHR230 φ1x30,1.0,-,30.0,S50C,,Carbon steels,10000,80.0,0.002,1.0,https://www.ns-tool.com/ja/products/webcatalog/data/MHR230/MHR230_S.xlsx,,日進工具 公式切削条件参考表(XLSX)。深リブ・溝加工条件のためae=工具径として登録。
NS TOOL,MHR230,無限コーティング 2枚刃ロングネックエンドミル（深リブ用） MHR230,SQUARE,MHR230 φ1x30,1.0,-,30.0,SCM/SKD/SUS,,Alloy / stainless steels,8000,64.0,0.002,1.0,https://www.ns-tool.com/ja/products/webcatalog/data/MHR230/MHR230_S.xlsx,,日進工具 公式切削条件参考表(XLSX)。深リブ・溝加工条件のためae=工具径として登録。カタログ※1に基づき合金鋼・ステンレス鋼は回転数・送り80%換算。
NS TOOL,MHR230,無限コーティング 2枚刃ロングネックエンドミル（深リブ用） MHR230,SQUARE,MHR230 φ1x30,1.0,-,30.0,NAK55/NAK80/HPM1,~43HRC,Prehardened steels,8500,50.0,0.002,1.0,https://www.ns-tool.com/ja/products/webcatalog/data/MHR230/MHR230_S.xlsx,,日進工具 公式切削条件参考表(XLSX)。深リブ・溝加工条件のためae=工具径として登録。
NS TOOL,MHR230,無限コーティング 2枚刃ロングネックエンドミル（深リブ用） MHR230,SQUARE,MHR230 φ1x30,1.0,-,30.0,銅・アルミニウム合金,,Copper / aluminum alloys,12000,100.0,0.002,1.0,https://www.ns-tool.com/ja/products/webcatalog/data/MHR230/MHR230_S.xlsx,,日進工具 公式切削条件参考表(XLSX)。深リブ・溝加工条件のためae=工具径として登録。
NS TOOL,MHR230,無限コーティング 2枚刃ロングネックエンドミル（深リブ用） MHR230,SQUARE,MHR230 φ1.2x4,1.2,-,4.0,S50C,,Carbon steels,23000,1200.0,0.06,1.2,https://www.ns-tool.com/ja/products/webcatalog/data/MHR230/MHR230_S.xlsx,,日進工具 公式切削条件参考表(XLSX)。深リブ・溝加工条件のためae=工具径として登録。
NS TOOL,MHR230,無限コーティング 2枚刃ロングネックエンドミル（深リブ用） MHR230,SQUARE,MHR230 φ1.2x4,1.2,-,4.0,SCM/SKD/SUS,,Alloy / stainless steels,18400,960.0,0.06,1.2,https://www.ns-tool.com/ja/products/webcatalog/data/MHR230/MHR230_S.xlsx,,日進工具 公式切削条件参考表(XLSX)。深リブ・溝加工条件のためae=工具径として登録。カタログ※1に基づき合金鋼・ステンレス鋼は回転数・送り80%換算。
NS TOOL,MHR230,無限コーティング 2枚刃ロングネックエンドミル（深リブ用） MHR230,SQUARE,MHR230 φ1.2x4,1.2,-,4.0,NAK55/NAK80/HPM1,~43HRC,Prehardened steels,20000,800.0,0.05,1.2,https://www.ns-tool.com/ja/products/webcatalog/data/MHR230/MHR230_S.xlsx,,日進工具 公式切削条件参考表(XLSX)。深リブ・溝加工条件のためae=工具径として登録。
NS TOOL,MHR230,無限コーティング 2枚刃ロングネックエンドミル（深リブ用） MHR230,SQUARE,MHR230 φ1.2x4,1.2,-,4.0,銅・アルミニウム合金,,Copper / aluminum alloys,27000,1400.0,0.07,1.2,https://www.ns-tool.com/ja/products/webcatalog/data/MHR230/MHR230_S.xlsx,,日進工具 公式切削条件参考表(XLSX)。深リブ・溝加工条件のためae=工具径として登録。
NS TOOL,MHR230,無限コーティング 2枚刃ロングネックエンドミル（深リブ用） MHR230,SQUARE,MHR230 φ1.2x6,1.2,-,6.0,S50C,,Carbon steels,20000,900.0,0.05,1.2,https://www.ns-tool.com/ja/products/webcatalog/data/MHR230/MHR230_S.xlsx,,日進工具 公式切削条件参考表(XLSX)。深リブ・溝加工条件のためae=工具径として登録。
NS TOOL,MHR230,無限コーティング 2枚刃ロングネックエンドミル（深リブ用） MHR230,SQUARE,MHR230 φ1.2x6,1.2,-,6.0,SCM/SKD/SUS,,Alloy / stainless steels,16000,720.0,0.05,1.2,https://www.ns-tool.com/ja/products/webcatalog/data/MHR230/MHR230_S.xlsx,,日進工具 公式切削条件参考表(XLSX)。深リブ・溝加工条件のためae=工具径として登録。カタログ※1に基づき合金鋼・ステンレス鋼は回転数・送り80%換算。
NS TOOL,MHR230,無限コーティング 2枚刃ロングネックエンドミル（深リブ用） MHR230,SQUARE,MHR230 φ1.2x6,1.2,-,6.0,NAK55/NAK80/HPM1,~43HRC,Prehardened steels,18000,600.0,0.04,1.2,https://www.ns-tool.com/ja/products/webcatalog/data/MHR230/MHR230_S.xlsx,,日進工具 公式切削条件参考表(XLSX)。深リブ・溝加工条件のためae=工具径として登録。
NS TOOL,MHR230,無限コーティング 2枚刃ロングネックエンドミル（深リブ用） MHR230,SQUARE,MHR230 φ1.2x6,1.2,-,6.0,銅・アルミニウム合金,,Copper / aluminum alloys,25000,1200.0,0.06,1.2,https://www.ns-tool.com/ja/products/webcatalog/data/MHR230/MHR230_S.xlsx,,日進工具 公式切削条件参考表(XLSX)。深リブ・溝加工条件のためae=工具径として登録。
NS TOOL,MHR230,無限コーティング 2枚刃ロングネックエンドミル（深リブ用） MHR230,SQUARE,MHR230 φ1.2x8,1.2,-,8.0,S50C,,Carbon steels,18000,800.0,0.04,1.2,https://www.ns-tool.com/ja/products/webcatalog/data/MHR230/MHR230_S.xlsx,,日進工具 公式切削条件参考表(XLSX)。深リブ・溝加工条件のためae=工具径として登録。
NS TOOL,MHR230,無限コーティング 2枚刃ロングネックエンドミル（深リブ用） MHR230,SQUARE,MHR230 φ1.2x8,1.2,-,8.0,SCM/SKD/SUS,,Alloy / stainless steels,14400,640.0,0.04,1.2,https://www.ns-tool.com/ja/products/webcatalog/data/MHR230/MHR230_S.xlsx,,日進工具 公式切削条件参考表(XLSX)。深リブ・溝加工条件のためae=工具径として登録。カタログ※1に基づき合金鋼・ステンレス鋼は回転数・送り80%換算。
NS TOOL,MHR230,無限コーティング 2枚刃ロングネックエンドミル（深リブ用） MHR230,SQUARE,MHR230 φ1.2x8,1.2,-,8.0,NAK55/NAK80/HPM1,~43HRC,Prehardened steels,15000,500.0,0.03,1.2,https://www.ns-tool.com/ja/products/webcatalog/data/MHR230/MHR230_S.xlsx,,日進工具 公式切削条件参考表(XLSX)。深リブ・溝加工条件のためae=工具径として登録。
NS TOOL,MHR230,無限コーティング 2枚刃ロングネックエンドミル（深リブ用） MHR230,SQUARE,MHR230 φ1.2x8,1.2,-,8.0,銅・アルミニウム合金,,Copper / aluminum alloys,22000,1000.0,0.05,1.2,https://www.ns-tool.com/ja/products/webcatalog/data/MHR230/MHR230_S.xlsx,,日進工具 公式切削条件参考表(XLSX)。深リブ・溝加工条件のためae=工具径として登録。
NS TOOL,MHR230,無限コーティング 2枚刃ロングネックエンドミル（深リブ用） MHR230,SQUARE,MHR230 φ1.2x10,1.2,-,10.0,S50C,,Carbon steels,16000,700.0,0.03,1.2,https://www.ns-tool.com/ja/products/webcatalog/data/MHR230/MHR230_S.xlsx,,日進工具 公式切削条件参考表(XLSX)。深リブ・溝加工条件のためae=工具径として登録。
NS TOOL,MHR230,無限コーティング 2枚刃ロングネックエンドミル（深リブ用） MHR230,SQUARE,MHR230 φ1.2x10,1.2,-,10.0,SCM/SKD/SUS,,Alloy / stainless steels,12800,560.0,0.03,1.2,https://www.ns-tool.com/ja/products/webcatalog/data/MHR230/MHR230_S.xlsx,,日進工具 公式切削条件参考表(XLSX)。深リブ・溝加工条件のためae=工具径として登録。カタログ※1に基づき合金鋼・ステンレス鋼は回転数・送り80%換算。
NS TOOL,MHR230,無限コーティング 2枚刃ロングネックエンドミル（深リブ用） MHR230,SQUARE,MHR230 φ1.2x10,1.2,-,10.0,NAK55/NAK80/HPM1,~43HRC,Prehardened steels,14000,450.0,0.02,1.2,https://www.ns-tool.com/ja/products/webcatalog/data/MHR230/MHR230_S.xlsx,,日進工具 公式切削条件参考表(XLSX)。深リブ・溝加工条件のためae=工具径として登録。
NS TOOL,MHR230,無限コーティング 2枚刃ロングネックエンドミル（深リブ用） MHR230,SQUARE,MHR230 φ1.2x10,1.2,-,10.0,銅・アルミニウム合金,,Copper / aluminum alloys,20000,850.0,0.04,1.2,https://www.ns-tool.com/ja/products/webcatalog/data/MHR230/MHR230_S.xlsx,,日進工具 公式切削条件参考表(XLSX)。深リブ・溝加工条件のためae=工具径として登録。
NS TOOL,MHR230,無限コーティング 2枚刃ロングネックエンドミル（深リブ用） MHR230,SQUARE,MHR230 φ1.2x12,1.2,-,12.0,S50C,,Carbon steels,14000,600.0,0.025,1.2,https://www.ns-tool.com/ja/products/webcatalog/data/MHR230/MHR230_S.xlsx,,日進工具 公式切削条件参考表(XLSX)。深リブ・溝加工条件のためae=工具径として登録。
NS TOOL,MHR230,無限コーティング 2枚刃ロングネックエンドミル（深リブ用） MHR230,SQUARE,MHR230 φ1.2x12,1.2,-,12.0,SCM/SKD/SUS,,Alloy / stainless steels,11200,480.0,0.025,1.2,https://www.ns-tool.com/ja/products/webcatalog/data/MHR230/MHR230_S.xlsx,,日進工具 公式切削条件参考表(XLSX)。深リブ・溝加工条件のためae=工具径として登録。カタログ※1に基づき合金鋼・ステンレス鋼は回転数・送り80%換算。
NS TOOL,MHR230,無限コーティング 2枚刃ロングネックエンドミル（深リブ用） MHR230,SQUARE,MHR230 φ1.2x12,1.2,-,12.0,NAK55/NAK80/HPM1,~43HRC,Prehardened steels,12000,350.0,0.018,1.2,https://www.ns-tool.com/ja/products/webcatalog/data/MHR230/MHR230_S.xlsx,,日進工具 公式切削条件参考表(XLSX)。深リブ・溝加工条件のためae=工具径として登録。
NS TOOL,MHR230,無限コーティング 2枚刃ロングネックエンドミル（深リブ用） MHR230,SQUARE,MHR230 φ1.2x12,1.2,-,12.0,銅・アルミニウム合金,,Copper / aluminum alloys,17000,700.0,0.03,1.2,https://www.ns-tool.com/ja/products/webcatalog/data/MHR230/MHR230_S.xlsx,,日進工具 公式切削条件参考表(XLSX)。深リブ・溝加工条件のためae=工具径として登録。
NS TOOL,MHR230,無限コーティング 2枚刃ロングネックエンドミル（深リブ用） MHR230,SQUARE,MHR230 φ1.2x16,1.2,-,16.0,S50C,,Carbon steels,12000,400.0,0.015,1.2,https://www.ns-tool.com/ja/products/webcatalog/data/MHR230/MHR230_S.xlsx,,日進工具 公式切削条件参考表(XLSX)。深リブ・溝加工条件のためae=工具径として登録。
NS TOOL,MHR230,無限コーティング 2枚刃ロングネックエンドミル（深リブ用） MHR230,SQUARE,MHR230 φ1.2x16,1.2,-,16.0,SCM/SKD/SUS,,Alloy / stainless steels,9600,320.0,0.015,1.2,https://www.ns-tool.com/ja/products/webcatalog/data/MHR230/MHR230_S.xlsx,,日進工具 公式切削条件参考表(XLSX)。深リブ・溝加工条件のためae=工具径として登録。カタログ※1に基づき合金鋼・ステンレス鋼は回転数・送り80%換算。
NS TOOL,MHR230,無限コーティング 2枚刃ロングネックエンドミル（深リブ用） MHR230,SQUARE,MHR230 φ1.2x16,1.2,-,16.0,NAK55/NAK80/HPM1,~43HRC,Prehardened steels,10000,250.0,0.01,1.2,https://www.ns-tool.com/ja/products/webcatalog/data/MHR230/MHR230_S.xlsx,,日進工具 公式切削条件参考表(XLSX)。深リブ・溝加工条件のためae=工具径として登録。
NS TOOL,MHR230,無限コーティング 2枚刃ロングネックエンドミル（深リブ用） MHR230,SQUARE,MHR230 φ1.2x16,1.2,-,16.0,銅・アルミニウム合金,,Copper / aluminum alloys,14000,450.0,0.02,1.2,https://www.ns-tool.com/ja/products/webcatalog/data/MHR230/MHR230_S.xlsx,,日進工具 公式切削条件参考表(XLSX)。深リブ・溝加工条件のためae=工具径として登録。
NS TOOL,MHR230,無限コーティング 2枚刃ロングネックエンドミル（深リブ用） MHR230,SQUARE,MHR230 φ1.2x20,1.2,-,20.0,S50C,,Carbon steels,10000,300.0,0.01,1.2,https://www.ns-tool.com/ja/products/webcatalog/data/MHR230/MHR230_S.xlsx,,日進工具 公式切削条件参考表(XLSX)。深リブ・溝加工条件のためae=工具径として登録。
NS TOOL,MHR230,無限コーティング 2枚刃ロングネックエンドミル（深リブ用） MHR230,SQUARE,MHR230 φ1.2x20,1.2,-,20.0,SCM/SKD/SUS,,Alloy / stainless steels,8000,240.0,0.01,1.2,https://www.ns-tool.com/ja/products/webcatalog/data/MHR230/MHR230_S.xlsx,,日進工具 公式切削条件参考表(XLSX)。深リブ・溝加工条件のためae=工具径として登録。カタログ※1に基づき合金鋼・ステンレス鋼は回転数・送り80%換算。
NS TOOL,MHR230,無限コーティング 2枚刃ロングネックエンドミル（深リブ用） MHR230,SQUARE,MHR230 φ1.2x20,1.2,-,20.0,NAK55/NAK80/HPM1,~43HRC,Prehardened steels,8000,180.0,0.007,1.2,https://www.ns-tool.com/ja/products/webcatalog/data/MHR230/MHR230_S.xlsx,,日進工具 公式切削条件参考表(XLSX)。深リブ・溝加工条件のためae=工具径として登録。
NS TOOL,MHR230,無限コーティング 2枚刃ロングネックエンドミル（深リブ用） MHR230,SQUARE,MHR230 φ1.2x20,1.2,-,20.0,銅・アルミニウム合金,,Copper / aluminum alloys,12000,360.0,0.012,1.2,https://www.ns-tool.com/ja/products/webcatalog/data/MHR230/MHR230_S.xlsx,,日進工具 公式切削条件参考表(XLSX)。深リブ・溝加工条件のためae=工具径として登録。
NS TOOL,MHR230,無限コーティング 2枚刃ロングネックエンドミル（深リブ用） MHR230,SQUARE,MHR230 φ1.4x6,1.4,-,6.0,S50C,,Carbon steels,20000,1200.0,0.07,1.4,https://www.ns-tool.com/ja/products/webcatalog/data/MHR230/MHR230_S.xlsx,,日進工具 公式切削条件参考表(XLSX)。深リブ・溝加工条件のためae=工具径として登録。
NS TOOL,MHR230,無限コーティング 2枚刃ロングネックエンドミル（深リブ用） MHR230,SQUARE,MHR230 φ1.4x6,1.4,-,6.0,SCM/SKD/SUS,,Alloy / stainless steels,16000,960.0,0.07,1.4,https://www.ns-tool.com/ja/products/webcatalog/data/MHR230/MHR230_S.xlsx,,日進工具 公式切削条件参考表(XLSX)。深リブ・溝加工条件のためae=工具径として登録。カタログ※1に基づき合金鋼・ステンレス鋼は回転数・送り80%換算。
NS TOOL,MHR230,無限コーティング 2枚刃ロングネックエンドミル（深リブ用） MHR230,SQUARE,MHR230 φ1.4x6,1.4,-,6.0,NAK55/NAK80/HPM1,~43HRC,Prehardened steels,16000,720.0,0.06,1.4,https://www.ns-tool.com/ja/products/webcatalog/data/MHR230/MHR230_S.xlsx,,日進工具 公式切削条件参考表(XLSX)。深リブ・溝加工条件のためae=工具径として登録。
NS TOOL,MHR230,無限コーティング 2枚刃ロングネックエンドミル（深リブ用） MHR230,SQUARE,MHR230 φ1.4x6,1.4,-,6.0,銅・アルミニウム合金,,Copper / aluminum alloys,24000,1500.0,0.08,1.4,https://www.ns-tool.com/ja/products/webcatalog/data/MHR230/MHR230_S.xlsx,,日進工具 公式切削条件参考表(XLSX)。深リブ・溝加工条件のためae=工具径として登録。
NS TOOL,MHR230,無限コーティング 2枚刃ロングネックエンドミル（深リブ用） MHR230,SQUARE,MHR230 φ1.4x8,1.4,-,8.0,S50C,,Carbon steels,18000,1000.0,0.06,1.4,https://www.ns-tool.com/ja/products/webcatalog/data/MHR230/MHR230_S.xlsx,,日進工具 公式切削条件参考表(XLSX)。深リブ・溝加工条件のためae=工具径として登録。
NS TOOL,MHR230,無限コーティング 2枚刃ロングネックエンドミル（深リブ用） MHR230,SQUARE,MHR230 φ1.4x8,1.4,-,8.0,SCM/SKD/SUS,,Alloy / stainless steels,14400,800.0,0.06,1.4,https://www.ns-tool.com/ja/products/webcatalog/data/MHR230/MHR230_S.xlsx,,日進工具 公式切削条件参考表(XLSX)。深リブ・溝加工条件のためae=工具径として登録。カタログ※1に基づき合金鋼・ステンレス鋼は回転数・送り80%換算。
NS TOOL,MHR230,無限コーティング 2枚刃ロングネックエンドミル（深リブ用） MHR230,SQUARE,MHR230 φ1.4x8,1.4,-,8.0,NAK55/NAK80/HPM1,~43HRC,Prehardened steels,14000,580.0,0.05,1.4,https://www.ns-tool.com/ja/products/webcatalog/data/MHR230/MHR230_S.xlsx,,日進工具 公式切削条件参考表(XLSX)。深リブ・溝加工条件のためae=工具径として登録。
NS TOOL,MHR230,無限コーティング 2枚刃ロングネックエンドミル（深リブ用） MHR230,SQUARE,MHR230 φ1.4x8,1.4,-,8.0,銅・アルミニウム合金,,Copper / aluminum alloys,22000,1300.0,0.07,1.4,https://www.ns-tool.com/ja/products/webcatalog/data/MHR230/MHR230_S.xlsx,,日進工具 公式切削条件参考表(XLSX)。深リブ・溝加工条件のためae=工具径として登録。
NS TOOL,MHR230,無限コーティング 2枚刃ロングネックエンドミル（深リブ用） MHR230,SQUARE,MHR230 φ1.4x10,1.4,-,10.0,S50C,,Carbon steels,16000,850.0,0.05,1.4,https://www.ns-tool.com/ja/products/webcatalog/data/MHR230/MHR230_S.xlsx,,日進工具 公式切削条件参考表(XLSX)。深リブ・溝加工条件のためae=工具径として登録。
NS TOOL,MHR230,無限コーティング 2枚刃ロングネックエンドミル（深リブ用） MHR230,SQUARE,MHR230 φ1.4x10,1.4,-,10.0,SCM/SKD/SUS,,Alloy / stainless steels,12800,680.0,0.05,1.4,https://www.ns-tool.com/ja/products/webcatalog/data/MHR230/MHR230_S.xlsx,,日進工具 公式切削条件参考表(XLSX)。深リブ・溝加工条件のためae=工具径として登録。カタログ※1に基づき合金鋼・ステンレス鋼は回転数・送り80%換算。
NS TOOL,MHR230,無限コーティング 2枚刃ロングネックエンドミル（深リブ用） MHR230,SQUARE,MHR230 φ1.4x10,1.4,-,10.0,NAK55/NAK80/HPM1,~43HRC,Prehardened steels,13000,520.0,0.04,1.4,https://www.ns-tool.com/ja/products/webcatalog/data/MHR230/MHR230_S.xlsx,,日進工具 公式切削条件参考表(XLSX)。深リブ・溝加工条件のためae=工具径として登録。
NS TOOL,MHR230,無限コーティング 2枚刃ロングネックエンドミル（深リブ用） MHR230,SQUARE,MHR230 φ1.4x10,1.4,-,10.0,銅・アルミニウム合金,,Copper / aluminum alloys,20000,1100.0,0.06,1.4,https://www.ns-tool.com/ja/products/webcatalog/data/MHR230/MHR230_S.xlsx,,日進工具 公式切削条件参考表(XLSX)。深リブ・溝加工条件のためae=工具径として登録。
NS TOOL,MHR230,無限コーティング 2枚刃ロングネックエンドミル（深リブ用） MHR230,SQUARE,MHR230 φ1.4x12,1.4,-,12.0,S50C,,Carbon steels,14000,700.0,0.04,1.4,https://www.ns-tool.com/ja/products/webcatalog/data/MHR230/MHR230_S.xlsx,,日進工具 公式切削条件参考表(XLSX)。深リブ・溝加工条件のためae=工具径として登録。
NS TOOL,MHR230,無限コーティング 2枚刃ロングネックエンドミル（深リブ用） MHR230,SQUARE,MHR230 φ1.4x12,1.4,-,12.0,SCM/SKD/SUS,,Alloy / stainless steels,11200,560.0,0.04,1.4,https://www.ns-tool.com/ja/products/webcatalog/data/MHR230/MHR230_S.xlsx,,日進工具 公式切削条件参考表(XLSX)。深リブ・溝加工条件のためae=工具径として登録。カタログ※1に基づき合金鋼・ステンレス鋼は回転数・送り80%換算。
NS TOOL,MHR230,無限コーティング 2枚刃ロングネックエンドミル（深リブ用） MHR230,SQUARE,MHR230 φ1.4x12,1.4,-,12.0,NAK55/NAK80/HPM1,~43HRC,Prehardened steels,12000,450.0,0.03,1.4,https://www.ns-tool.com/ja/products/webcatalog/data/MHR230/MHR230_S.xlsx,,日進工具 公式切削条件参考表(XLSX)。深リブ・溝加工条件のためae=工具径として登録。
NS TOOL,MHR230,無限コーティング 2枚刃ロングネックエンドミル（深リブ用） MHR230,SQUARE,MHR230 φ1.4x12,1.4,-,12.0,銅・アルミニウム合金,,Copper / aluminum alloys,17000,850.0,0.05,1.4,https://www.ns-tool.com/ja/products/webcatalog/data/MHR230/MHR230_S.xlsx,,日進工具 公式切削条件参考表(XLSX)。深リブ・溝加工条件のためae=工具径として登録。
NS TOOL,MHR230,無限コーティング 2枚刃ロングネックエンドミル（深リブ用） MHR230,SQUARE,MHR230 φ1.4x14,1.4,-,14.0,S50C,,Carbon steels,13000,600.0,0.035,1.4,https://www.ns-tool.com/ja/products/webcatalog/data/MHR230/MHR230_S.xlsx,,日進工具 公式切削条件参考表(XLSX)。深リブ・溝加工条件のためae=工具径として登録。
NS TOOL,MHR230,無限コーティング 2枚刃ロングネックエンドミル（深リブ用） MHR230,SQUARE,MHR230 φ1.4x14,1.4,-,14.0,SCM/SKD/SUS,,Alloy / stainless steels,10400,480.0,0.035,1.4,https://www.ns-tool.com/ja/products/webcatalog/data/MHR230/MHR230_S.xlsx,,日進工具 公式切削条件参考表(XLSX)。深リブ・溝加工条件のためae=工具径として登録。カタログ※1に基づき合金鋼・ステンレス鋼は回転数・送り80%換算。
NS TOOL,MHR230,無限コーティング 2枚刃ロングネックエンドミル（深リブ用） MHR230,SQUARE,MHR230 φ1.4x14,1.4,-,14.0,NAK55/NAK80/HPM1,~43HRC,Prehardened steels,11000,350.0,0.025,1.4,https://www.ns-tool.com/ja/products/webcatalog/data/MHR230/MHR230_S.xlsx,,日進工具 公式切削条件参考表(XLSX)。深リブ・溝加工条件のためae=工具径として登録。
NS TOOL,MHR230,無限コーティング 2枚刃ロングネックエンドミル（深リブ用） MHR230,SQUARE,MHR230 φ1.4x14,1.4,-,14.0,銅・アルミニウム合金,,Copper / aluminum alloys,15000,700.0,0.04,1.4,https://www.ns-tool.com/ja/products/webcatalog/data/MHR230/MHR230_S.xlsx,,日進工具 公式切削条件参考表(XLSX)。深リブ・溝加工条件のためae=工具径として登録。
NS TOOL,MHR230,無限コーティング 2枚刃ロングネックエンドミル（深リブ用） MHR230,SQUARE,MHR230 φ1.4x16,1.4,-,16.0,S50C,,Carbon steels,12000,500.0,0.025,1.4,https://www.ns-tool.com/ja/products/webcatalog/data/MHR230/MHR230_S.xlsx,,日進工具 公式切削条件参考表(XLSX)。深リブ・溝加工条件のためae=工具径として登録。
NS TOOL,MHR230,無限コーティング 2枚刃ロングネックエンドミル（深リブ用） MHR230,SQUARE,MHR230 φ1.4x16,1.4,-,16.0,SCM/SKD/SUS,,Alloy / stainless steels,9600,400.0,0.025,1.4,https://www.ns-tool.com/ja/products/webcatalog/data/MHR230/MHR230_S.xlsx,,日進工具 公式切削条件参考表(XLSX)。深リブ・溝加工条件のためae=工具径として登録。カタログ※1に基づき合金鋼・ステンレス鋼は回転数・送り80%換算。
NS TOOL,MHR230,無限コーティング 2枚刃ロングネックエンドミル（深リブ用） MHR230,SQUARE,MHR230 φ1.4x16,1.4,-,16.0,NAK55/NAK80/HPM1,~43HRC,Prehardened steels,10000,300.0,0.018,1.4,https://www.ns-tool.com/ja/products/webcatalog/data/MHR230/MHR230_S.xlsx,,日進工具 公式切削条件参考表(XLSX)。深リブ・溝加工条件のためae=工具径として登録。
NS TOOL,MHR230,無限コーティング 2枚刃ロングネックエンドミル（深リブ用） MHR230,SQUARE,MHR230 φ1.4x16,1.4,-,16.0,銅・アルミニウム合金,,Copper / aluminum alloys,13000,550.0,0.03,1.4,https://www.ns-tool.com/ja/products/webcatalog/data/MHR230/MHR230_S.xlsx,,日進工具 公式切削条件参考表(XLSX)。深リブ・溝加工条件のためae=工具径として登録。
NS TOOL,MHR230,無限コーティング 2枚刃ロングネックエンドミル（深リブ用） MHR230,SQUARE,MHR230 φ1.4x22,1.4,-,22.0,S50C,,Carbon steels,10000,350.0,0.015,1.4,https://www.ns-tool.com/ja/products/webcatalog/data/MHR230/MHR230_S.xlsx,,日進工具 公式切削条件参考表(XLSX)。深リブ・溝加工条件のためae=工具径として登録。
NS TOOL,MHR230,無限コーティング 2枚刃ロングネックエンドミル（深リブ用） MHR230,SQUARE,MHR230 φ1.4x22,1.4,-,22.0,SCM/SKD/SUS,,Alloy / stainless steels,8000,280.0,0.015,1.4,https://www.ns-tool.com/ja/products/webcatalog/data/MHR230/MHR230_S.xlsx,,日進工具 公式切削条件参考表(XLSX)。深リブ・溝加工条件のためae=工具径として登録。カタログ※1に基づき合金鋼・ステンレス鋼は回転数・送り80%換算。
NS TOOL,MHR230,無限コーティング 2枚刃ロングネックエンドミル（深リブ用） MHR230,SQUARE,MHR230 φ1.4x22,1.4,-,22.0,NAK55/NAK80/HPM1,~43HRC,Prehardened steels,8000,210.0,0.01,1.4,https://www.ns-tool.com/ja/products/webcatalog/data/MHR230/MHR230_S.xlsx,,日進工具 公式切削条件参考表(XLSX)。深リブ・溝加工条件のためae=工具径として登録。
NS TOOL,MHR230,無限コーティング 2枚刃ロングネックエンドミル（深リブ用） MHR230,SQUARE,MHR230 φ1.4x22,1.4,-,22.0,銅・アルミニウム合金,,Copper / aluminum alloys,10000,350.0,0.012,1.4,https://www.ns-tool.com/ja/products/webcatalog/data/MHR230/MHR230_S.xlsx,,日進工具 公式切削条件参考表(XLSX)。深リブ・溝加工条件のためae=工具径として登録。
NS TOOL,MHR230,無限コーティング 2枚刃ロングネックエンドミル（深リブ用） MHR230,SQUARE,MHR230 φ1.5x4,1.5,-,4.0,S50C,,Carbon steels,22000,1400.0,0.09,1.5,https://www.ns-tool.com/ja/products/webcatalog/data/MHR230/MHR230_S.xlsx,,日進工具 公式切削条件参考表(XLSX)。深リブ・溝加工条件のためae=工具径として登録。
NS TOOL,MHR230,無限コーティング 2枚刃ロングネックエンドミル（深リブ用） MHR230,SQUARE,MHR230 φ1.5x4,1.5,-,4.0,SCM/SKD/SUS,,Alloy / stainless steels,17600,1120.0,0.09,1.5,https://www.ns-tool.com/ja/products/webcatalog/data/MHR230/MHR230_S.xlsx,,日進工具 公式切削条件参考表(XLSX)。深リブ・溝加工条件のためae=工具径として登録。カタログ※1に基づき合金鋼・ステンレス鋼は回転数・送り80%換算。
NS TOOL,MHR230,無限コーティング 2枚刃ロングネックエンドミル（深リブ用） MHR230,SQUARE,MHR230 φ1.5x4,1.5,-,4.0,NAK55/NAK80/HPM1,~43HRC,Prehardened steels,18000,860.0,0.08,1.5,https://www.ns-tool.com/ja/products/webcatalog/data/MHR230/MHR230_S.xlsx,,日進工具 公式切削条件参考表(XLSX)。深リブ・溝加工条件のためae=工具径として登録。
NS TOOL,MHR230,無限コーティング 2枚刃ロングネックエンドミル（深リブ用） MHR230,SQUARE,MHR230 φ1.5x4,1.5,-,4.0,銅・アルミニウム合金,,Copper / aluminum alloys,26000,1700.0,0.1,1.5,https://www.ns-tool.com/ja/products/webcatalog/data/MHR230/MHR230_S.xlsx,,日進工具 公式切削条件参考表(XLSX)。深リブ・溝加工条件のためae=工具径として登録。
NS TOOL,MHR230,無限コーティング 2枚刃ロングネックエンドミル（深リブ用） MHR230,SQUARE,MHR230 φ1.5x6,1.5,-,6.0,S50C,,Carbon steels,20000,1200.0,0.08,1.5,https://www.ns-tool.com/ja/products/webcatalog/data/MHR230/MHR230_S.xlsx,,日進工具 公式切削条件参考表(XLSX)。深リブ・溝加工条件のためae=工具径として登録。
NS TOOL,MHR230,無限コーティング 2枚刃ロングネックエンドミル（深リブ用） MHR230,SQUARE,MHR230 φ1.5x6,1.5,-,6.0,SCM/SKD/SUS,,Alloy / stainless steels,16000,960.0,0.08,1.5,https://www.ns-tool.com/ja/products/webcatalog/data/MHR230/MHR230_S.xlsx,,日進工具 公式切削条件参考表(XLSX)。深リブ・溝加工条件のためae=工具径として登録。カタログ※1に基づき合金鋼・ステンレス鋼は回転数・送り80%換算。
NS TOOL,MHR230,無限コーティング 2枚刃ロングネックエンドミル（深リブ用） MHR230,SQUARE,MHR230 φ1.5x6,1.5,-,6.0,NAK55/NAK80/HPM1,~43HRC,Prehardened steels,16000,720.0,0.07,1.5,https://www.ns-tool.com/ja/products/webcatalog/data/MHR230/MHR230_S.xlsx,,日進工具 公式切削条件参考表(XLSX)。深リブ・溝加工条件のためae=工具径として登録。
NS TOOL,MHR230,無限コーティング 2枚刃ロングネックエンドミル（深リブ用） MHR230,SQUARE,MHR230 φ1.5x6,1.5,-,6.0,銅・アルミニウム合金,,Copper / aluminum alloys,24000,1500.0,0.09,1.5,https://www.ns-tool.com/ja/products/webcatalog/data/MHR230/MHR230_S.xlsx,,日進工具 公式切削条件参考表(XLSX)。深リブ・溝加工条件のためae=工具径として登録。
NS TOOL,MHR230,無限コーティング 2枚刃ロングネックエンドミル（深リブ用） MHR230,SQUARE,MHR230 φ1.5x8,1.5,-,8.0,S50C,,Carbon steels,18000,1000.0,0.07,1.5,https://www.ns-tool.com/ja/products/webcatalog/data/MHR230/MHR230_S.xlsx,,日進工具 公式切削条件参考表(XLSX)。深リブ・溝加工条件のためae=工具径として登録。
NS TOOL,MHR230,無限コーティング 2枚刃ロングネックエンドミル（深リブ用） MHR230,SQUARE,MHR230 φ1.5x8,1.5,-,8.0,SCM/SKD/SUS,,Alloy / stainless steels,14400,800.0,0.07,1.5,https://www.ns-tool.com/ja/products/webcatalog/data/MHR230/MHR230_S.xlsx,,日進工具 公式切削条件参考表(XLSX)。深リブ・溝加工条件のためae=工具径として登録。カタログ※1に基づき合金鋼・ステンレス鋼は回転数・送り80%換算。
NS TOOL,MHR230,無限コーティング 2枚刃ロングネックエンドミル（深リブ用） MHR230,SQUARE,MHR230 φ1.5x8,1.5,-,8.0,NAK55/NAK80/HPM1,~43HRC,Prehardened steels,14000,580.0,0.06,1.5,https://www.ns-tool.com/ja/products/webcatalog/data/MHR230/MHR230_S.xlsx,,日進工具 公式切削条件参考表(XLSX)。深リブ・溝加工条件のためae=工具径として登録。
NS TOOL,MHR230,無限コーティング 2枚刃ロングネックエンドミル（深リブ用） MHR230,SQUARE,MHR230 φ1.5x8,1.5,-,8.0,銅・アルミニウム合金,,Copper / aluminum alloys,22000,1300.0,0.08,1.5,https://www.ns-tool.com/ja/products/webcatalog/data/MHR230/MHR230_S.xlsx,,日進工具 公式切削条件参考表(XLSX)。深リブ・溝加工条件のためae=工具径として登録。
NS TOOL,MHR230,無限コーティング 2枚刃ロングネックエンドミル（深リブ用） MHR230,SQUARE,MHR230 φ1.5x10,1.5,-,10.0,S50C,,Carbon steels,16000,850.0,0.06,1.5,https://www.ns-tool.com/ja/products/webcatalog/data/MHR230/MHR230_S.xlsx,,日進工具 公式切削条件参考表(XLSX)。深リブ・溝加工条件のためae=工具径として登録。
NS TOOL,MHR230,無限コーティング 2枚刃ロングネックエンドミル（深リブ用） MHR230,SQUARE,MHR230 φ1.5x10,1.5,-,10.0,SCM/SKD/SUS,,Alloy / stainless steels,12800,680.0,0.06,1.5,https://www.ns-tool.com/ja/products/webcatalog/data/MHR230/MHR230_S.xlsx,,日進工具 公式切削条件参考表(XLSX)。深リブ・溝加工条件のためae=工具径として登録。カタログ※1に基づき合金鋼・ステンレス鋼は回転数・送り80%換算。
NS TOOL,MHR230,無限コーティング 2枚刃ロングネックエンドミル（深リブ用） MHR230,SQUARE,MHR230 φ1.5x10,1.5,-,10.0,NAK55/NAK80/HPM1,~43HRC,Prehardened steels,13000,520.0,0.05,1.5,https://www.ns-tool.com/ja/products/webcatalog/data/MHR230/MHR230_S.xlsx,,日進工具 公式切削条件参考表(XLSX)。深リブ・溝加工条件のためae=工具径として登録。
NS TOOL,MHR230,無限コーティング 2枚刃ロングネックエンドミル（深リブ用） MHR230,SQUARE,MHR230 φ1.5x10,1.5,-,10.0,銅・アルミニウム合金,,Copper / aluminum alloys,20000,1100.0,0.07,1.5,https://www.ns-tool.com/ja/products/webcatalog/data/MHR230/MHR230_S.xlsx,,日進工具 公式切削条件参考表(XLSX)。深リブ・溝加工条件のためae=工具径として登録。
NS TOOL,MHR230,無限コーティング 2枚刃ロングネックエンドミル（深リブ用） MHR230,SQUARE,MHR230 φ1.5x12,1.5,-,12.0,S50C,,Carbon steels,14000,700.0,0.05,1.5,https://www.ns-tool.com/ja/products/webcatalog/data/MHR230/MHR230_S.xlsx,,日進工具 公式切削条件参考表(XLSX)。深リブ・溝加工条件のためae=工具径として登録。
NS TOOL,MHR230,無限コーティング 2枚刃ロングネックエンドミル（深リブ用） MHR230,SQUARE,MHR230 φ1.5x12,1.5,-,12.0,SCM/SKD/SUS,,Alloy / stainless steels,11200,560.0,0.05,1.5,https://www.ns-tool.com/ja/products/webcatalog/data/MHR230/MHR230_S.xlsx,,日進工具 公式切削条件参考表(XLSX)。深リブ・溝加工条件のためae=工具径として登録。カタログ※1に基づき合金鋼・ステンレス鋼は回転数・送り80%換算。
NS TOOL,MHR230,無限コーティング 2枚刃ロングネックエンドミル（深リブ用） MHR230,SQUARE,MHR230 φ1.5x12,1.5,-,12.0,NAK55/NAK80/HPM1,~43HRC,Prehardened steels,12000,450.0,0.04,1.5,https://www.ns-tool.com/ja/products/webcatalog/data/MHR230/MHR230_S.xlsx,,日進工具 公式切削条件参考表(XLSX)。深リブ・溝加工条件のためae=工具径として登録。
NS TOOL,MHR230,無限コーティング 2枚刃ロングネックエンドミル（深リブ用） MHR230,SQUARE,MHR230 φ1.5x12,1.5,-,12.0,銅・アルミニウム合金,,Copper / aluminum alloys,17000,850.0,0.06,1.5,https://www.ns-tool.com/ja/products/webcatalog/data/MHR230/MHR230_S.xlsx,,日進工具 公式切削条件参考表(XLSX)。深リブ・溝加工条件のためae=工具径として登録。
NS TOOL,MHR230,無限コーティング 2枚刃ロングネックエンドミル（深リブ用） MHR230,SQUARE,MHR230 φ1.5x14,1.5,-,14.0,S50C,,Carbon steels,13000,600.0,0.04,1.5,https://www.ns-tool.com/ja/products/webcatalog/data/MHR230/MHR230_S.xlsx,,日進工具 公式切削条件参考表(XLSX)。深リブ・溝加工条件のためae=工具径として登録。
NS TOOL,MHR230,無限コーティング 2枚刃ロングネックエンドミル（深リブ用） MHR230,SQUARE,MHR230 φ1.5x14,1.5,-,14.0,SCM/SKD/SUS,,Alloy / stainless steels,10400,480.0,0.04,1.5,https://www.ns-tool.com/ja/products/webcatalog/data/MHR230/MHR230_S.xlsx,,日進工具 公式切削条件参考表(XLSX)。深リブ・溝加工条件のためae=工具径として登録。カタログ※1に基づき合金鋼・ステンレス鋼は回転数・送り80%換算。
NS TOOL,MHR230,無限コーティング 2枚刃ロングネックエンドミル（深リブ用） MHR230,SQUARE,MHR230 φ1.5x14,1.5,-,14.0,NAK55/NAK80/HPM1,~43HRC,Prehardened steels,11000,380.0,0.03,1.5,https://www.ns-tool.com/ja/products/webcatalog/data/MHR230/MHR230_S.xlsx,,日進工具 公式切削条件参考表(XLSX)。深リブ・溝加工条件のためae=工具径として登録。
NS TOOL,MHR230,無限コーティング 2枚刃ロングネックエンドミル（深リブ用） MHR230,SQUARE,MHR230 φ1.5x14,1.5,-,14.0,銅・アルミニウム合金,,Copper / aluminum alloys,16000,750.0,0.05,1.5,https://www.ns-tool.com/ja/products/webcatalog/data/MHR230/MHR230_S.xlsx,,日進工具 公式切削条件参考表(XLSX)。深リブ・溝加工条件のためae=工具径として登録。
NS TOOL,MHR230,無限コーティング 2枚刃ロングネックエンドミル（深リブ用） MHR230,SQUARE,MHR230 φ1.5x16,1.5,-,16.0,S50C,,Carbon steels,12000,500.0,0.035,1.5,https://www.ns-tool.com/ja/products/webcatalog/data/MHR230/MHR230_S.xlsx,,日進工具 公式切削条件参考表(XLSX)。深リブ・溝加工条件のためae=工具径として登録。
NS TOOL,MHR230,無限コーティング 2枚刃ロングネックエンドミル（深リブ用） MHR230,SQUARE,MHR230 φ1.5x16,1.5,-,16.0,SCM/SKD/SUS,,Alloy / stainless steels,9600,400.0,0.035,1.5,https://www.ns-tool.com/ja/products/webcatalog/data/MHR230/MHR230_S.xlsx,,日進工具 公式切削条件参考表(XLSX)。深リブ・溝加工条件のためae=工具径として登録。カタログ※1に基づき合金鋼・ステンレス鋼は回転数・送り80%換算。
NS TOOL,MHR230,無限コーティング 2枚刃ロングネックエンドミル（深リブ用） MHR230,SQUARE,MHR230 φ1.5x16,1.5,-,16.0,NAK55/NAK80/HPM1,~43HRC,Prehardened steels,10000,320.0,0.025,1.5,https://www.ns-tool.com/ja/products/webcatalog/data/MHR230/MHR230_S.xlsx,,日進工具 公式切削条件参考表(XLSX)。深リブ・溝加工条件のためae=工具径として登録。
NS TOOL,MHR230,無限コーティング 2枚刃ロングネックエンドミル（深リブ用） MHR230,SQUARE,MHR230 φ1.5x16,1.5,-,16.0,銅・アルミニウム合金,,Copper / aluminum alloys,15000,650.0,0.04,1.5,https://www.ns-tool.com/ja/products/webcatalog/data/MHR230/MHR230_S.xlsx,,日進工具 公式切削条件参考表(XLSX)。深リブ・溝加工条件のためae=工具径として登録。
NS TOOL,MHR230,無限コーティング 2枚刃ロングネックエンドミル（深リブ用） MHR230,SQUARE,MHR230 φ1.5x18,1.5,-,18.0,S50C,,Carbon steels,11000,450.0,0.03,1.5,https://www.ns-tool.com/ja/products/webcatalog/data/MHR230/MHR230_S.xlsx,,日進工具 公式切削条件参考表(XLSX)。深リブ・溝加工条件のためae=工具径として登録。
NS TOOL,MHR230,無限コーティング 2枚刃ロングネックエンドミル（深リブ用） MHR230,SQUARE,MHR230 φ1.5x18,1.5,-,18.0,SCM/SKD/SUS,,Alloy / stainless steels,8800,360.0,0.03,1.5,https://www.ns-tool.com/ja/products/webcatalog/data/MHR230/MHR230_S.xlsx,,日進工具 公式切削条件参考表(XLSX)。深リブ・溝加工条件のためae=工具径として登録。カタログ※1に基づき合金鋼・ステンレス鋼は回転数・送り80%換算。
NS TOOL,MHR230,無限コーティング 2枚刃ロングネックエンドミル（深リブ用） MHR230,SQUARE,MHR230 φ1.5x18,1.5,-,18.0,NAK55/NAK80/HPM1,~43HRC,Prehardened steels,9000,280.0,0.02,1.5,https://www.ns-tool.com/ja/products/webcatalog/data/MHR230/MHR230_S.xlsx,,日進工具 公式切削条件参考表(XLSX)。深リブ・溝加工条件のためae=工具径として登録。
NS TOOL,MHR230,無限コーティング 2枚刃ロングネックエンドミル（深リブ用） MHR230,SQUARE,MHR230 φ1.5x18,1.5,-,18.0,銅・アルミニウム合金,,Copper / aluminum alloys,13000,530.0,0.035,1.5,https://www.ns-tool.com/ja/products/webcatalog/data/MHR230/MHR230_S.xlsx,,日進工具 公式切削条件参考表(XLSX)。深リブ・溝加工条件のためae=工具径として登録。
NS TOOL,MHR230,無限コーティング 2枚刃ロングネックエンドミル（深リブ用） MHR230,SQUARE,MHR230 φ1.5x20,1.5,-,20.0,S50C,,Carbon steels,10000,400.0,0.02,1.5,https://www.ns-tool.com/ja/products/webcatalog/data/MHR230/MHR230_S.xlsx,,日進工具 公式切削条件参考表(XLSX)。深リブ・溝加工条件のためae=工具径として登録。
NS TOOL,MHR230,無限コーティング 2枚刃ロングネックエンドミル（深リブ用） MHR230,SQUARE,MHR230 φ1.5x20,1.5,-,20.0,SCM/SKD/SUS,,Alloy / stainless steels,8000,320.0,0.02,1.5,https://www.ns-tool.com/ja/products/webcatalog/data/MHR230/MHR230_S.xlsx,,日進工具 公式切削条件参考表(XLSX)。深リブ・溝加工条件のためae=工具径として登録。カタログ※1に基づき合金鋼・ステンレス鋼は回転数・送り80%換算。
NS TOOL,MHR230,無限コーティング 2枚刃ロングネックエンドミル（深リブ用） MHR230,SQUARE,MHR230 φ1.5x20,1.5,-,20.0,NAK55/NAK80/HPM1,~43HRC,Prehardened steels,8000,240.0,0.014,1.5,https://www.ns-tool.com/ja/products/webcatalog/data/MHR230/MHR230_S.xlsx,,日進工具 公式切削条件参考表(XLSX)。深リブ・溝加工条件のためae=工具径として登録。
NS TOOL,MHR230,無限コーティング 2枚刃ロングネックエンドミル（深リブ用） MHR230,SQUARE,MHR230 φ1.5x20,1.5,-,20.0,銅・アルミニウム合金,,Copper / aluminum alloys,12000,480.0,0.025,1.5,https://www.ns-tool.com/ja/products/webcatalog/data/MHR230/MHR230_S.xlsx,,日進工具 公式切削条件参考表(XLSX)。深リブ・溝加工条件のためae=工具径として登録。
NS TOOL,MHR230,無限コーティング 2枚刃ロングネックエンドミル（深リブ用） MHR230,SQUARE,MHR230 φ1.5x25,1.5,-,25.0,S50C,,Carbon steels,9000,350.0,0.015,1.5,https://www.ns-tool.com/ja/products/webcatalog/data/MHR230/MHR230_S.xlsx,,日進工具 公式切削条件参考表(XLSX)。深リブ・溝加工条件のためae=工具径として登録。
NS TOOL,MHR230,無限コーティング 2枚刃ロングネックエンドミル（深リブ用） MHR230,SQUARE,MHR230 φ1.5x25,1.5,-,25.0,SCM/SKD/SUS,,Alloy / stainless steels,7200,280.0,0.015,1.5,https://www.ns-tool.com/ja/products/webcatalog/data/MHR230/MHR230_S.xlsx,,日進工具 公式切削条件参考表(XLSX)。深リブ・溝加工条件のためae=工具径として登録。カタログ※1に基づき合金鋼・ステンレス鋼は回転数・送り80%換算。
NS TOOL,MHR230,無限コーティング 2枚刃ロングネックエンドミル（深リブ用） MHR230,SQUARE,MHR230 φ1.5x25,1.5,-,25.0,NAK55/NAK80/HPM1,~43HRC,Prehardened steels,7000,200.0,0.01,1.5,https://www.ns-tool.com/ja/products/webcatalog/data/MHR230/MHR230_S.xlsx,,日進工具 公式切削条件参考表(XLSX)。深リブ・溝加工条件のためae=工具径として登録。
NS TOOL,MHR230,無限コーティング 2枚刃ロングネックエンドミル（深リブ用） MHR230,SQUARE,MHR230 φ1.5x25,1.5,-,25.0,銅・アルミニウム合金,,Copper / aluminum alloys,9000,350.0,0.018,1.5,https://www.ns-tool.com/ja/products/webcatalog/data/MHR230/MHR230_S.xlsx,,日進工具 公式切削条件参考表(XLSX)。深リブ・溝加工条件のためae=工具径として登録。
NS TOOL,MHR230,無限コーティング 2枚刃ロングネックエンドミル（深リブ用） MHR230,SQUARE,MHR230 φ1.5x30,1.5,-,30.0,S50C,,Carbon steels,8000,300.0,0.008,1.5,https://www.ns-tool.com/ja/products/webcatalog/data/MHR230/MHR230_S.xlsx,,日進工具 公式切削条件参考表(XLSX)。深リブ・溝加工条件のためae=工具径として登録。
NS TOOL,MHR230,無限コーティング 2枚刃ロングネックエンドミル（深リブ用） MHR230,SQUARE,MHR230 φ1.5x30,1.5,-,30.0,SCM/SKD/SUS,,Alloy / stainless steels,6400,240.0,0.008,1.5,https://www.ns-tool.com/ja/products/webcatalog/data/MHR230/MHR230_S.xlsx,,日進工具 公式切削条件参考表(XLSX)。深リブ・溝加工条件のためae=工具径として登録。カタログ※1に基づき合金鋼・ステンレス鋼は回転数・送り80%換算。
NS TOOL,MHR230,無限コーティング 2枚刃ロングネックエンドミル（深リブ用） MHR230,SQUARE,MHR230 φ1.5x30,1.5,-,30.0,NAK55/NAK80/HPM1,~43HRC,Prehardened steels,6000,170.0,0.005,1.5,https://www.ns-tool.com/ja/products/webcatalog/data/MHR230/MHR230_S.xlsx,,日進工具 公式切削条件参考表(XLSX)。深リブ・溝加工条件のためae=工具径として登録。
NS TOOL,MHR230,無限コーティング 2枚刃ロングネックエンドミル（深リブ用） MHR230,SQUARE,MHR230 φ1.5x30,1.5,-,30.0,銅・アルミニウム合金,,Copper / aluminum alloys,8000,300.0,0.01,1.5,https://www.ns-tool.com/ja/products/webcatalog/data/MHR230/MHR230_S.xlsx,,日進工具 公式切削条件参考表(XLSX)。深リブ・溝加工条件のためae=工具径として登録。
NS TOOL,MHR230,無限コーティング 2枚刃ロングネックエンドミル（深リブ用） MHR230,SQUARE,MHR230 φ1.5x35,1.5,-,35.0,S50C,,Carbon steels,7000,200.0,0.005,1.5,https://www.ns-tool.com/ja/products/webcatalog/data/MHR230/MHR230_S.xlsx,,日進工具 公式切削条件参考表(XLSX)。深リブ・溝加工条件のためae=工具径として登録。
NS TOOL,MHR230,無限コーティング 2枚刃ロングネックエンドミル（深リブ用） MHR230,SQUARE,MHR230 φ1.5x35,1.5,-,35.0,SCM/SKD/SUS,,Alloy / stainless steels,5600,160.0,0.005,1.5,https://www.ns-tool.com/ja/products/webcatalog/data/MHR230/MHR230_S.xlsx,,日進工具 公式切削条件参考表(XLSX)。深リブ・溝加工条件のためae=工具径として登録。カタログ※1に基づき合金鋼・ステンレス鋼は回転数・送り80%換算。
NS TOOL,MHR230,無限コーティング 2枚刃ロングネックエンドミル（深リブ用） MHR230,SQUARE,MHR230 φ1.5x35,1.5,-,35.0,NAK55/NAK80/HPM1,~43HRC,Prehardened steels,5500,130.0,0.003,1.5,https://www.ns-tool.com/ja/products/webcatalog/data/MHR230/MHR230_S.xlsx,,日進工具 公式切削条件参考表(XLSX)。深リブ・溝加工条件のためae=工具径として登録。
NS TOOL,MHR230,無限コーティング 2枚刃ロングネックエンドミル（深リブ用） MHR230,SQUARE,MHR230 φ1.5x35,1.5,-,35.0,銅・アルミニウム合金,,Copper / aluminum alloys,7000,200.0,0.006,1.5,https://www.ns-tool.com/ja/products/webcatalog/data/MHR230/MHR230_S.xlsx,,日進工具 公式切削条件参考表(XLSX)。深リブ・溝加工条件のためae=工具径として登録。
NS TOOL,MHR230,無限コーティング 2枚刃ロングネックエンドミル（深リブ用） MHR230,SQUARE,MHR230 φ1.5x38,1.5,-,38.0,S50C,,Carbon steels,6700,170.0,0.003,1.5,https://www.ns-tool.com/ja/products/webcatalog/data/MHR230/MHR230_S.xlsx,,日進工具 公式切削条件参考表(XLSX)。深リブ・溝加工条件のためae=工具径として登録。
NS TOOL,MHR230,無限コーティング 2枚刃ロングネックエンドミル（深リブ用） MHR230,SQUARE,MHR230 φ1.5x38,1.5,-,38.0,SCM/SKD/SUS,,Alloy / stainless steels,5360,136.0,0.003,1.5,https://www.ns-tool.com/ja/products/webcatalog/data/MHR230/MHR230_S.xlsx,,日進工具 公式切削条件参考表(XLSX)。深リブ・溝加工条件のためae=工具径として登録。カタログ※1に基づき合金鋼・ステンレス鋼は回転数・送り80%換算。
NS TOOL,MHR230,無限コーティング 2枚刃ロングネックエンドミル（深リブ用） MHR230,SQUARE,MHR230 φ1.5x38,1.5,-,38.0,NAK55/NAK80/HPM1,~43HRC,Prehardened steels,5200,110.0,0.002,1.5,https://www.ns-tool.com/ja/products/webcatalog/data/MHR230/MHR230_S.xlsx,,日進工具 公式切削条件参考表(XLSX)。深リブ・溝加工条件のためae=工具径として登録。
NS TOOL,MHR230,無限コーティング 2枚刃ロングネックエンドミル（深リブ用） MHR230,SQUARE,MHR230 φ1.5x38,1.5,-,38.0,銅・アルミニウム合金,,Copper / aluminum alloys,6700,170.0,0.003,1.5,https://www.ns-tool.com/ja/products/webcatalog/data/MHR230/MHR230_S.xlsx,,日進工具 公式切削条件参考表(XLSX)。深リブ・溝加工条件のためae=工具径として登録。
NS TOOL,MHR230,無限コーティング 2枚刃ロングネックエンドミル（深リブ用） MHR230,SQUARE,MHR230 φ1.5x40,1.5,-,40.0,S50C,,Carbon steels,6500,150.0,0.002,1.5,https://www.ns-tool.com/ja/products/webcatalog/data/MHR230/MHR230_S.xlsx,,日進工具 公式切削条件参考表(XLSX)。深リブ・溝加工条件のためae=工具径として登録。
NS TOOL,MHR230,無限コーティング 2枚刃ロングネックエンドミル（深リブ用） MHR230,SQUARE,MHR230 φ1.5x40,1.5,-,40.0,SCM/SKD/SUS,,Alloy / stainless steels,5200,120.0,0.002,1.5,https://www.ns-tool.com/ja/products/webcatalog/data/MHR230/MHR230_S.xlsx,,日進工具 公式切削条件参考表(XLSX)。深リブ・溝加工条件のためae=工具径として登録。カタログ※1に基づき合金鋼・ステンレス鋼は回転数・送り80%換算。
NS TOOL,MHR230,無限コーティング 2枚刃ロングネックエンドミル（深リブ用） MHR230,SQUARE,MHR230 φ1.5x40,1.5,-,40.0,NAK55/NAK80/HPM1,~43HRC,Prehardened steels,5000,90.0,0.002,1.5,https://www.ns-tool.com/ja/products/webcatalog/data/MHR230/MHR230_S.xlsx,,日進工具 公式切削条件参考表(XLSX)。深リブ・溝加工条件のためae=工具径として登録。
NS TOOL,MHR230,無限コーティング 2枚刃ロングネックエンドミル（深リブ用） MHR230,SQUARE,MHR230 φ1.5x40,1.5,-,40.0,銅・アルミニウム合金,,Copper / aluminum alloys,6500,150.0,0.002,1.5,https://www.ns-tool.com/ja/products/webcatalog/data/MHR230/MHR230_S.xlsx,,日進工具 公式切削条件参考表(XLSX)。深リブ・溝加工条件のためae=工具径として登録。
NS TOOL,MHR230,無限コーティング 2枚刃ロングネックエンドミル（深リブ用） MHR230,SQUARE,MHR230 φ1.5x45,1.5,-,45.0,S50C,,Carbon steels,6000,100.0,0.002,1.5,https://www.ns-tool.com/ja/products/webcatalog/data/MHR230/MHR230_S.xlsx,,日進工具 公式切削条件参考表(XLSX)。深リブ・溝加工条件のためae=工具径として登録。
NS TOOL,MHR230,無限コーティング 2枚刃ロングネックエンドミル（深リブ用） MHR230,SQUARE,MHR230 φ1.5x45,1.5,-,45.0,SCM/SKD/SUS,,Alloy / stainless steels,4800,80.0,0.002,1.5,https://www.ns-tool.com/ja/products/webcatalog/data/MHR230/MHR230_S.xlsx,,日進工具 公式切削条件参考表(XLSX)。深リブ・溝加工条件のためae=工具径として登録。カタログ※1に基づき合金鋼・ステンレス鋼は回転数・送り80%換算。
NS TOOL,MHR230,無限コーティング 2枚刃ロングネックエンドミル（深リブ用） MHR230,SQUARE,MHR230 φ1.5x45,1.5,-,45.0,NAK55/NAK80/HPM1,~43HRC,Prehardened steels,4500,60.0,0.002,1.5,https://www.ns-tool.com/ja/products/webcatalog/data/MHR230/MHR230_S.xlsx,,日進工具 公式切削条件参考表(XLSX)。深リブ・溝加工条件のためae=工具径として登録。
NS TOOL,MHR230,無限コーティング 2枚刃ロングネックエンドミル（深リブ用） MHR230,SQUARE,MHR230 φ1.5x45,1.5,-,45.0,銅・アルミニウム合金,,Copper / aluminum alloys,6000,100.0,0.002,1.5,https://www.ns-tool.com/ja/products/webcatalog/data/MHR230/MHR230_S.xlsx,,日進工具 公式切削条件参考表(XLSX)。深リブ・溝加工条件のためae=工具径として登録。
NS TOOL,MHR230,無限コーティング 2枚刃ロングネックエンドミル（深リブ用） MHR230,SQUARE,MHR230 φ1.6x6,1.6,-,6.0,S50C,,Carbon steels,20000,1200.0,0.09,1.6,https://www.ns-tool.com/ja/products/webcatalog/data/MHR230/MHR230_S.xlsx,,日進工具 公式切削条件参考表(XLSX)。深リブ・溝加工条件のためae=工具径として登録。
NS TOOL,MHR230,無限コーティング 2枚刃ロングネックエンドミル（深リブ用） MHR230,SQUARE,MHR230 φ1.6x6,1.6,-,6.0,SCM/SKD/SUS,,Alloy / stainless steels,16000,960.0,0.09,1.6,https://www.ns-tool.com/ja/products/webcatalog/data/MHR230/MHR230_S.xlsx,,日進工具 公式切削条件参考表(XLSX)。深リブ・溝加工条件のためae=工具径として登録。カタログ※1に基づき合金鋼・ステンレス鋼は回転数・送り80%換算。
NS TOOL,MHR230,無限コーティング 2枚刃ロングネックエンドミル（深リブ用） MHR230,SQUARE,MHR230 φ1.6x6,1.6,-,6.0,NAK55/NAK80/HPM1,~43HRC,Prehardened steels,16000,720.0,0.08,1.6,https://www.ns-tool.com/ja/products/webcatalog/data/MHR230/MHR230_S.xlsx,,日進工具 公式切削条件参考表(XLSX)。深リブ・溝加工条件のためae=工具径として登録。
NS TOOL,MHR230,無限コーティング 2枚刃ロングネックエンドミル（深リブ用） MHR230,SQUARE,MHR230 φ1.6x6,1.6,-,6.0,銅・アルミニウム合金,,Copper / aluminum alloys,24000,1500.0,0.1,1.6,https://www.ns-tool.com/ja/products/webcatalog/data/MHR230/MHR230_S.xlsx,,日進工具 公式切削条件参考表(XLSX)。深リブ・溝加工条件のためae=工具径として登録。
NS TOOL,MHR230,無限コーティング 2枚刃ロングネックエンドミル（深リブ用） MHR230,SQUARE,MHR230 φ1.6x8,1.6,-,8.0,S50C,,Carbon steels,18000,1000.0,0.08,1.6,https://www.ns-tool.com/ja/products/webcatalog/data/MHR230/MHR230_S.xlsx,,日進工具 公式切削条件参考表(XLSX)。深リブ・溝加工条件のためae=工具径として登録。
NS TOOL,MHR230,無限コーティング 2枚刃ロングネックエンドミル（深リブ用） MHR230,SQUARE,MHR230 φ1.6x8,1.6,-,8.0,SCM/SKD/SUS,,Alloy / stainless steels,14400,800.0,0.08,1.6,https://www.ns-tool.com/ja/products/webcatalog/data/MHR230/MHR230_S.xlsx,,日進工具 公式切削条件参考表(XLSX)。深リブ・溝加工条件のためae=工具径として登録。カタログ※1に基づき合金鋼・ステンレス鋼は回転数・送り80%換算。
NS TOOL,MHR230,無限コーティング 2枚刃ロングネックエンドミル（深リブ用） MHR230,SQUARE,MHR230 φ1.6x8,1.6,-,8.0,NAK55/NAK80/HPM1,~43HRC,Prehardened steels,14000,580.0,0.07,1.6,https://www.ns-tool.com/ja/products/webcatalog/data/MHR230/MHR230_S.xlsx,,日進工具 公式切削条件参考表(XLSX)。深リブ・溝加工条件のためae=工具径として登録。
NS TOOL,MHR230,無限コーティング 2枚刃ロングネックエンドミル（深リブ用） MHR230,SQUARE,MHR230 φ1.6x8,1.6,-,8.0,銅・アルミニウム合金,,Copper / aluminum alloys,22000,1300.0,0.09,1.6,https://www.ns-tool.com/ja/products/webcatalog/data/MHR230/MHR230_S.xlsx,,日進工具 公式切削条件参考表(XLSX)。深リブ・溝加工条件のためae=工具径として登録。
NS TOOL,MHR230,無限コーティング 2枚刃ロングネックエンドミル（深リブ用） MHR230,SQUARE,MHR230 φ1.6x10,1.6,-,10.0,S50C,,Carbon steels,16000,850.0,0.07,1.6,https://www.ns-tool.com/ja/products/webcatalog/data/MHR230/MHR230_S.xlsx,,日進工具 公式切削条件参考表(XLSX)。深リブ・溝加工条件のためae=工具径として登録。
NS TOOL,MHR230,無限コーティング 2枚刃ロングネックエンドミル（深リブ用） MHR230,SQUARE,MHR230 φ1.6x10,1.6,-,10.0,SCM/SKD/SUS,,Alloy / stainless steels,12800,680.0,0.07,1.6,https://www.ns-tool.com/ja/products/webcatalog/data/MHR230/MHR230_S.xlsx,,日進工具 公式切削条件参考表(XLSX)。深リブ・溝加工条件のためae=工具径として登録。カタログ※1に基づき合金鋼・ステンレス鋼は回転数・送り80%換算。
NS TOOL,MHR230,無限コーティング 2枚刃ロングネックエンドミル（深リブ用） MHR230,SQUARE,MHR230 φ1.6x10,1.6,-,10.0,NAK55/NAK80/HPM1,~43HRC,Prehardened steels,13000,520.0,0.06,1.6,https://www.ns-tool.com/ja/products/webcatalog/data/MHR230/MHR230_S.xlsx,,日進工具 公式切削条件参考表(XLSX)。深リブ・溝加工条件のためae=工具径として登録。
NS TOOL,MHR230,無限コーティング 2枚刃ロングネックエンドミル（深リブ用） MHR230,SQUARE,MHR230 φ1.6x10,1.6,-,10.0,銅・アルミニウム合金,,Copper / aluminum alloys,20000,1100.0,0.08,1.6,https://www.ns-tool.com/ja/products/webcatalog/data/MHR230/MHR230_S.xlsx,,日進工具 公式切削条件参考表(XLSX)。深リブ・溝加工条件のためae=工具径として登録。
NS TOOL,MHR230,無限コーティング 2枚刃ロングネックエンドミル（深リブ用） MHR230,SQUARE,MHR230 φ1.6x12,1.6,-,12.0,S50C,,Carbon steels,14000,700.0,0.06,1.6,https://www.ns-tool.com/ja/products/webcatalog/data/MHR230/MHR230_S.xlsx,,日進工具 公式切削条件参考表(XLSX)。深リブ・溝加工条件のためae=工具径として登録。
NS TOOL,MHR230,無限コーティング 2枚刃ロングネックエンドミル（深リブ用） MHR230,SQUARE,MHR230 φ1.6x12,1.6,-,12.0,SCM/SKD/SUS,,Alloy / stainless steels,11200,560.0,0.06,1.6,https://www.ns-tool.com/ja/products/webcatalog/data/MHR230/MHR230_S.xlsx,,日進工具 公式切削条件参考表(XLSX)。深リブ・溝加工条件のためae=工具径として登録。カタログ※1に基づき合金鋼・ステンレス鋼は回転数・送り80%換算。
NS TOOL,MHR230,無限コーティング 2枚刃ロングネックエンドミル（深リブ用） MHR230,SQUARE,MHR230 φ1.6x12,1.6,-,12.0,NAK55/NAK80/HPM1,~43HRC,Prehardened steels,12000,450.0,0.05,1.6,https://www.ns-tool.com/ja/products/webcatalog/data/MHR230/MHR230_S.xlsx,,日進工具 公式切削条件参考表(XLSX)。深リブ・溝加工条件のためae=工具径として登録。
NS TOOL,MHR230,無限コーティング 2枚刃ロングネックエンドミル（深リブ用） MHR230,SQUARE,MHR230 φ1.6x12,1.6,-,12.0,銅・アルミニウム合金,,Copper / aluminum alloys,18000,900.0,0.07,1.6,https://www.ns-tool.com/ja/products/webcatalog/data/MHR230/MHR230_S.xlsx,,日進工具 公式切削条件参考表(XLSX)。深リブ・溝加工条件のためae=工具径として登録。
NS TOOL,MHR230,無限コーティング 2枚刃ロングネックエンドミル（深リブ用） MHR230,SQUARE,MHR230 φ1.6x14,1.6,-,14.0,S50C,,Carbon steels,13000,600.0,0.05,1.6,https://www.ns-tool.com/ja/products/webcatalog/data/MHR230/MHR230_S.xlsx,,日進工具 公式切削条件参考表(XLSX)。深リブ・溝加工条件のためae=工具径として登録。
NS TOOL,MHR230,無限コーティング 2枚刃ロングネックエンドミル（深リブ用） MHR230,SQUARE,MHR230 φ1.6x14,1.6,-,14.0,SCM/SKD/SUS,,Alloy / stainless steels,10400,480.0,0.05,1.6,https://www.ns-tool.com/ja/products/webcatalog/data/MHR230/MHR230_S.xlsx,,日進工具 公式切削条件参考表(XLSX)。深リブ・溝加工条件のためae=工具径として登録。カタログ※1に基づき合金鋼・ステンレス鋼は回転数・送り80%換算。
NS TOOL,MHR230,無限コーティング 2枚刃ロングネックエンドミル（深リブ用） MHR230,SQUARE,MHR230 φ1.6x14,1.6,-,14.0,NAK55/NAK80/HPM1,~43HRC,Prehardened steels,11000,380.0,0.04,1.6,https://www.ns-tool.com/ja/products/webcatalog/data/MHR230/MHR230_S.xlsx,,日進工具 公式切削条件参考表(XLSX)。深リブ・溝加工条件のためae=工具径として登録。
NS TOOL,MHR230,無限コーティング 2枚刃ロングネックエンドミル（深リブ用） MHR230,SQUARE,MHR230 φ1.6x14,1.6,-,14.0,銅・アルミニウム合金,,Copper / aluminum alloys,16000,750.0,0.06,1.6,https://www.ns-tool.com/ja/products/webcatalog/data/MHR230/MHR230_S.xlsx,,日進工具 公式切削条件参考表(XLSX)。深リブ・溝加工条件のためae=工具径として登録。
NS TOOL,MHR230,無限コーティング 2枚刃ロングネックエンドミル（深リブ用） MHR230,SQUARE,MHR230 φ1.6x16,1.6,-,16.0,S50C,,Carbon steels,12000,500.0,0.04,1.6,https://www.ns-tool.com/ja/products/webcatalog/data/MHR230/MHR230_S.xlsx,,日進工具 公式切削条件参考表(XLSX)。深リブ・溝加工条件のためae=工具径として登録。
NS TOOL,MHR230,無限コーティング 2枚刃ロングネックエンドミル（深リブ用） MHR230,SQUARE,MHR230 φ1.6x16,1.6,-,16.0,SCM/SKD/SUS,,Alloy / stainless steels,9600,400.0,0.04,1.6,https://www.ns-tool.com/ja/products/webcatalog/data/MHR230/MHR230_S.xlsx,,日進工具 公式切削条件参考表(XLSX)。深リブ・溝加工条件のためae=工具径として登録。カタログ※1に基づき合金鋼・ステンレス鋼は回転数・送り80%換算。
NS TOOL,MHR230,無限コーティング 2枚刃ロングネックエンドミル（深リブ用） MHR230,SQUARE,MHR230 φ1.6x16,1.6,-,16.0,NAK55/NAK80/HPM1,~43HRC,Prehardened steels,10000,320.0,0.03,1.6,https://www.ns-tool.com/ja/products/webcatalog/data/MHR230/MHR230_S.xlsx,,日進工具 公式切削条件参考表(XLSX)。深リブ・溝加工条件のためae=工具径として登録。
NS TOOL,MHR230,無限コーティング 2枚刃ロングネックエンドミル（深リブ用） MHR230,SQUARE,MHR230 φ1.6x16,1.6,-,16.0,銅・アルミニウム合金,,Copper / aluminum alloys,14000,620.0,0.05,1.6,https://www.ns-tool.com/ja/products/webcatalog/data/MHR230/MHR230_S.xlsx,,日進工具 公式切削条件参考表(XLSX)。深リブ・溝加工条件のためae=工具径として登録。
NS TOOL,MHR230,無限コーティング 2枚刃ロングネックエンドミル（深リブ用） MHR230,SQUARE,MHR230 φ1.6x18,1.6,-,18.0,S50C,,Carbon steels,11000,450.0,0.03,1.6,https://www.ns-tool.com/ja/products/webcatalog/data/MHR230/MHR230_S.xlsx,,日進工具 公式切削条件参考表(XLSX)。深リブ・溝加工条件のためae=工具径として登録。
NS TOOL,MHR230,無限コーティング 2枚刃ロングネックエンドミル（深リブ用） MHR230,SQUARE,MHR230 φ1.6x18,1.6,-,18.0,SCM/SKD/SUS,,Alloy / stainless steels,8800,360.0,0.03,1.6,https://www.ns-tool.com/ja/products/webcatalog/data/MHR230/MHR230_S.xlsx,,日進工具 公式切削条件参考表(XLSX)。深リブ・溝加工条件のためae=工具径として登録。カタログ※1に基づき合金鋼・ステンレス鋼は回転数・送り80%換算。
NS TOOL,MHR230,無限コーティング 2枚刃ロングネックエンドミル（深リブ用） MHR230,SQUARE,MHR230 φ1.6x18,1.6,-,18.0,NAK55/NAK80/HPM1,~43HRC,Prehardened steels,9000,280.0,0.025,1.6,https://www.ns-tool.com/ja/products/webcatalog/data/MHR230/MHR230_S.xlsx,,日進工具 公式切削条件参考表(XLSX)。深リブ・溝加工条件のためae=工具径として登録。
NS TOOL,MHR230,無限コーティング 2枚刃ロングネックエンドミル（深リブ用） MHR230,SQUARE,MHR230 φ1.6x18,1.6,-,18.0,銅・アルミニウム合金,,Copper / aluminum alloys,13000,530.0,0.035,1.6,https://www.ns-tool.com/ja/products/webcatalog/data/MHR230/MHR230_S.xlsx,,日進工具 公式切削条件参考表(XLSX)。深リブ・溝加工条件のためae=工具径として登録。
NS TOOL,MHR230,無限コーティング 2枚刃ロングネックエンドミル（深リブ用） MHR230,SQUARE,MHR230 φ1.6x20,1.6,-,20.0,S50C,,Carbon steels,10000,400.0,0.025,1.6,https://www.ns-tool.com/ja/products/webcatalog/data/MHR230/MHR230_S.xlsx,,日進工具 公式切削条件参考表(XLSX)。深リブ・溝加工条件のためae=工具径として登録。
NS TOOL,MHR230,無限コーティング 2枚刃ロングネックエンドミル（深リブ用） MHR230,SQUARE,MHR230 φ1.6x20,1.6,-,20.0,SCM/SKD/SUS,,Alloy / stainless steels,8000,320.0,0.025,1.6,https://www.ns-tool.com/ja/products/webcatalog/data/MHR230/MHR230_S.xlsx,,日進工具 公式切削条件参考表(XLSX)。深リブ・溝加工条件のためae=工具径として登録。カタログ※1に基づき合金鋼・ステンレス鋼は回転数・送り80%換算。
NS TOOL,MHR230,無限コーティング 2枚刃ロングネックエンドミル（深リブ用） MHR230,SQUARE,MHR230 φ1.6x20,1.6,-,20.0,NAK55/NAK80/HPM1,~43HRC,Prehardened steels,8000,240.0,0.018,1.6,https://www.ns-tool.com/ja/products/webcatalog/data/MHR230/MHR230_S.xlsx,,日進工具 公式切削条件参考表(XLSX)。深リブ・溝加工条件のためae=工具径として登録。
NS TOOL,MHR230,無限コーティング 2枚刃ロングネックエンドミル（深リブ用） MHR230,SQUARE,MHR230 φ1.6x20,1.6,-,20.0,銅・アルミニウム合金,,Copper / aluminum alloys,12000,480.0,0.03,1.6,https://www.ns-tool.com/ja/products/webcatalog/data/MHR230/MHR230_S.xlsx,,日進工具 公式切削条件参考表(XLSX)。深リブ・溝加工条件のためae=工具径として登録。
NS TOOL,MHR230,無限コーティング 2枚刃ロングネックエンドミル（深リブ用） MHR230,SQUARE,MHR230 φ1.6x26,1.6,-,26.0,S50C,,Carbon steels,9000,350.0,0.02,1.6,https://www.ns-tool.com/ja/products/webcatalog/data/MHR230/MHR230_S.xlsx,,日進工具 公式切削条件参考表(XLSX)。深リブ・溝加工条件のためae=工具径として登録。
NS TOOL,MHR230,無限コーティング 2枚刃ロングネックエンドミル（深リブ用） MHR230,SQUARE,MHR230 φ1.6x26,1.6,-,26.0,SCM/SKD/SUS,,Alloy / stainless steels,7200,280.0,0.02,1.6,https://www.ns-tool.com/ja/products/webcatalog/data/MHR230/MHR230_S.xlsx,,日進工具 公式切削条件参考表(XLSX)。深リブ・溝加工条件のためae=工具径として登録。カタログ※1に基づき合金鋼・ステンレス鋼は回転数・送り80%換算。
NS TOOL,MHR230,無限コーティング 2枚刃ロングネックエンドミル（深リブ用） MHR230,SQUARE,MHR230 φ1.6x26,1.6,-,26.0,NAK55/NAK80/HPM1,~43HRC,Prehardened steels,7000,200.0,0.014,1.6,https://www.ns-tool.com/ja/products/webcatalog/data/MHR230/MHR230_S.xlsx,,日進工具 公式切削条件参考表(XLSX)。深リブ・溝加工条件のためae=工具径として登録。
NS TOOL,MHR230,無限コーティング 2枚刃ロングネックエンドミル（深リブ用） MHR230,SQUARE,MHR230 φ1.6x26,1.6,-,26.0,銅・アルミニウム合金,,Copper / aluminum alloys,9000,350.0,0.025,1.6,https://www.ns-tool.com/ja/products/webcatalog/data/MHR230/MHR230_S.xlsx,,日進工具 公式切削条件参考表(XLSX)。深リブ・溝加工条件のためae=工具径として登録。
NS TOOL,MHR230,無限コーティング 2枚刃ロングネックエンドミル（深リブ用） MHR230,SQUARE,MHR230 φ1.8x6,1.8,-,6.0,S50C,,Carbon steels,18000,1300.0,0.1,1.8,https://www.ns-tool.com/ja/products/webcatalog/data/MHR230/MHR230_S.xlsx,,日進工具 公式切削条件参考表(XLSX)。深リブ・溝加工条件のためae=工具径として登録。
NS TOOL,MHR230,無限コーティング 2枚刃ロングネックエンドミル（深リブ用） MHR230,SQUARE,MHR230 φ1.8x6,1.8,-,6.0,SCM/SKD/SUS,,Alloy / stainless steels,14400,1040.0,0.1,1.8,https://www.ns-tool.com/ja/products/webcatalog/data/MHR230/MHR230_S.xlsx,,日進工具 公式切削条件参考表(XLSX)。深リブ・溝加工条件のためae=工具径として登録。カタログ※1に基づき合金鋼・ステンレス鋼は回転数・送り80%換算。
NS TOOL,MHR230,無限コーティング 2枚刃ロングネックエンドミル（深リブ用） MHR230,SQUARE,MHR230 φ1.8x6,1.8,-,6.0,NAK55/NAK80/HPM1,~43HRC,Prehardened steels,14000,760.0,0.09,1.8,https://www.ns-tool.com/ja/products/webcatalog/data/MHR230/MHR230_S.xlsx,,日進工具 公式切削条件参考表(XLSX)。深リブ・溝加工条件のためae=工具径として登録。
NS TOOL,MHR230,無限コーティング 2枚刃ロングネックエンドミル（深リブ用） MHR230,SQUARE,MHR230 φ1.8x6,1.8,-,6.0,銅・アルミニウム合金,,Copper / aluminum alloys,22000,1600.0,0.12,1.8,https://www.ns-tool.com/ja/products/webcatalog/data/MHR230/MHR230_S.xlsx,,日進工具 公式切削条件参考表(XLSX)。深リブ・溝加工条件のためae=工具径として登録。
NS TOOL,MHR230,無限コーティング 2枚刃ロングネックエンドミル（深リブ用） MHR230,SQUARE,MHR230 φ1.8x8,1.8,-,8.0,S50C,,Carbon steels,18000,1100.0,0.09,1.8,https://www.ns-tool.com/ja/products/webcatalog/data/MHR230/MHR230_S.xlsx,,日進工具 公式切削条件参考表(XLSX)。深リブ・溝加工条件のためae=工具径として登録。
NS TOOL,MHR230,無限コーティング 2枚刃ロングネックエンドミル（深リブ用） MHR230,SQUARE,MHR230 φ1.8x8,1.8,-,8.0,SCM/SKD/SUS,,Alloy / stainless steels,14400,880.0,0.09,1.8,https://www.ns-tool.com/ja/products/webcatalog/data/MHR230/MHR230_S.xlsx,,日進工具 公式切削条件参考表(XLSX)。深リブ・溝加工条件のためae=工具径として登録。カタログ※1に基づき合金鋼・ステンレス鋼は回転数・送り80%換算。
NS TOOL,MHR230,無限コーティング 2枚刃ロングネックエンドミル（深リブ用） MHR230,SQUARE,MHR230 φ1.8x8,1.8,-,8.0,NAK55/NAK80/HPM1,~43HRC,Prehardened steels,14000,640.0,0.08,1.8,https://www.ns-tool.com/ja/products/webcatalog/data/MHR230/MHR230_S.xlsx,,日進工具 公式切削条件参考表(XLSX)。深リブ・溝加工条件のためae=工具径として登録。
NS TOOL,MHR230,無限コーティング 2枚刃ロングネックエンドミル（深リブ用） MHR230,SQUARE,MHR230 φ1.8x8,1.8,-,8.0,銅・アルミニウム合金,,Copper / aluminum alloys,22000,1400.0,0.11,1.8,https://www.ns-tool.com/ja/products/webcatalog/data/MHR230/MHR230_S.xlsx,,日進工具 公式切削条件参考表(XLSX)。深リブ・溝加工条件のためae=工具径として登録。
NS TOOL,MHR230,無限コーティング 2枚刃ロングネックエンドミル（深リブ用） MHR230,SQUARE,MHR230 φ1.8x10,1.8,-,10.0,S50C,,Carbon steels,16000,900.0,0.08,1.8,https://www.ns-tool.com/ja/products/webcatalog/data/MHR230/MHR230_S.xlsx,,日進工具 公式切削条件参考表(XLSX)。深リブ・溝加工条件のためae=工具径として登録。
NS TOOL,MHR230,無限コーティング 2枚刃ロングネックエンドミル（深リブ用） MHR230,SQUARE,MHR230 φ1.8x10,1.8,-,10.0,SCM/SKD/SUS,,Alloy / stainless steels,12800,720.0,0.08,1.8,https://www.ns-tool.com/ja/products/webcatalog/data/MHR230/MHR230_S.xlsx,,日進工具 公式切削条件参考表(XLSX)。深リブ・溝加工条件のためae=工具径として登録。カタログ※1に基づき合金鋼・ステンレス鋼は回転数・送り80%換算。
NS TOOL,MHR230,無限コーティング 2枚刃ロングネックエンドミル（深リブ用） MHR230,SQUARE,MHR230 φ1.8x10,1.8,-,10.0,NAK55/NAK80/HPM1,~43HRC,Prehardened steels,13000,550.0,0.07,1.8,https://www.ns-tool.com/ja/products/webcatalog/data/MHR230/MHR230_S.xlsx,,日進工具 公式切削条件参考表(XLSX)。深リブ・溝加工条件のためae=工具径として登録。
NS TOOL,MHR230,無限コーティング 2枚刃ロングネックエンドミル（深リブ用） MHR230,SQUARE,MHR230 φ1.8x10,1.8,-,10.0,銅・アルミニウム合金,,Copper / aluminum alloys,20000,1200.0,0.1,1.8,https://www.ns-tool.com/ja/products/webcatalog/data/MHR230/MHR230_S.xlsx,,日進工具 公式切削条件参考表(XLSX)。深リブ・溝加工条件のためae=工具径として登録。
NS TOOL,MHR230,無限コーティング 2枚刃ロングネックエンドミル（深リブ用） MHR230,SQUARE,MHR230 φ1.8x12,1.8,-,12.0,S50C,,Carbon steels,14000,750.0,0.07,1.8,https://www.ns-tool.com/ja/products/webcatalog/data/MHR230/MHR230_S.xlsx,,日進工具 公式切削条件参考表(XLSX)。深リブ・溝加工条件のためae=工具径として登録。
NS TOOL,MHR230,無限コーティング 2枚刃ロングネックエンドミル（深リブ用） MHR230,SQUARE,MHR230 φ1.8x12,1.8,-,12.0,SCM/SKD/SUS,,Alloy / stainless steels,11200,600.0,0.07,1.8,https://www.ns-tool.com/ja/products/webcatalog/data/MHR230/MHR230_S.xlsx,,日進工具 公式切削条件参考表(XLSX)。深リブ・溝加工条件のためae=工具径として登録。カタログ※1に基づき合金鋼・ステンレス鋼は回転数・送り80%換算。
NS TOOL,MHR230,無限コーティング 2枚刃ロングネックエンドミル（深リブ用） MHR230,SQUARE,MHR230 φ1.8x12,1.8,-,12.0,NAK55/NAK80/HPM1,~43HRC,Prehardened steels,12000,480.0,0.06,1.8,https://www.ns-tool.com/ja/products/webcatalog/data/MHR230/MHR230_S.xlsx,,日進工具 公式切削条件参考表(XLSX)。深リブ・溝加工条件のためae=工具径として登録。
NS TOOL,MHR230,無限コーティング 2枚刃ロングネックエンドミル（深リブ用） MHR230,SQUARE,MHR230 φ1.8x12,1.8,-,12.0,銅・アルミニウム合金,,Copper / aluminum alloys,17000,900.0,0.085,1.8,https://www.ns-tool.com/ja/products/webcatalog/data/MHR230/MHR230_S.xlsx,,日進工具 公式切削条件参考表(XLSX)。深リブ・溝加工条件のためae=工具径として登録。
NS TOOL,MHR230,無限コーティング 2枚刃ロングネックエンドミル（深リブ用） MHR230,SQUARE,MHR230 φ1.8x14,1.8,-,14.0,S50C,,Carbon steels,13000,650.0,0.06,1.8,https://www.ns-tool.com/ja/products/webcatalog/data/MHR230/MHR230_S.xlsx,,日進工具 公式切削条件参考表(XLSX)。深リブ・溝加工条件のためae=工具径として登録。
NS TOOL,MHR230,無限コーティング 2枚刃ロングネックエンドミル（深リブ用） MHR230,SQUARE,MHR230 φ1.8x14,1.8,-,14.0,SCM/SKD/SUS,,Alloy / stainless steels,10400,520.0,0.06,1.8,https://www.ns-tool.com/ja/products/webcatalog/data/MHR230/MHR230_S.xlsx,,日進工具 公式切削条件参考表(XLSX)。深リブ・溝加工条件のためae=工具径として登録。カタログ※1に基づき合金鋼・ステンレス鋼は回転数・送り80%換算。
NS TOOL,MHR230,無限コーティング 2枚刃ロングネックエンドミル（深リブ用） MHR230,SQUARE,MHR230 φ1.8x14,1.8,-,14.0,NAK55/NAK80/HPM1,~43HRC,Prehardened steels,11000,420.0,0.05,1.8,https://www.ns-tool.com/ja/products/webcatalog/data/MHR230/MHR230_S.xlsx,,日進工具 公式切削条件参考表(XLSX)。深リブ・溝加工条件のためae=工具径として登録。
NS TOOL,MHR230,無限コーティング 2枚刃ロングネックエンドミル（深リブ用） MHR230,SQUARE,MHR230 φ1.8x14,1.8,-,14.0,銅・アルミニウム合金,,Copper / aluminum alloys,16000,800.0,0.07,1.8,https://www.ns-tool.com/ja/products/webcatalog/data/MHR230/MHR230_S.xlsx,,日進工具 公式切削条件参考表(XLSX)。深リブ・溝加工条件のためae=工具径として登録。
NS TOOL,MHR230,無限コーティング 2枚刃ロングネックエンドミル（深リブ用） MHR230,SQUARE,MHR230 φ1.8x16,1.8,-,16.0,S50C,,Carbon steels,12000,550.0,0.05,1.8,https://www.ns-tool.com/ja/products/webcatalog/data/MHR230/MHR230_S.xlsx,,日進工具 公式切削条件参考表(XLSX)。深リブ・溝加工条件のためae=工具径として登録。
NS TOOL,MHR230,無限コーティング 2枚刃ロングネックエンドミル（深リブ用） MHR230,SQUARE,MHR230 φ1.8x16,1.8,-,16.0,SCM/SKD/SUS,,Alloy / stainless steels,9600,440.0,0.05,1.8,https://www.ns-tool.com/ja/products/webcatalog/data/MHR230/MHR230_S.xlsx,,日進工具 公式切削条件参考表(XLSX)。深リブ・溝加工条件のためae=工具径として登録。カタログ※1に基づき合金鋼・ステンレス鋼は回転数・送り80%換算。
NS TOOL,MHR230,無限コーティング 2枚刃ロングネックエンドミル（深リブ用） MHR230,SQUARE,MHR230 φ1.8x16,1.8,-,16.0,NAK55/NAK80/HPM1,~43HRC,Prehardened steels,10000,350.0,0.04,1.8,https://www.ns-tool.com/ja/products/webcatalog/data/MHR230/MHR230_S.xlsx,,日進工具 公式切削条件参考表(XLSX)。深リブ・溝加工条件のためae=工具径として登録。
NS TOOL,MHR230,無限コーティング 2枚刃ロングネックエンドミル（深リブ用） MHR230,SQUARE,MHR230 φ1.8x16,1.8,-,16.0,銅・アルミニウム合金,,Copper / aluminum alloys,15000,700.0,0.06,1.8,https://www.ns-tool.com/ja/products/webcatalog/data/MHR230/MHR230_S.xlsx,,日進工具 公式切削条件参考表(XLSX)。深リブ・溝加工条件のためae=工具径として登録。
NS TOOL,MHR230,無限コーティング 2枚刃ロングネックエンドミル（深リブ用） MHR230,SQUARE,MHR230 φ1.8x18,1.8,-,18.0,S50C,,Carbon steels,11000,500.0,0.04,1.8,https://www.ns-tool.com/ja/products/webcatalog/data/MHR230/MHR230_S.xlsx,,日進工具 公式切削条件参考表(XLSX)。深リブ・溝加工条件のためae=工具径として登録。
NS TOOL,MHR230,無限コーティング 2枚刃ロングネックエンドミル（深リブ用） MHR230,SQUARE,MHR230 φ1.8x18,1.8,-,18.0,SCM/SKD/SUS,,Alloy / stainless steels,8800,400.0,0.04,1.8,https://www.ns-tool.com/ja/products/webcatalog/data/MHR230/MHR230_S.xlsx,,日進工具 公式切削条件参考表(XLSX)。深リブ・溝加工条件のためae=工具径として登録。カタログ※1に基づき合金鋼・ステンレス鋼は回転数・送り80%換算。
NS TOOL,MHR230,無限コーティング 2枚刃ロングネックエンドミル（深リブ用） MHR230,SQUARE,MHR230 φ1.8x18,1.8,-,18.0,NAK55/NAK80/HPM1,~43HRC,Prehardened steels,9000,310.0,0.03,1.8,https://www.ns-tool.com/ja/products/webcatalog/data/MHR230/MHR230_S.xlsx,,日進工具 公式切削条件参考表(XLSX)。深リブ・溝加工条件のためae=工具径として登録。
NS TOOL,MHR230,無限コーティング 2枚刃ロングネックエンドミル（深リブ用） MHR230,SQUARE,MHR230 φ1.8x18,1.8,-,18.0,銅・アルミニウム合金,,Copper / aluminum alloys,13000,600.0,0.05,1.8,https://www.ns-tool.com/ja/products/webcatalog/data/MHR230/MHR230_S.xlsx,,日進工具 公式切削条件参考表(XLSX)。深リブ・溝加工条件のためae=工具径として登録。
NS TOOL,MHR230,無限コーティング 2枚刃ロングネックエンドミル（深リブ用） MHR230,SQUARE,MHR230 φ1.8x20,1.8,-,20.0,S50C,,Carbon steels,10000,450.0,0.035,1.8,https://www.ns-tool.com/ja/products/webcatalog/data/MHR230/MHR230_S.xlsx,,日進工具 公式切削条件参考表(XLSX)。深リブ・溝加工条件のためae=工具径として登録。
NS TOOL,MHR230,無限コーティング 2枚刃ロングネックエンドミル（深リブ用） MHR230,SQUARE,MHR230 φ1.8x20,1.8,-,20.0,SCM/SKD/SUS,,Alloy / stainless steels,8000,360.0,0.035,1.8,https://www.ns-tool.com/ja/products/webcatalog/data/MHR230/MHR230_S.xlsx,,日進工具 公式切削条件参考表(XLSX)。深リブ・溝加工条件のためae=工具径として登録。カタログ※1に基づき合金鋼・ステンレス鋼は回転数・送り80%換算。
NS TOOL,MHR230,無限コーティング 2枚刃ロングネックエンドミル（深リブ用） MHR230,SQUARE,MHR230 φ1.8x20,1.8,-,20.0,NAK55/NAK80/HPM1,~43HRC,Prehardened steels,8000,270.0,0.025,1.8,https://www.ns-tool.com/ja/products/webcatalog/data/MHR230/MHR230_S.xlsx,,日進工具 公式切削条件参考表(XLSX)。深リブ・溝加工条件のためae=工具径として登録。
NS TOOL,MHR230,無限コーティング 2枚刃ロングネックエンドミル（深リブ用） MHR230,SQUARE,MHR230 φ1.8x20,1.8,-,20.0,銅・アルミニウム合金,,Copper / aluminum alloys,12000,540.0,0.04,1.8,https://www.ns-tool.com/ja/products/webcatalog/data/MHR230/MHR230_S.xlsx,,日進工具 公式切削条件参考表(XLSX)。深リブ・溝加工条件のためae=工具径として登録。
NS TOOL,MHR230,無限コーティング 2枚刃ロングネックエンドミル（深リブ用） MHR230,SQUARE,MHR230 φ1.8x25,1.8,-,25.0,S50C,,Carbon steels,9000,400.0,0.025,1.8,https://www.ns-tool.com/ja/products/webcatalog/data/MHR230/MHR230_S.xlsx,,日進工具 公式切削条件参考表(XLSX)。深リブ・溝加工条件のためae=工具径として登録。
NS TOOL,MHR230,無限コーティング 2枚刃ロングネックエンドミル（深リブ用） MHR230,SQUARE,MHR230 φ1.8x25,1.8,-,25.0,SCM/SKD/SUS,,Alloy / stainless steels,7200,320.0,0.025,1.8,https://www.ns-tool.com/ja/products/webcatalog/data/MHR230/MHR230_S.xlsx,,日進工具 公式切削条件参考表(XLSX)。深リブ・溝加工条件のためae=工具径として登録。カタログ※1に基づき合金鋼・ステンレス鋼は回転数・送り80%換算。
NS TOOL,MHR230,無限コーティング 2枚刃ロングネックエンドミル（深リブ用） MHR230,SQUARE,MHR230 φ1.8x25,1.8,-,25.0,NAK55/NAK80/HPM1,~43HRC,Prehardened steels,7000,230.0,0.018,1.8,https://www.ns-tool.com/ja/products/webcatalog/data/MHR230/MHR230_S.xlsx,,日進工具 公式切削条件参考表(XLSX)。深リブ・溝加工条件のためae=工具径として登録。
NS TOOL,MHR230,無限コーティング 2枚刃ロングネックエンドミル（深リブ用） MHR230,SQUARE,MHR230 φ1.8x25,1.8,-,25.0,銅・アルミニウム合金,,Copper / aluminum alloys,11000,480.0,0.03,1.8,https://www.ns-tool.com/ja/products/webcatalog/data/MHR230/MHR230_S.xlsx,,日進工具 公式切削条件参考表(XLSX)。深リブ・溝加工条件のためae=工具径として登録。
NS TOOL,MHR230,無限コーティング 2枚刃ロングネックエンドミル（深リブ用） MHR230,SQUARE,MHR230 φ2x4,2.0,-,4.0,S50C,,Carbon steels,16000,1500.0,0.13,2.0,https://www.ns-tool.com/ja/products/webcatalog/data/MHR230/MHR230_S.xlsx,,日進工具 公式切削条件参考表(XLSX)。深リブ・溝加工条件のためae=工具径として登録。
NS TOOL,MHR230,無限コーティング 2枚刃ロングネックエンドミル（深リブ用） MHR230,SQUARE,MHR230 φ2x4,2.0,-,4.0,SCM/SKD/SUS,,Alloy / stainless steels,12800,1200.0,0.13,2.0,https://www.ns-tool.com/ja/products/webcatalog/data/MHR230/MHR230_S.xlsx,,日進工具 公式切削条件参考表(XLSX)。深リブ・溝加工条件のためae=工具径として登録。カタログ※1に基づき合金鋼・ステンレス鋼は回転数・送り80%換算。
NS TOOL,MHR230,無限コーティング 2枚刃ロングネックエンドミル（深リブ用） MHR230,SQUARE,MHR230 φ2x4,2.0,-,4.0,NAK55/NAK80/HPM1,~43HRC,Prehardened steels,13000,900.0,0.12,2.0,https://www.ns-tool.com/ja/products/webcatalog/data/MHR230/MHR230_S.xlsx,,日進工具 公式切削条件参考表(XLSX)。深リブ・溝加工条件のためae=工具径として登録。
NS TOOL,MHR230,無限コーティング 2枚刃ロングネックエンドミル（深リブ用） MHR230,SQUARE,MHR230 φ2x4,2.0,-,4.0,銅・アルミニウム合金,,Copper / aluminum alloys,20000,1850.0,0.15,2.0,https://www.ns-tool.com/ja/products/webcatalog/data/MHR230/MHR230_S.xlsx,,日進工具 公式切削条件参考表(XLSX)。深リブ・溝加工条件のためae=工具径として登録。
NS TOOL,MHR230,無限コーティング 2枚刃ロングネックエンドミル（深リブ用） MHR230,SQUARE,MHR230 φ2x6,2.0,-,6.0,S50C,,Carbon steels,16000,1400.0,0.12,2.0,https://www.ns-tool.com/ja/products/webcatalog/data/MHR230/MHR230_S.xlsx,,日進工具 公式切削条件参考表(XLSX)。深リブ・溝加工条件のためae=工具径として登録。
NS TOOL,MHR230,無限コーティング 2枚刃ロングネックエンドミル（深リブ用） MHR230,SQUARE,MHR230 φ2x6,2.0,-,6.0,SCM/SKD/SUS,,Alloy / stainless steels,12800,1120.0,0.12,2.0,https://www.ns-tool.com/ja/products/webcatalog/data/MHR230/MHR230_S.xlsx,,日進工具 公式切削条件参考表(XLSX)。深リブ・溝加工条件のためae=工具径として登録。カタログ※1に基づき合金鋼・ステンレス鋼は回転数・送り80%換算。
NS TOOL,MHR230,無限コーティング 2枚刃ロングネックエンドミル（深リブ用） MHR230,SQUARE,MHR230 φ2x6,2.0,-,6.0,NAK55/NAK80/HPM1,~43HRC,Prehardened steels,13000,850.0,0.1,2.0,https://www.ns-tool.com/ja/products/webcatalog/data/MHR230/MHR230_S.xlsx,,日進工具 公式切削条件参考表(XLSX)。深リブ・溝加工条件のためae=工具径として登録。
NS TOOL,MHR230,無限コーティング 2枚刃ロングネックエンドミル（深リブ用） MHR230,SQUARE,MHR230 φ2x6,2.0,-,6.0,銅・アルミニウム合金,,Copper / aluminum alloys,20000,1750.0,0.14,2.0,https://www.ns-tool.com/ja/products/webcatalog/data/MHR230/MHR230_S.xlsx,,日進工具 公式切削条件参考表(XLSX)。深リブ・溝加工条件のためae=工具径として登録。
NS TOOL,MHR230,無限コーティング 2枚刃ロングネックエンドミル（深リブ用） MHR230,SQUARE,MHR230 φ2x8,2.0,-,8.0,S50C,,Carbon steels,16000,1300.0,0.11,2.0,https://www.ns-tool.com/ja/products/webcatalog/data/MHR230/MHR230_S.xlsx,,日進工具 公式切削条件参考表(XLSX)。深リブ・溝加工条件のためae=工具径として登録。
NS TOOL,MHR230,無限コーティング 2枚刃ロングネックエンドミル（深リブ用） MHR230,SQUARE,MHR230 φ2x8,2.0,-,8.0,SCM/SKD/SUS,,Alloy / stainless steels,12800,1040.0,0.11,2.0,https://www.ns-tool.com/ja/products/webcatalog/data/MHR230/MHR230_S.xlsx,,日進工具 公式切削条件参考表(XLSX)。深リブ・溝加工条件のためae=工具径として登録。カタログ※1に基づき合金鋼・ステンレス鋼は回転数・送り80%換算。
NS TOOL,MHR230,無限コーティング 2枚刃ロングネックエンドミル（深リブ用） MHR230,SQUARE,MHR230 φ2x8,2.0,-,8.0,NAK55/NAK80/HPM1,~43HRC,Prehardened steels,13000,800.0,0.09,2.0,https://www.ns-tool.com/ja/products/webcatalog/data/MHR230/MHR230_S.xlsx,,日進工具 公式切削条件参考表(XLSX)。深リブ・溝加工条件のためae=工具径として登録。
NS TOOL,MHR230,無限コーティング 2枚刃ロングネックエンドミル（深リブ用） MHR230,SQUARE,MHR230 φ2x8,2.0,-,8.0,銅・アルミニウム合金,,Copper / aluminum alloys,20000,1650.0,0.13,2.0,https://www.ns-tool.com/ja/products/webcatalog/data/MHR230/MHR230_S.xlsx,,日進工具 公式切削条件参考表(XLSX)。深リブ・溝加工条件のためae=工具径として登録。
NS TOOL,MHR230,無限コーティング 2枚刃ロングネックエンドミル（深リブ用） MHR230,SQUARE,MHR230 φ2x10,2.0,-,10.0,S50C,,Carbon steels,16000,1200.0,0.1,2.0,https://www.ns-tool.com/ja/products/webcatalog/data/MHR230/MHR230_S.xlsx,,日進工具 公式切削条件参考表(XLSX)。深リブ・溝加工条件のためae=工具径として登録。
NS TOOL,MHR230,無限コーティング 2枚刃ロングネックエンドミル（深リブ用） MHR230,SQUARE,MHR230 φ2x10,2.0,-,10.0,SCM/SKD/SUS,,Alloy / stainless steels,12800,960.0,0.1,2.0,https://www.ns-tool.com/ja/products/webcatalog/data/MHR230/MHR230_S.xlsx,,日進工具 公式切削条件参考表(XLSX)。深リブ・溝加工条件のためae=工具径として登録。カタログ※1に基づき合金鋼・ステンレス鋼は回転数・送り80%換算。
NS TOOL,MHR230,無限コーティング 2枚刃ロングネックエンドミル（深リブ用） MHR230,SQUARE,MHR230 φ2x10,2.0,-,10.0,NAK55/NAK80/HPM1,~43HRC,Prehardened steels,13000,750.0,0.08,2.0,https://www.ns-tool.com/ja/products/webcatalog/data/MHR230/MHR230_S.xlsx,,日進工具 公式切削条件参考表(XLSX)。深リブ・溝加工条件のためae=工具径として登録。
NS TOOL,MHR230,無限コーティング 2枚刃ロングネックエンドミル（深リブ用） MHR230,SQUARE,MHR230 φ2x10,2.0,-,10.0,銅・アルミニウム合金,,Copper / aluminum alloys,20000,1500.0,0.12,2.0,https://www.ns-tool.com/ja/products/webcatalog/data/MHR230/MHR230_S.xlsx,,日進工具 公式切削条件参考表(XLSX)。深リブ・溝加工条件のためae=工具径として登録。
NS TOOL,MHR230,無限コーティング 2枚刃ロングネックエンドミル（深リブ用） MHR230,SQUARE,MHR230 φ2x12,2.0,-,12.0,S50C,,Carbon steels,14000,1000.0,0.09,2.0,https://www.ns-tool.com/ja/products/webcatalog/data/MHR230/MHR230_S.xlsx,,日進工具 公式切削条件参考表(XLSX)。深リブ・溝加工条件のためae=工具径として登録。
NS TOOL,MHR230,無限コーティング 2枚刃ロングネックエンドミル（深リブ用） MHR230,SQUARE,MHR230 φ2x12,2.0,-,12.0,SCM/SKD/SUS,,Alloy / stainless steels,11200,800.0,0.09,2.0,https://www.ns-tool.com/ja/products/webcatalog/data/MHR230/MHR230_S.xlsx,,日進工具 公式切削条件参考表(XLSX)。深リブ・溝加工条件のためae=工具径として登録。カタログ※1に基づき合金鋼・ステンレス鋼は回転数・送り80%換算。
NS TOOL,MHR230,無限コーティング 2枚刃ロングネックエンドミル（深リブ用） MHR230,SQUARE,MHR230 φ2x12,2.0,-,12.0,NAK55/NAK80/HPM1,~43HRC,Prehardened steels,12000,650.0,0.07,2.0,https://www.ns-tool.com/ja/products/webcatalog/data/MHR230/MHR230_S.xlsx,,日進工具 公式切削条件参考表(XLSX)。深リブ・溝加工条件のためae=工具径として登録。
NS TOOL,MHR230,無限コーティング 2枚刃ロングネックエンドミル（深リブ用） MHR230,SQUARE,MHR230 φ2x12,2.0,-,12.0,銅・アルミニウム合金,,Copper / aluminum alloys,17000,1200.0,0.11,2.0,https://www.ns-tool.com/ja/products/webcatalog/data/MHR230/MHR230_S.xlsx,,日進工具 公式切削条件参考表(XLSX)。深リブ・溝加工条件のためae=工具径として登録。
NS TOOL,MHR230,無限コーティング 2枚刃ロングネックエンドミル（深リブ用） MHR230,SQUARE,MHR230 φ2x14,2.0,-,14.0,S50C,,Carbon steels,13000,900.0,0.08,2.0,https://www.ns-tool.com/ja/products/webcatalog/data/MHR230/MHR230_S.xlsx,,日進工具 公式切削条件参考表(XLSX)。深リブ・溝加工条件のためae=工具径として登録。
NS TOOL,MHR230,無限コーティング 2枚刃ロングネックエンドミル（深リブ用） MHR230,SQUARE,MHR230 φ2x14,2.0,-,14.0,SCM/SKD/SUS,,Alloy / stainless steels,10400,720.0,0.08,2.0,https://www.ns-tool.com/ja/products/webcatalog/data/MHR230/MHR230_S.xlsx,,日進工具 公式切削条件参考表(XLSX)。深リブ・溝加工条件のためae=工具径として登録。カタログ※1に基づき合金鋼・ステンレス鋼は回転数・送り80%換算。
NS TOOL,MHR230,無限コーティング 2枚刃ロングネックエンドミル（深リブ用） MHR230,SQUARE,MHR230 φ2x14,2.0,-,14.0,NAK55/NAK80/HPM1,~43HRC,Prehardened steels,11000,570.0,0.06,2.0,https://www.ns-tool.com/ja/products/webcatalog/data/MHR230/MHR230_S.xlsx,,日進工具 公式切削条件参考表(XLSX)。深リブ・溝加工条件のためae=工具径として登録。
NS TOOL,MHR230,無限コーティング 2枚刃ロングネックエンドミル（深リブ用） MHR230,SQUARE,MHR230 φ2x14,2.0,-,14.0,銅・アルミニウム合金,,Copper / aluminum alloys,16000,1100.0,0.1,2.0,https://www.ns-tool.com/ja/products/webcatalog/data/MHR230/MHR230_S.xlsx,,日進工具 公式切削条件参考表(XLSX)。深リブ・溝加工条件のためae=工具径として登録。
NS TOOL,MHR230,無限コーティング 2枚刃ロングネックエンドミル（深リブ用） MHR230,SQUARE,MHR230 φ2x16,2.0,-,16.0,S50C,,Carbon steels,12000,800.0,0.07,2.0,https://www.ns-tool.com/ja/products/webcatalog/data/MHR230/MHR230_S.xlsx,,日進工具 公式切削条件参考表(XLSX)。深リブ・溝加工条件のためae=工具径として登録。
NS TOOL,MHR230,無限コーティング 2枚刃ロングネックエンドミル（深リブ用） MHR230,SQUARE,MHR230 φ2x16,2.0,-,16.0,SCM/SKD/SUS,,Alloy / stainless steels,9600,640.0,0.07,2.0,https://www.ns-tool.com/ja/products/webcatalog/data/MHR230/MHR230_S.xlsx,,日進工具 公式切削条件参考表(XLSX)。深リブ・溝加工条件のためae=工具径として登録。カタログ※1に基づき合金鋼・ステンレス鋼は回転数・送り80%換算。
NS TOOL,MHR230,無限コーティング 2枚刃ロングネックエンドミル（深リブ用） MHR230,SQUARE,MHR230 φ2x16,2.0,-,16.0,NAK55/NAK80/HPM1,~43HRC,Prehardened steels,10000,500.0,0.05,2.0,https://www.ns-tool.com/ja/products/webcatalog/data/MHR230/MHR230_S.xlsx,,日進工具 公式切削条件参考表(XLSX)。深リブ・溝加工条件のためae=工具径として登録。
NS TOOL,MHR230,無限コーティング 2枚刃ロングネックエンドミル（深リブ用） MHR230,SQUARE,MHR230 φ2x16,2.0,-,16.0,銅・アルミニウム合金,,Copper / aluminum alloys,15000,1000.0,0.085,2.0,https://www.ns-tool.com/ja/products/webcatalog/data/MHR230/MHR230_S.xlsx,,日進工具 公式切削条件参考表(XLSX)。深リブ・溝加工条件のためae=工具径として登録。
NS TOOL,MHR230,無限コーティング 2枚刃ロングネックエンドミル（深リブ用） MHR230,SQUARE,MHR230 φ2x18,2.0,-,18.0,S50C,,Carbon steels,11000,700.0,0.06,2.0,https://www.ns-tool.com/ja/products/webcatalog/data/MHR230/MHR230_S.xlsx,,日進工具 公式切削条件参考表(XLSX)。深リブ・溝加工条件のためae=工具径として登録。
NS TOOL,MHR230,無限コーティング 2枚刃ロングネックエンドミル（深リブ用） MHR230,SQUARE,MHR230 φ2x18,2.0,-,18.0,SCM/SKD/SUS,,Alloy / stainless steels,8800,560.0,0.06,2.0,https://www.ns-tool.com/ja/products/webcatalog/data/MHR230/MHR230_S.xlsx,,日進工具 公式切削条件参考表(XLSX)。深リブ・溝加工条件のためae=工具径として登録。カタログ※1に基づき合金鋼・ステンレス鋼は回転数・送り80%換算。
NS TOOL,MHR230,無限コーティング 2枚刃ロングネックエンドミル（深リブ用） MHR230,SQUARE,MHR230 φ2x18,2.0,-,18.0,NAK55/NAK80/HPM1,~43HRC,Prehardened steels,9000,430.0,0.04,2.0,https://www.ns-tool.com/ja/products/webcatalog/data/MHR230/MHR230_S.xlsx,,日進工具 公式切削条件参考表(XLSX)。深リブ・溝加工条件のためae=工具径として登録。
NS TOOL,MHR230,無限コーティング 2枚刃ロングネックエンドミル（深リブ用） MHR230,SQUARE,MHR230 φ2x18,2.0,-,18.0,銅・アルミニウム合金,,Copper / aluminum alloys,13000,800.0,0.07,2.0,https://www.ns-tool.com/ja/products/webcatalog/data/MHR230/MHR230_S.xlsx,,日進工具 公式切削条件参考表(XLSX)。深リブ・溝加工条件のためae=工具径として登録。
NS TOOL,MHR230,無限コーティング 2枚刃ロングネックエンドミル（深リブ用） MHR230,SQUARE,MHR230 φ2x20,2.0,-,20.0,S50C,,Carbon steels,10000,600.0,0.05,2.0,https://www.ns-tool.com/ja/products/webcatalog/data/MHR230/MHR230_S.xlsx,,日進工具 公式切削条件参考表(XLSX)。深リブ・溝加工条件のためae=工具径として登録。
NS TOOL,MHR230,無限コーティング 2枚刃ロングネックエンドミル（深リブ用） MHR230,SQUARE,MHR230 φ2x20,2.0,-,20.0,SCM/SKD/SUS,,Alloy / stainless steels,8000,480.0,0.05,2.0,https://www.ns-tool.com/ja/products/webcatalog/data/MHR230/MHR230_S.xlsx,,日進工具 公式切削条件参考表(XLSX)。深リブ・溝加工条件のためae=工具径として登録。カタログ※1に基づき合金鋼・ステンレス鋼は回転数・送り80%換算。
NS TOOL,MHR230,無限コーティング 2枚刃ロングネックエンドミル（深リブ用） MHR230,SQUARE,MHR230 φ2x20,2.0,-,20.0,NAK55/NAK80/HPM1,~43HRC,Prehardened steels,8000,360.0,0.035,2.0,https://www.ns-tool.com/ja/products/webcatalog/data/MHR230/MHR230_S.xlsx,,日進工具 公式切削条件参考表(XLSX)。深リブ・溝加工条件のためae=工具径として登録。
NS TOOL,MHR230,無限コーティング 2枚刃ロングネックエンドミル（深リブ用） MHR230,SQUARE,MHR230 φ2x20,2.0,-,20.0,銅・アルミニウム合金,,Copper / aluminum alloys,12000,720.0,0.06,2.0,https://www.ns-tool.com/ja/products/webcatalog/data/MHR230/MHR230_S.xlsx,,日進工具 公式切削条件参考表(XLSX)。深リブ・溝加工条件のためae=工具径として登録。
NS TOOL,MHR230,無限コーティング 2枚刃ロングネックエンドミル（深リブ用） MHR230,SQUARE,MHR230 φ2x25,2.0,-,25.0,S50C,,Carbon steels,9000,500.0,0.03,2.0,https://www.ns-tool.com/ja/products/webcatalog/data/MHR230/MHR230_S.xlsx,,日進工具 公式切削条件参考表(XLSX)。深リブ・溝加工条件のためae=工具径として登録。
NS TOOL,MHR230,無限コーティング 2枚刃ロングネックエンドミル（深リブ用） MHR230,SQUARE,MHR230 φ2x25,2.0,-,25.0,SCM/SKD/SUS,,Alloy / stainless steels,7200,400.0,0.03,2.0,https://www.ns-tool.com/ja/products/webcatalog/data/MHR230/MHR230_S.xlsx,,日進工具 公式切削条件参考表(XLSX)。深リブ・溝加工条件のためae=工具径として登録。カタログ※1に基づき合金鋼・ステンレス鋼は回転数・送り80%換算。
NS TOOL,MHR230,無限コーティング 2枚刃ロングネックエンドミル（深リブ用） MHR230,SQUARE,MHR230 φ2x25,2.0,-,25.0,NAK55/NAK80/HPM1,~43HRC,Prehardened steels,7000,300.0,0.02,2.0,https://www.ns-tool.com/ja/products/webcatalog/data/MHR230/MHR230_S.xlsx,,日進工具 公式切削条件参考表(XLSX)。深リブ・溝加工条件のためae=工具径として登録。
NS TOOL,MHR230,無限コーティング 2枚刃ロングネックエンドミル（深リブ用） MHR230,SQUARE,MHR230 φ2x25,2.0,-,25.0,銅・アルミニウム合金,,Copper / aluminum alloys,11000,600.0,0.035,2.0,https://www.ns-tool.com/ja/products/webcatalog/data/MHR230/MHR230_S.xlsx,,日進工具 公式切削条件参考表(XLSX)。深リブ・溝加工条件のためae=工具径として登録。
NS TOOL,MHR230,無限コーティング 2枚刃ロングネックエンドミル（深リブ用） MHR230,SQUARE,MHR230 φ2x30,2.0,-,30.0,S50C,,Carbon steels,8000,400.0,0.02,2.0,https://www.ns-tool.com/ja/products/webcatalog/data/MHR230/MHR230_S.xlsx,,日進工具 公式切削条件参考表(XLSX)。深リブ・溝加工条件のためae=工具径として登録。
NS TOOL,MHR230,無限コーティング 2枚刃ロングネックエンドミル（深リブ用） MHR230,SQUARE,MHR230 φ2x30,2.0,-,30.0,SCM/SKD/SUS,,Alloy / stainless steels,6400,320.0,0.02,2.0,https://www.ns-tool.com/ja/products/webcatalog/data/MHR230/MHR230_S.xlsx,,日進工具 公式切削条件参考表(XLSX)。深リブ・溝加工条件のためae=工具径として登録。カタログ※1に基づき合金鋼・ステンレス鋼は回転数・送り80%換算。
NS TOOL,MHR230,無限コーティング 2枚刃ロングネックエンドミル（深リブ用） MHR230,SQUARE,MHR230 φ2x30,2.0,-,30.0,NAK55/NAK80/HPM1,~43HRC,Prehardened steels,6000,220.0,0.014,2.0,https://www.ns-tool.com/ja/products/webcatalog/data/MHR230/MHR230_S.xlsx,,日進工具 公式切削条件参考表(XLSX)。深リブ・溝加工条件のためae=工具径として登録。
NS TOOL,MHR230,無限コーティング 2枚刃ロングネックエンドミル（深リブ用） MHR230,SQUARE,MHR230 φ2x30,2.0,-,30.0,銅・アルミニウム合金,,Copper / aluminum alloys,9000,450.0,0.025,2.0,https://www.ns-tool.com/ja/products/webcatalog/data/MHR230/MHR230_S.xlsx,,日進工具 公式切削条件参考表(XLSX)。深リブ・溝加工条件のためae=工具径として登録。
NS TOOL,MHR230,無限コーティング 2枚刃ロングネックエンドミル（深リブ用） MHR230,SQUARE,MHR230 φ2x35,2.0,-,35.0,S50C,,Carbon steels,7000,300.0,0.01,2.0,https://www.ns-tool.com/ja/products/webcatalog/data/MHR230/MHR230_S.xlsx,,日進工具 公式切削条件参考表(XLSX)。深リブ・溝加工条件のためae=工具径として登録。
NS TOOL,MHR230,無限コーティング 2枚刃ロングネックエンドミル（深リブ用） MHR230,SQUARE,MHR230 φ2x35,2.0,-,35.0,SCM/SKD/SUS,,Alloy / stainless steels,5600,240.0,0.01,2.0,https://www.ns-tool.com/ja/products/webcatalog/data/MHR230/MHR230_S.xlsx,,日進工具 公式切削条件参考表(XLSX)。深リブ・溝加工条件のためae=工具径として登録。カタログ※1に基づき合金鋼・ステンレス鋼は回転数・送り80%換算。
NS TOOL,MHR230,無限コーティング 2枚刃ロングネックエンドミル（深リブ用） MHR230,SQUARE,MHR230 φ2x35,2.0,-,35.0,NAK55/NAK80/HPM1,~43HRC,Prehardened steels,5500,180.0,0.007,2.0,https://www.ns-tool.com/ja/products/webcatalog/data/MHR230/MHR230_S.xlsx,,日進工具 公式切削条件参考表(XLSX)。深リブ・溝加工条件のためae=工具径として登録。
NS TOOL,MHR230,無限コーティング 2枚刃ロングネックエンドミル（深リブ用） MHR230,SQUARE,MHR230 φ2x35,2.0,-,35.0,銅・アルミニウム合金,,Copper / aluminum alloys,7000,300.0,0.012,2.0,https://www.ns-tool.com/ja/products/webcatalog/data/MHR230/MHR230_S.xlsx,,日進工具 公式切削条件参考表(XLSX)。深リブ・溝加工条件のためae=工具径として登録。
NS TOOL,MHR230,無限コーティング 2枚刃ロングネックエンドミル（深リブ用） MHR230,SQUARE,MHR230 φ2x40,2.0,-,40.0,S50C,,Carbon steels,6000,200.0,0.005,2.0,https://www.ns-tool.com/ja/products/webcatalog/data/MHR230/MHR230_S.xlsx,,日進工具 公式切削条件参考表(XLSX)。深リブ・溝加工条件のためae=工具径として登録。
NS TOOL,MHR230,無限コーティング 2枚刃ロングネックエンドミル（深リブ用） MHR230,SQUARE,MHR230 φ2x40,2.0,-,40.0,SCM/SKD/SUS,,Alloy / stainless steels,4800,160.0,0.005,2.0,https://www.ns-tool.com/ja/products/webcatalog/data/MHR230/MHR230_S.xlsx,,日進工具 公式切削条件参考表(XLSX)。深リブ・溝加工条件のためae=工具径として登録。カタログ※1に基づき合金鋼・ステンレス鋼は回転数・送り80%換算。
NS TOOL,MHR230,無限コーティング 2枚刃ロングネックエンドミル（深リブ用） MHR230,SQUARE,MHR230 φ2x40,2.0,-,40.0,NAK55/NAK80/HPM1,~43HRC,Prehardened steels,5000,140.0,0.003,2.0,https://www.ns-tool.com/ja/products/webcatalog/data/MHR230/MHR230_S.xlsx,,日進工具 公式切削条件参考表(XLSX)。深リブ・溝加工条件のためae=工具径として登録。
NS TOOL,MHR230,無限コーティング 2枚刃ロングネックエンドミル（深リブ用） MHR230,SQUARE,MHR230 φ2x40,2.0,-,40.0,銅・アルミニウム合金,,Copper / aluminum alloys,6000,200.0,0.006,2.0,https://www.ns-tool.com/ja/products/webcatalog/data/MHR230/MHR230_S.xlsx,,日進工具 公式切削条件参考表(XLSX)。深リブ・溝加工条件のためae=工具径として登録。
NS TOOL,MHR230,無限コーティング 2枚刃ロングネックエンドミル（深リブ用） MHR230,SQUARE,MHR230 φ2x50,2.0,-,50.0,S50C,,Carbon steels,5000,150.0,0.003,2.0,https://www.ns-tool.com/ja/products/webcatalog/data/MHR230/MHR230_S.xlsx,,日進工具 公式切削条件参考表(XLSX)。深リブ・溝加工条件のためae=工具径として登録。
NS TOOL,MHR230,無限コーティング 2枚刃ロングネックエンドミル（深リブ用） MHR230,SQUARE,MHR230 φ2x50,2.0,-,50.0,SCM/SKD/SUS,,Alloy / stainless steels,4000,120.0,0.003,2.0,https://www.ns-tool.com/ja/products/webcatalog/data/MHR230/MHR230_S.xlsx,,日進工具 公式切削条件参考表(XLSX)。深リブ・溝加工条件のためae=工具径として登録。カタログ※1に基づき合金鋼・ステンレス鋼は回転数・送り80%換算。
NS TOOL,MHR230,無限コーティング 2枚刃ロングネックエンドミル（深リブ用） MHR230,SQUARE,MHR230 φ2x50,2.0,-,50.0,NAK55/NAK80/HPM1,~43HRC,Prehardened steels,4000,90.0,0.002,2.0,https://www.ns-tool.com/ja/products/webcatalog/data/MHR230/MHR230_S.xlsx,,日進工具 公式切削条件参考表(XLSX)。深リブ・溝加工条件のためae=工具径として登録。
NS TOOL,MHR230,無限コーティング 2枚刃ロングネックエンドミル（深リブ用） MHR230,SQUARE,MHR230 φ2x50,2.0,-,50.0,銅・アルミニウム合金,,Copper / aluminum alloys,5000,150.0,0.003,2.0,https://www.ns-tool.com/ja/products/webcatalog/data/MHR230/MHR230_S.xlsx,,日進工具 公式切削条件参考表(XLSX)。深リブ・溝加工条件のためae=工具径として登録。
NS TOOL,MHR230,無限コーティング 2枚刃ロングネックエンドミル（深リブ用） MHR230,SQUARE,MHR230 φ2x60,2.0,-,60.0,S50C,,Carbon steels,4500,100.0,0.002,2.0,https://www.ns-tool.com/ja/products/webcatalog/data/MHR230/MHR230_S.xlsx,,日進工具 公式切削条件参考表(XLSX)。深リブ・溝加工条件のためae=工具径として登録。
NS TOOL,MHR230,無限コーティング 2枚刃ロングネックエンドミル（深リブ用） MHR230,SQUARE,MHR230 φ2x60,2.0,-,60.0,SCM/SKD/SUS,,Alloy / stainless steels,3600,80.0,0.002,2.0,https://www.ns-tool.com/ja/products/webcatalog/data/MHR230/MHR230_S.xlsx,,日進工具 公式切削条件参考表(XLSX)。深リブ・溝加工条件のためae=工具径として登録。カタログ※1に基づき合金鋼・ステンレス鋼は回転数・送り80%換算。
NS TOOL,MHR230,無限コーティング 2枚刃ロングネックエンドミル（深リブ用） MHR230,SQUARE,MHR230 φ2x60,2.0,-,60.0,NAK55/NAK80/HPM1,~43HRC,Prehardened steels,3500,60.0,0.002,2.0,https://www.ns-tool.com/ja/products/webcatalog/data/MHR230/MHR230_S.xlsx,,日進工具 公式切削条件参考表(XLSX)。深リブ・溝加工条件のためae=工具径として登録。
NS TOOL,MHR230,無限コーティング 2枚刃ロングネックエンドミル（深リブ用） MHR230,SQUARE,MHR230 φ2x60,2.0,-,60.0,銅・アルミニウム合金,,Copper / aluminum alloys,4500,100.0,0.002,2.0,https://www.ns-tool.com/ja/products/webcatalog/data/MHR230/MHR230_S.xlsx,,日進工具 公式切削条件参考表(XLSX)。深リブ・溝加工条件のためae=工具径として登録。
NS TOOL,MHR230,無限コーティング 2枚刃ロングネックエンドミル（深リブ用） MHR230,SQUARE,MHR230 φ2.5x8,2.5,-,8.0,S50C,,Carbon steels,13000,1400.0,0.15,2.5,https://www.ns-tool.com/ja/products/webcatalog/data/MHR230/MHR230_S.xlsx,,日進工具 公式切削条件参考表(XLSX)。深リブ・溝加工条件のためae=工具径として登録。
NS TOOL,MHR230,無限コーティング 2枚刃ロングネックエンドミル（深リブ用） MHR230,SQUARE,MHR230 φ2.5x8,2.5,-,8.0,SCM/SKD/SUS,,Alloy / stainless steels,10400,1120.0,0.15,2.5,https://www.ns-tool.com/ja/products/webcatalog/data/MHR230/MHR230_S.xlsx,,日進工具 公式切削条件参考表(XLSX)。深リブ・溝加工条件のためae=工具径として登録。カタログ※1に基づき合金鋼・ステンレス鋼は回転数・送り80%換算。
NS TOOL,MHR230,無限コーティング 2枚刃ロングネックエンドミル（深リブ用） MHR230,SQUARE,MHR230 φ2.5x8,2.5,-,8.0,NAK55/NAK80/HPM1,~43HRC,Prehardened steels,11000,900.0,0.12,2.5,https://www.ns-tool.com/ja/products/webcatalog/data/MHR230/MHR230_S.xlsx,,日進工具 公式切削条件参考表(XLSX)。深リブ・溝加工条件のためae=工具径として登録。
NS TOOL,MHR230,無限コーティング 2枚刃ロングネックエンドミル（深リブ用） MHR230,SQUARE,MHR230 φ2.5x8,2.5,-,8.0,銅・アルミニウム合金,,Copper / aluminum alloys,16000,1700.0,0.18,2.5,https://www.ns-tool.com/ja/products/webcatalog/data/MHR230/MHR230_S.xlsx,,日進工具 公式切削条件参考表(XLSX)。深リブ・溝加工条件のためae=工具径として登録。
NS TOOL,MHR230,無限コーティング 2枚刃ロングネックエンドミル（深リブ用） MHR230,SQUARE,MHR230 φ2.5x10,2.5,-,10.0,S50C,,Carbon steels,13000,1300.0,0.14,2.5,https://www.ns-tool.com/ja/products/webcatalog/data/MHR230/MHR230_S.xlsx,,日進工具 公式切削条件参考表(XLSX)。深リブ・溝加工条件のためae=工具径として登録。
NS TOOL,MHR230,無限コーティング 2枚刃ロングネックエンドミル（深リブ用） MHR230,SQUARE,MHR230 φ2.5x10,2.5,-,10.0,SCM/SKD/SUS,,Alloy / stainless steels,10400,1040.0,0.14,2.5,https://www.ns-tool.com/ja/products/webcatalog/data/MHR230/MHR230_S.xlsx,,日進工具 公式切削条件参考表(XLSX)。深リブ・溝加工条件のためae=工具径として登録。カタログ※1に基づき合金鋼・ステンレス鋼は回転数・送り80%換算。
NS TOOL,MHR230,無限コーティング 2枚刃ロングネックエンドミル（深リブ用） MHR230,SQUARE,MHR230 φ2.5x10,2.5,-,10.0,NAK55/NAK80/HPM1,~43HRC,Prehardened steels,11000,800.0,0.11,2.5,https://www.ns-tool.com/ja/products/webcatalog/data/MHR230/MHR230_S.xlsx,,日進工具 公式切削条件参考表(XLSX)。深リブ・溝加工条件のためae=工具径として登録。
NS TOOL,MHR230,無限コーティング 2枚刃ロングネックエンドミル（深リブ用） MHR230,SQUARE,MHR230 φ2.5x10,2.5,-,10.0,銅・アルミニウム合金,,Copper / aluminum alloys,16000,1600.0,0.17,2.5,https://www.ns-tool.com/ja/products/webcatalog/data/MHR230/MHR230_S.xlsx,,日進工具 公式切削条件参考表(XLSX)。深リブ・溝加工条件のためae=工具径として登録。
NS TOOL,MHR230,無限コーティング 2枚刃ロングネックエンドミル（深リブ用） MHR230,SQUARE,MHR230 φ2.5x12,2.5,-,12.0,S50C,,Carbon steels,13000,1200.0,0.13,2.5,https://www.ns-tool.com/ja/products/webcatalog/data/MHR230/MHR230_S.xlsx,,日進工具 公式切削条件参考表(XLSX)。深リブ・溝加工条件のためae=工具径として登録。
NS TOOL,MHR230,無限コーティング 2枚刃ロングネックエンドミル（深リブ用） MHR230,SQUARE,MHR230 φ2.5x12,2.5,-,12.0,SCM/SKD/SUS,,Alloy / stainless steels,10400,960.0,0.13,2.5,https://www.ns-tool.com/ja/products/webcatalog/data/MHR230/MHR230_S.xlsx,,日進工具 公式切削条件参考表(XLSX)。深リブ・溝加工条件のためae=工具径として登録。カタログ※1に基づき合金鋼・ステンレス鋼は回転数・送り80%換算。
NS TOOL,MHR230,無限コーティング 2枚刃ロングネックエンドミル（深リブ用） MHR230,SQUARE,MHR230 φ2.5x12,2.5,-,12.0,NAK55/NAK80/HPM1,~43HRC,Prehardened steels,11000,750.0,0.1,2.5,https://www.ns-tool.com/ja/products/webcatalog/data/MHR230/MHR230_S.xlsx,,日進工具 公式切削条件参考表(XLSX)。深リブ・溝加工条件のためae=工具径として登録。
NS TOOL,MHR230,無限コーティング 2枚刃ロングネックエンドミル（深リブ用） MHR230,SQUARE,MHR230 φ2.5x12,2.5,-,12.0,銅・アルミニウム合金,,Copper / aluminum alloys,16000,1500.0,0.16,2.5,https://www.ns-tool.com/ja/products/webcatalog/data/MHR230/MHR230_S.xlsx,,日進工具 公式切削条件参考表(XLSX)。深リブ・溝加工条件のためae=工具径として登録。
NS TOOL,MHR230,無限コーティング 2枚刃ロングネックエンドミル（深リブ用） MHR230,SQUARE,MHR230 φ2.5x14,2.5,-,14.0,S50C,,Carbon steels,12000,1000.0,0.12,2.5,https://www.ns-tool.com/ja/products/webcatalog/data/MHR230/MHR230_S.xlsx,,日進工具 公式切削条件参考表(XLSX)。深リブ・溝加工条件のためae=工具径として登録。
NS TOOL,MHR230,無限コーティング 2枚刃ロングネックエンドミル（深リブ用） MHR230,SQUARE,MHR230 φ2.5x14,2.5,-,14.0,SCM/SKD/SUS,,Alloy / stainless steels,9600,800.0,0.12,2.5,https://www.ns-tool.com/ja/products/webcatalog/data/MHR230/MHR230_S.xlsx,,日進工具 公式切削条件参考表(XLSX)。深リブ・溝加工条件のためae=工具径として登録。カタログ※1に基づき合金鋼・ステンレス鋼は回転数・送り80%換算。
NS TOOL,MHR230,無限コーティング 2枚刃ロングネックエンドミル（深リブ用） MHR230,SQUARE,MHR230 φ2.5x14,2.5,-,14.0,NAK55/NAK80/HPM1,~43HRC,Prehardened steels,10000,650.0,0.09,2.5,https://www.ns-tool.com/ja/products/webcatalog/data/MHR230/MHR230_S.xlsx,,日進工具 公式切削条件参考表(XLSX)。深リブ・溝加工条件のためae=工具径として登録。
NS TOOL,MHR230,無限コーティング 2枚刃ロングネックエンドミル（深リブ用） MHR230,SQUARE,MHR230 φ2.5x14,2.5,-,14.0,銅・アルミニウム合金,,Copper / aluminum alloys,14000,1200.0,0.15,2.5,https://www.ns-tool.com/ja/products/webcatalog/data/MHR230/MHR230_S.xlsx,,日進工具 公式切削条件参考表(XLSX)。深リブ・溝加工条件のためae=工具径として登録。
NS TOOL,MHR230,無限コーティング 2枚刃ロングネックエンドミル（深リブ用） MHR230,SQUARE,MHR230 φ2.5x16,2.5,-,16.0,S50C,,Carbon steels,11000,900.0,0.1,2.5,https://www.ns-tool.com/ja/products/webcatalog/data/MHR230/MHR230_S.xlsx,,日進工具 公式切削条件参考表(XLSX)。深リブ・溝加工条件のためae=工具径として登録。
NS TOOL,MHR230,無限コーティング 2枚刃ロングネックエンドミル（深リブ用） MHR230,SQUARE,MHR230 φ2.5x16,2.5,-,16.0,SCM/SKD/SUS,,Alloy / stainless steels,8800,720.0,0.1,2.5,https://www.ns-tool.com/ja/products/webcatalog/data/MHR230/MHR230_S.xlsx,,日進工具 公式切削条件参考表(XLSX)。深リブ・溝加工条件のためae=工具径として登録。カタログ※1に基づき合金鋼・ステンレス鋼は回転数・送り80%換算。
NS TOOL,MHR230,無限コーティング 2枚刃ロングネックエンドミル（深リブ用） MHR230,SQUARE,MHR230 φ2.5x16,2.5,-,16.0,NAK55/NAK80/HPM1,~43HRC,Prehardened steels,9000,550.0,0.07,2.5,https://www.ns-tool.com/ja/products/webcatalog/data/MHR230/MHR230_S.xlsx,,日進工具 公式切削条件参考表(XLSX)。深リブ・溝加工条件のためae=工具径として登録。
NS TOOL,MHR230,無限コーティング 2枚刃ロングネックエンドミル（深リブ用） MHR230,SQUARE,MHR230 φ2.5x16,2.5,-,16.0,銅・アルミニウム合金,,Copper / aluminum alloys,13000,1100.0,0.12,2.5,https://www.ns-tool.com/ja/products/webcatalog/data/MHR230/MHR230_S.xlsx,,日進工具 公式切削条件参考表(XLSX)。深リブ・溝加工条件のためae=工具径として登録。
NS TOOL,MHR230,無限コーティング 2枚刃ロングネックエンドミル（深リブ用） MHR230,SQUARE,MHR230 φ2.5x18,2.5,-,18.0,S50C,,Carbon steels,10000,800.0,0.09,2.5,https://www.ns-tool.com/ja/products/webcatalog/data/MHR230/MHR230_S.xlsx,,日進工具 公式切削条件参考表(XLSX)。深リブ・溝加工条件のためae=工具径として登録。
NS TOOL,MHR230,無限コーティング 2枚刃ロングネックエンドミル（深リブ用） MHR230,SQUARE,MHR230 φ2.5x18,2.5,-,18.0,SCM/SKD/SUS,,Alloy / stainless steels,8000,640.0,0.09,2.5,https://www.ns-tool.com/ja/products/webcatalog/data/MHR230/MHR230_S.xlsx,,日進工具 公式切削条件参考表(XLSX)。深リブ・溝加工条件のためae=工具径として登録。カタログ※1に基づき合金鋼・ステンレス鋼は回転数・送り80%換算。
NS TOOL,MHR230,無限コーティング 2枚刃ロングネックエンドミル（深リブ用） MHR230,SQUARE,MHR230 φ2.5x18,2.5,-,18.0,NAK55/NAK80/HPM1,~43HRC,Prehardened steels,8000,480.0,0.06,2.5,https://www.ns-tool.com/ja/products/webcatalog/data/MHR230/MHR230_S.xlsx,,日進工具 公式切削条件参考表(XLSX)。深リブ・溝加工条件のためae=工具径として登録。
NS TOOL,MHR230,無限コーティング 2枚刃ロングネックエンドミル（深リブ用） MHR230,SQUARE,MHR230 φ2.5x18,2.5,-,18.0,銅・アルミニウム合金,,Copper / aluminum alloys,12000,950.0,0.11,2.5,https://www.ns-tool.com/ja/products/webcatalog/data/MHR230/MHR230_S.xlsx,,日進工具 公式切削条件参考表(XLSX)。深リブ・溝加工条件のためae=工具径として登録。
NS TOOL,MHR230,無限コーティング 2枚刃ロングネックエンドミル（深リブ用） MHR230,SQUARE,MHR230 φ2.5x20,2.5,-,20.0,S50C,,Carbon steels,9000,700.0,0.08,2.5,https://www.ns-tool.com/ja/products/webcatalog/data/MHR230/MHR230_S.xlsx,,日進工具 公式切削条件参考表(XLSX)。深リブ・溝加工条件のためae=工具径として登録。
NS TOOL,MHR230,無限コーティング 2枚刃ロングネックエンドミル（深リブ用） MHR230,SQUARE,MHR230 φ2.5x20,2.5,-,20.0,SCM/SKD/SUS,,Alloy / stainless steels,7200,560.0,0.08,2.5,https://www.ns-tool.com/ja/products/webcatalog/data/MHR230/MHR230_S.xlsx,,日進工具 公式切削条件参考表(XLSX)。深リブ・溝加工条件のためae=工具径として登録。カタログ※1に基づき合金鋼・ステンレス鋼は回転数・送り80%換算。
NS TOOL,MHR230,無限コーティング 2枚刃ロングネックエンドミル（深リブ用） MHR230,SQUARE,MHR230 φ2.5x20,2.5,-,20.0,NAK55/NAK80/HPM1,~43HRC,Prehardened steels,7000,400.0,0.05,2.5,https://www.ns-tool.com/ja/products/webcatalog/data/MHR230/MHR230_S.xlsx,,日進工具 公式切削条件参考表(XLSX)。深リブ・溝加工条件のためae=工具径として登録。
NS TOOL,MHR230,無限コーティング 2枚刃ロングネックエンドミル（深リブ用） MHR230,SQUARE,MHR230 φ2.5x20,2.5,-,20.0,銅・アルミニウム合金,,Copper / aluminum alloys,11000,850.0,0.1,2.5,https://www.ns-tool.com/ja/products/webcatalog/data/MHR230/MHR230_S.xlsx,,日進工具 公式切削条件参考表(XLSX)。深リブ・溝加工条件のためae=工具径として登録。
NS TOOL,MHR230,無限コーティング 2枚刃ロングネックエンドミル（深リブ用） MHR230,SQUARE,MHR230 φ2.5x25,2.5,-,25.0,S50C,,Carbon steels,8000,600.0,0.05,2.5,https://www.ns-tool.com/ja/products/webcatalog/data/MHR230/MHR230_S.xlsx,,日進工具 公式切削条件参考表(XLSX)。深リブ・溝加工条件のためae=工具径として登録。
NS TOOL,MHR230,無限コーティング 2枚刃ロングネックエンドミル（深リブ用） MHR230,SQUARE,MHR230 φ2.5x25,2.5,-,25.0,SCM/SKD/SUS,,Alloy / stainless steels,6400,480.0,0.05,2.5,https://www.ns-tool.com/ja/products/webcatalog/data/MHR230/MHR230_S.xlsx,,日進工具 公式切削条件参考表(XLSX)。深リブ・溝加工条件のためae=工具径として登録。カタログ※1に基づき合金鋼・ステンレス鋼は回転数・送り80%換算。
NS TOOL,MHR230,無限コーティング 2枚刃ロングネックエンドミル（深リブ用） MHR230,SQUARE,MHR230 φ2.5x25,2.5,-,25.0,NAK55/NAK80/HPM1,~43HRC,Prehardened steels,6000,330.0,0.035,2.5,https://www.ns-tool.com/ja/products/webcatalog/data/MHR230/MHR230_S.xlsx,,日進工具 公式切削条件参考表(XLSX)。深リブ・溝加工条件のためae=工具径として登録。
NS TOOL,MHR230,無限コーティング 2枚刃ロングネックエンドミル（深リブ用） MHR230,SQUARE,MHR230 φ2.5x25,2.5,-,25.0,銅・アルミニウム合金,,Copper / aluminum alloys,10000,750.0,0.06,2.5,https://www.ns-tool.com/ja/products/webcatalog/data/MHR230/MHR230_S.xlsx,,日進工具 公式切削条件参考表(XLSX)。深リブ・溝加工条件のためae=工具径として登録。
NS TOOL,MHR230,無限コーティング 2枚刃ロングネックエンドミル（深リブ用） MHR230,SQUARE,MHR230 φ2.5x30,2.5,-,30.0,S50C,,Carbon steels,7000,500.0,0.03,2.5,https://www.ns-tool.com/ja/products/webcatalog/data/MHR230/MHR230_S.xlsx,,日進工具 公式切削条件参考表(XLSX)。深リブ・溝加工条件のためae=工具径として登録。
NS TOOL,MHR230,無限コーティング 2枚刃ロングネックエンドミル（深リブ用） MHR230,SQUARE,MHR230 φ2.5x30,2.5,-,30.0,SCM/SKD/SUS,,Alloy / stainless steels,5600,400.0,0.03,2.5,https://www.ns-tool.com/ja/products/webcatalog/data/MHR230/MHR230_S.xlsx,,日進工具 公式切削条件参考表(XLSX)。深リブ・溝加工条件のためae=工具径として登録。カタログ※1に基づき合金鋼・ステンレス鋼は回転数・送り80%換算。
NS TOOL,MHR230,無限コーティング 2枚刃ロングネックエンドミル（深リブ用） MHR230,SQUARE,MHR230 φ2.5x30,2.5,-,30.0,NAK55/NAK80/HPM1,~43HRC,Prehardened steels,5500,280.0,0.02,2.5,https://www.ns-tool.com/ja/products/webcatalog/data/MHR230/MHR230_S.xlsx,,日進工具 公式切削条件参考表(XLSX)。深リブ・溝加工条件のためae=工具径として登録。
NS TOOL,MHR230,無限コーティング 2枚刃ロングネックエンドミル（深リブ用） MHR230,SQUARE,MHR230 φ2.5x30,2.5,-,30.0,銅・アルミニウム合金,,Copper / aluminum alloys,8500,600.0,0.035,2.5,https://www.ns-tool.com/ja/products/webcatalog/data/MHR230/MHR230_S.xlsx,,日進工具 公式切削条件参考表(XLSX)。深リブ・溝加工条件のためae=工具径として登録。
NS TOOL,MHR230,無限コーティング 2枚刃ロングネックエンドミル（深リブ用） MHR230,SQUARE,MHR230 φ2.5x40,2.5,-,40.0,S50C,,Carbon steels,6000,300.0,0.015,2.5,https://www.ns-tool.com/ja/products/webcatalog/data/MHR230/MHR230_S.xlsx,,日進工具 公式切削条件参考表(XLSX)。深リブ・溝加工条件のためae=工具径として登録。
NS TOOL,MHR230,無限コーティング 2枚刃ロングネックエンドミル（深リブ用） MHR230,SQUARE,MHR230 φ2.5x40,2.5,-,40.0,SCM/SKD/SUS,,Alloy / stainless steels,4800,240.0,0.015,2.5,https://www.ns-tool.com/ja/products/webcatalog/data/MHR230/MHR230_S.xlsx,,日進工具 公式切削条件参考表(XLSX)。深リブ・溝加工条件のためae=工具径として登録。カタログ※1に基づき合金鋼・ステンレス鋼は回転数・送り80%換算。
NS TOOL,MHR230,無限コーティング 2枚刃ロングネックエンドミル（深リブ用） MHR230,SQUARE,MHR230 φ2.5x40,2.5,-,40.0,NAK55/NAK80/HPM1,~43HRC,Prehardened steels,4500,180.0,0.01,2.5,https://www.ns-tool.com/ja/products/webcatalog/data/MHR230/MHR230_S.xlsx,,日進工具 公式切削条件参考表(XLSX)。深リブ・溝加工条件のためae=工具径として登録。
NS TOOL,MHR230,無限コーティング 2枚刃ロングネックエンドミル（深リブ用） MHR230,SQUARE,MHR230 φ2.5x40,2.5,-,40.0,銅・アルミニウム合金,,Copper / aluminum alloys,6000,300.0,0.018,2.5,https://www.ns-tool.com/ja/products/webcatalog/data/MHR230/MHR230_S.xlsx,,日進工具 公式切削条件参考表(XLSX)。深リブ・溝加工条件のためae=工具径として登録。
NS TOOL,MHR230,無限コーティング 2枚刃ロングネックエンドミル（深リブ用） MHR230,SQUARE,MHR230 φ2.5x50,2.5,-,50.0,S50C,,Carbon steels,5000,200.0,0.01,2.5,https://www.ns-tool.com/ja/products/webcatalog/data/MHR230/MHR230_S.xlsx,,日進工具 公式切削条件参考表(XLSX)。深リブ・溝加工条件のためae=工具径として登録。
NS TOOL,MHR230,無限コーティング 2枚刃ロングネックエンドミル（深リブ用） MHR230,SQUARE,MHR230 φ2.5x50,2.5,-,50.0,SCM/SKD/SUS,,Alloy / stainless steels,4000,160.0,0.01,2.5,https://www.ns-tool.com/ja/products/webcatalog/data/MHR230/MHR230_S.xlsx,,日進工具 公式切削条件参考表(XLSX)。深リブ・溝加工条件のためae=工具径として登録。カタログ※1に基づき合金鋼・ステンレス鋼は回転数・送り80%換算。
NS TOOL,MHR230,無限コーティング 2枚刃ロングネックエンドミル（深リブ用） MHR230,SQUARE,MHR230 φ2.5x50,2.5,-,50.0,NAK55/NAK80/HPM1,~43HRC,Prehardened steels,4000,120.0,0.007,2.5,https://www.ns-tool.com/ja/products/webcatalog/data/MHR230/MHR230_S.xlsx,,日進工具 公式切削条件参考表(XLSX)。深リブ・溝加工条件のためae=工具径として登録。
NS TOOL,MHR230,無限コーティング 2枚刃ロングネックエンドミル（深リブ用） MHR230,SQUARE,MHR230 φ2.5x50,2.5,-,50.0,銅・アルミニウム合金,,Copper / aluminum alloys,5000,200.0,0.012,2.5,https://www.ns-tool.com/ja/products/webcatalog/data/MHR230/MHR230_S.xlsx,,日進工具 公式切削条件参考表(XLSX)。深リブ・溝加工条件のためae=工具径として登録。
NS TOOL,MHR230,無限コーティング 2枚刃ロングネックエンドミル（深リブ用） MHR230,SQUARE,MHR230 φ3x8,3.0,-,8.0,S50C,,Carbon steels,11000,1500.0,0.2,3.0,https://www.ns-tool.com/ja/products/webcatalog/data/MHR230/MHR230_S.xlsx,,日進工具 公式切削条件参考表(XLSX)。深リブ・溝加工条件のためae=工具径として登録。
NS TOOL,MHR230,無限コーティング 2枚刃ロングネックエンドミル（深リブ用） MHR230,SQUARE,MHR230 φ3x8,3.0,-,8.0,SCM/SKD/SUS,,Alloy / stainless steels,8800,1200.0,0.2,3.0,https://www.ns-tool.com/ja/products/webcatalog/data/MHR230/MHR230_S.xlsx,,日進工具 公式切削条件参考表(XLSX)。深リブ・溝加工条件のためae=工具径として登録。カタログ※1に基づき合金鋼・ステンレス鋼は回転数・送り80%換算。
NS TOOL,MHR230,無限コーティング 2枚刃ロングネックエンドミル（深リブ用） MHR230,SQUARE,MHR230 φ3x8,3.0,-,8.0,NAK55/NAK80/HPM1,~43HRC,Prehardened steels,9000,1000.0,0.16,3.0,https://www.ns-tool.com/ja/products/webcatalog/data/MHR230/MHR230_S.xlsx,,日進工具 公式切削条件参考表(XLSX)。深リブ・溝加工条件のためae=工具径として登録。
NS TOOL,MHR230,無限コーティング 2枚刃ロングネックエンドミル（深リブ用） MHR230,SQUARE,MHR230 φ3x8,3.0,-,8.0,銅・アルミニウム合金,,Copper / aluminum alloys,13000,1800.0,0.24,3.0,https://www.ns-tool.com/ja/products/webcatalog/data/MHR230/MHR230_S.xlsx,,日進工具 公式切削条件参考表(XLSX)。深リブ・溝加工条件のためae=工具径として登録。
NS TOOL,MHR230,無限コーティング 2枚刃ロングネックエンドミル（深リブ用） MHR230,SQUARE,MHR230 φ3x10,3.0,-,10.0,S50C,,Carbon steels,11000,1400.0,0.18,3.0,https://www.ns-tool.com/ja/products/webcatalog/data/MHR230/MHR230_S.xlsx,,日進工具 公式切削条件参考表(XLSX)。深リブ・溝加工条件のためae=工具径として登録。
NS TOOL,MHR230,無限コーティング 2枚刃ロングネックエンドミル（深リブ用） MHR230,SQUARE,MHR230 φ3x10,3.0,-,10.0,SCM/SKD/SUS,,Alloy / stainless steels,8800,1120.0,0.18,3.0,https://www.ns-tool.com/ja/products/webcatalog/data/MHR230/MHR230_S.xlsx,,日進工具 公式切削条件参考表(XLSX)。深リブ・溝加工条件のためae=工具径として登録。カタログ※1に基づき合金鋼・ステンレス鋼は回転数・送り80%換算。
NS TOOL,MHR230,無限コーティング 2枚刃ロングネックエンドミル（深リブ用） MHR230,SQUARE,MHR230 φ3x10,3.0,-,10.0,NAK55/NAK80/HPM1,~43HRC,Prehardened steels,9000,900.0,0.14,3.0,https://www.ns-tool.com/ja/products/webcatalog/data/MHR230/MHR230_S.xlsx,,日進工具 公式切削条件参考表(XLSX)。深リブ・溝加工条件のためae=工具径として登録。
NS TOOL,MHR230,無限コーティング 2枚刃ロングネックエンドミル（深リブ用） MHR230,SQUARE,MHR230 φ3x10,3.0,-,10.0,銅・アルミニウム合金,,Copper / aluminum alloys,13000,1700.0,0.22,3.0,https://www.ns-tool.com/ja/products/webcatalog/data/MHR230/MHR230_S.xlsx,,日進工具 公式切削条件参考表(XLSX)。深リブ・溝加工条件のためae=工具径として登録。
NS TOOL,MHR230,無限コーティング 2枚刃ロングネックエンドミル（深リブ用） MHR230,SQUARE,MHR230 φ3x12,3.0,-,12.0,S50C,,Carbon steels,11000,1300.0,0.16,3.0,https://www.ns-tool.com/ja/products/webcatalog/data/MHR230/MHR230_S.xlsx,,日進工具 公式切削条件参考表(XLSX)。深リブ・溝加工条件のためae=工具径として登録。
NS TOOL,MHR230,無限コーティング 2枚刃ロングネックエンドミル（深リブ用） MHR230,SQUARE,MHR230 φ3x12,3.0,-,12.0,SCM/SKD/SUS,,Alloy / stainless steels,8800,1040.0,0.16,3.0,https://www.ns-tool.com/ja/products/webcatalog/data/MHR230/MHR230_S.xlsx,,日進工具 公式切削条件参考表(XLSX)。深リブ・溝加工条件のためae=工具径として登録。カタログ※1に基づき合金鋼・ステンレス鋼は回転数・送り80%換算。
NS TOOL,MHR230,無限コーティング 2枚刃ロングネックエンドミル（深リブ用） MHR230,SQUARE,MHR230 φ3x12,3.0,-,12.0,NAK55/NAK80/HPM1,~43HRC,Prehardened steels,9000,800.0,0.12,3.0,https://www.ns-tool.com/ja/products/webcatalog/data/MHR230/MHR230_S.xlsx,,日進工具 公式切削条件参考表(XLSX)。深リブ・溝加工条件のためae=工具径として登録。
NS TOOL,MHR230,無限コーティング 2枚刃ロングネックエンドミル（深リブ用） MHR230,SQUARE,MHR230 φ3x12,3.0,-,12.0,銅・アルミニウム合金,,Copper / aluminum alloys,13000,1600.0,0.2,3.0,https://www.ns-tool.com/ja/products/webcatalog/data/MHR230/MHR230_S.xlsx,,日進工具 公式切削条件参考表(XLSX)。深リブ・溝加工条件のためae=工具径として登録。
NS TOOL,MHR230,無限コーティング 2枚刃ロングネックエンドミル（深リブ用） MHR230,SQUARE,MHR230 φ3x14,3.0,-,14.0,S50C,,Carbon steels,11000,1200.0,0.14,3.0,https://www.ns-tool.com/ja/products/webcatalog/data/MHR230/MHR230_S.xlsx,,日進工具 公式切削条件参考表(XLSX)。深リブ・溝加工条件のためae=工具径として登録。
NS TOOL,MHR230,無限コーティング 2枚刃ロングネックエンドミル（深リブ用） MHR230,SQUARE,MHR230 φ3x14,3.0,-,14.0,SCM/SKD/SUS,,Alloy / stainless steels,8800,960.0,0.14,3.0,https://www.ns-tool.com/ja/products/webcatalog/data/MHR230/MHR230_S.xlsx,,日進工具 公式切削条件参考表(XLSX)。深リブ・溝加工条件のためae=工具径として登録。カタログ※1に基づき合金鋼・ステンレス鋼は回転数・送り80%換算。
NS TOOL,MHR230,無限コーティング 2枚刃ロングネックエンドミル（深リブ用） MHR230,SQUARE,MHR230 φ3x14,3.0,-,14.0,NAK55/NAK80/HPM1,~43HRC,Prehardened steels,9000,700.0,0.1,3.0,https://www.ns-tool.com/ja/products/webcatalog/data/MHR230/MHR230_S.xlsx,,日進工具 公式切削条件参考表(XLSX)。深リブ・溝加工条件のためae=工具径として登録。
NS TOOL,MHR230,無限コーティング 2枚刃ロングネックエンドミル（深リブ用） MHR230,SQUARE,MHR230 φ3x14,3.0,-,14.0,銅・アルミニウム合金,,Copper / aluminum alloys,13000,1400.0,0.17,3.0,https://www.ns-tool.com/ja/products/webcatalog/data/MHR230/MHR230_S.xlsx,,日進工具 公式切削条件参考表(XLSX)。深リブ・溝加工条件のためae=工具径として登録。
NS TOOL,MHR230,無限コーティング 2枚刃ロングネックエンドミル（深リブ用） MHR230,SQUARE,MHR230 φ3x16,3.0,-,16.0,S50C,,Carbon steels,10000,1000.0,0.12,3.0,https://www.ns-tool.com/ja/products/webcatalog/data/MHR230/MHR230_S.xlsx,,日進工具 公式切削条件参考表(XLSX)。深リブ・溝加工条件のためae=工具径として登録。
NS TOOL,MHR230,無限コーティング 2枚刃ロングネックエンドミル（深リブ用） MHR230,SQUARE,MHR230 φ3x16,3.0,-,16.0,SCM/SKD/SUS,,Alloy / stainless steels,8000,800.0,0.12,3.0,https://www.ns-tool.com/ja/products/webcatalog/data/MHR230/MHR230_S.xlsx,,日進工具 公式切削条件参考表(XLSX)。深リブ・溝加工条件のためae=工具径として登録。カタログ※1に基づき合金鋼・ステンレス鋼は回転数・送り80%換算。
NS TOOL,MHR230,無限コーティング 2枚刃ロングネックエンドミル（深リブ用） MHR230,SQUARE,MHR230 φ3x16,3.0,-,16.0,NAK55/NAK80/HPM1,~43HRC,Prehardened steels,8000,600.0,0.09,3.0,https://www.ns-tool.com/ja/products/webcatalog/data/MHR230/MHR230_S.xlsx,,日進工具 公式切削条件参考表(XLSX)。深リブ・溝加工条件のためae=工具径として登録。
NS TOOL,MHR230,無限コーティング 2枚刃ロングネックエンドミル（深リブ用） MHR230,SQUARE,MHR230 φ3x16,3.0,-,16.0,銅・アルミニウム合金,,Copper / aluminum alloys,12000,1200.0,0.15,3.0,https://www.ns-tool.com/ja/products/webcatalog/data/MHR230/MHR230_S.xlsx,,日進工具 公式切削条件参考表(XLSX)。深リブ・溝加工条件のためae=工具径として登録。
NS TOOL,MHR230,無限コーティング 2枚刃ロングネックエンドミル（深リブ用） MHR230,SQUARE,MHR230 φ3x18,3.0,-,18.0,S50C,,Carbon steels,10000,900.0,0.11,3.0,https://www.ns-tool.com/ja/products/webcatalog/data/MHR230/MHR230_S.xlsx,,日進工具 公式切削条件参考表(XLSX)。深リブ・溝加工条件のためae=工具径として登録。
NS TOOL,MHR230,無限コーティング 2枚刃ロングネックエンドミル（深リブ用） MHR230,SQUARE,MHR230 φ3x18,3.0,-,18.0,SCM/SKD/SUS,,Alloy / stainless steels,8000,720.0,0.11,3.0,https://www.ns-tool.com/ja/products/webcatalog/data/MHR230/MHR230_S.xlsx,,日進工具 公式切削条件参考表(XLSX)。深リブ・溝加工条件のためae=工具径として登録。カタログ※1に基づき合金鋼・ステンレス鋼は回転数・送り80%換算。
NS TOOL,MHR230,無限コーティング 2枚刃ロングネックエンドミル（深リブ用） MHR230,SQUARE,MHR230 φ3x18,3.0,-,18.0,NAK55/NAK80/HPM1,~43HRC,Prehardened steels,8000,550.0,0.08,3.0,https://www.ns-tool.com/ja/products/webcatalog/data/MHR230/MHR230_S.xlsx,,日進工具 公式切削条件参考表(XLSX)。深リブ・溝加工条件のためae=工具径として登録。
NS TOOL,MHR230,無限コーティング 2枚刃ロングネックエンドミル（深リブ用） MHR230,SQUARE,MHR230 φ3x18,3.0,-,18.0,銅・アルミニウム合金,,Copper / aluminum alloys,12000,1100.0,0.13,3.0,https://www.ns-tool.com/ja/products/webcatalog/data/MHR230/MHR230_S.xlsx,,日進工具 公式切削条件参考表(XLSX)。深リブ・溝加工条件のためae=工具径として登録。
NS TOOL,MHR230,無限コーティング 2枚刃ロングネックエンドミル（深リブ用） MHR230,SQUARE,MHR230 φ3x20,3.0,-,20.0,S50C,,Carbon steels,9000,800.0,0.1,3.0,https://www.ns-tool.com/ja/products/webcatalog/data/MHR230/MHR230_S.xlsx,,日進工具 公式切削条件参考表(XLSX)。深リブ・溝加工条件のためae=工具径として登録。
NS TOOL,MHR230,無限コーティング 2枚刃ロングネックエンドミル（深リブ用） MHR230,SQUARE,MHR230 φ3x20,3.0,-,20.0,SCM/SKD/SUS,,Alloy / stainless steels,7200,640.0,0.1,3.0,https://www.ns-tool.com/ja/products/webcatalog/data/MHR230/MHR230_S.xlsx,,日進工具 公式切削条件参考表(XLSX)。深リブ・溝加工条件のためae=工具径として登録。カタログ※1に基づき合金鋼・ステンレス鋼は回転数・送り80%換算。
NS TOOL,MHR230,無限コーティング 2枚刃ロングネックエンドミル（深リブ用） MHR230,SQUARE,MHR230 φ3x20,3.0,-,20.0,NAK55/NAK80/HPM1,~43HRC,Prehardened steels,7000,450.0,0.07,3.0,https://www.ns-tool.com/ja/products/webcatalog/data/MHR230/MHR230_S.xlsx,,日進工具 公式切削条件参考表(XLSX)。深リブ・溝加工条件のためae=工具径として登録。
NS TOOL,MHR230,無限コーティング 2枚刃ロングネックエンドミル（深リブ用） MHR230,SQUARE,MHR230 φ3x20,3.0,-,20.0,銅・アルミニウム合金,,Copper / aluminum alloys,11000,1000.0,0.12,3.0,https://www.ns-tool.com/ja/products/webcatalog/data/MHR230/MHR230_S.xlsx,,日進工具 公式切削条件参考表(XLSX)。深リブ・溝加工条件のためae=工具径として登録。
NS TOOL,MHR230,無限コーティング 2枚刃ロングネックエンドミル（深リブ用） MHR230,SQUARE,MHR230 φ3x25,3.0,-,25.0,S50C,,Carbon steels,8000,700.0,0.08,3.0,https://www.ns-tool.com/ja/products/webcatalog/data/MHR230/MHR230_S.xlsx,,日進工具 公式切削条件参考表(XLSX)。深リブ・溝加工条件のためae=工具径として登録。
NS TOOL,MHR230,無限コーティング 2枚刃ロングネックエンドミル（深リブ用） MHR230,SQUARE,MHR230 φ3x25,3.0,-,25.0,SCM/SKD/SUS,,Alloy / stainless steels,6400,560.0,0.08,3.0,https://www.ns-tool.com/ja/products/webcatalog/data/MHR230/MHR230_S.xlsx,,日進工具 公式切削条件参考表(XLSX)。深リブ・溝加工条件のためae=工具径として登録。カタログ※1に基づき合金鋼・ステンレス鋼は回転数・送り80%換算。
NS TOOL,MHR230,無限コーティング 2枚刃ロングネックエンドミル（深リブ用） MHR230,SQUARE,MHR230 φ3x25,3.0,-,25.0,NAK55/NAK80/HPM1,~43HRC,Prehardened steels,6000,380.0,0.06,3.0,https://www.ns-tool.com/ja/products/webcatalog/data/MHR230/MHR230_S.xlsx,,日進工具 公式切削条件参考表(XLSX)。深リブ・溝加工条件のためae=工具径として登録。
NS TOOL,MHR230,無限コーティング 2枚刃ロングネックエンドミル（深リブ用） MHR230,SQUARE,MHR230 φ3x25,3.0,-,25.0,銅・アルミニウム合金,,Copper / aluminum alloys,10000,900.0,0.1,3.0,https://www.ns-tool.com/ja/products/webcatalog/data/MHR230/MHR230_S.xlsx,,日進工具 公式切削条件参考表(XLSX)。深リブ・溝加工条件のためae=工具径として登録。
NS TOOL,MHR230,無限コーティング 2枚刃ロングネックエンドミル（深リブ用） MHR230,SQUARE,MHR230 φ3x30,3.0,-,30.0,S50C,,Carbon steels,7000,600.0,0.06,3.0,https://www.ns-tool.com/ja/products/webcatalog/data/MHR230/MHR230_S.xlsx,,日進工具 公式切削条件参考表(XLSX)。深リブ・溝加工条件のためae=工具径として登録。
NS TOOL,MHR230,無限コーティング 2枚刃ロングネックエンドミル（深リブ用） MHR230,SQUARE,MHR230 φ3x30,3.0,-,30.0,SCM/SKD/SUS,,Alloy / stainless steels,5600,480.0,0.06,3.0,https://www.ns-tool.com/ja/products/webcatalog/data/MHR230/MHR230_S.xlsx,,日進工具 公式切削条件参考表(XLSX)。深リブ・溝加工条件のためae=工具径として登録。カタログ※1に基づき合金鋼・ステンレス鋼は回転数・送り80%換算。
NS TOOL,MHR230,無限コーティング 2枚刃ロングネックエンドミル（深リブ用） MHR230,SQUARE,MHR230 φ3x30,3.0,-,30.0,NAK55/NAK80/HPM1,~43HRC,Prehardened steels,5000,300.0,0.045,3.0,https://www.ns-tool.com/ja/products/webcatalog/data/MHR230/MHR230_S.xlsx,,日進工具 公式切削条件参考表(XLSX)。深リブ・溝加工条件のためae=工具径として登録。
NS TOOL,MHR230,無限コーティング 2枚刃ロングネックエンドミル（深リブ用） MHR230,SQUARE,MHR230 φ3x30,3.0,-,30.0,銅・アルミニウム合金,,Copper / aluminum alloys,8500,730.0,0.07,3.0,https://www.ns-tool.com/ja/products/webcatalog/data/MHR230/MHR230_S.xlsx,,日進工具 公式切削条件参考表(XLSX)。深リブ・溝加工条件のためae=工具径として登録。
NS TOOL,MHR230,無限コーティング 2枚刃ロングネックエンドミル（深リブ用） MHR230,SQUARE,MHR230 φ3x35,3.0,-,35.0,S50C,,Carbon steels,6000,500.0,0.03,3.0,https://www.ns-tool.com/ja/products/webcatalog/data/MHR230/MHR230_S.xlsx,,日進工具 公式切削条件参考表(XLSX)。深リブ・溝加工条件のためae=工具径として登録。
NS TOOL,MHR230,無限コーティング 2枚刃ロングネックエンドミル（深リブ用） MHR230,SQUARE,MHR230 φ3x35,3.0,-,35.0,SCM/SKD/SUS,,Alloy / stainless steels,4800,400.0,0.03,3.0,https://www.ns-tool.com/ja/products/webcatalog/data/MHR230/MHR230_S.xlsx,,日進工具 公式切削条件参考表(XLSX)。深リブ・溝加工条件のためae=工具径として登録。カタログ※1に基づき合金鋼・ステンレス鋼は回転数・送り80%換算。
NS TOOL,MHR230,無限コーティング 2枚刃ロングネックエンドミル（深リブ用） MHR230,SQUARE,MHR230 φ3x35,3.0,-,35.0,NAK55/NAK80/HPM1,~43HRC,Prehardened steels,4500,260.0,0.02,3.0,https://www.ns-tool.com/ja/products/webcatalog/data/MHR230/MHR230_S.xlsx,,日進工具 公式切削条件参考表(XLSX)。深リブ・溝加工条件のためae=工具径として登録。
NS TOOL,MHR230,無限コーティング 2枚刃ロングネックエンドミル（深リブ用） MHR230,SQUARE,MHR230 φ3x35,3.0,-,35.0,銅・アルミニウム合金,,Copper / aluminum alloys,7200,600.0,0.035,3.0,https://www.ns-tool.com/ja/products/webcatalog/data/MHR230/MHR230_S.xlsx,,日進工具 公式切削条件参考表(XLSX)。深リブ・溝加工条件のためae=工具径として登録。
NS TOOL,MHR230,無限コーティング 2枚刃ロングネックエンドミル（深リブ用） MHR230,SQUARE,MHR230 φ3x40,3.0,-,40.0,S50C,,Carbon steels,5000,400.0,0.025,3.0,https://www.ns-tool.com/ja/products/webcatalog/data/MHR230/MHR230_S.xlsx,,日進工具 公式切削条件参考表(XLSX)。深リブ・溝加工条件のためae=工具径として登録。
NS TOOL,MHR230,無限コーティング 2枚刃ロングネックエンドミル（深リブ用） MHR230,SQUARE,MHR230 φ3x40,3.0,-,40.0,SCM/SKD/SUS,,Alloy / stainless steels,4000,320.0,0.025,3.0,https://www.ns-tool.com/ja/products/webcatalog/data/MHR230/MHR230_S.xlsx,,日進工具 公式切削条件参考表(XLSX)。深リブ・溝加工条件のためae=工具径として登録。カタログ※1に基づき合金鋼・ステンレス鋼は回転数・送り80%換算。
NS TOOL,MHR230,無限コーティング 2枚刃ロングネックエンドミル（深リブ用） MHR230,SQUARE,MHR230 φ3x40,3.0,-,40.0,NAK55/NAK80/HPM1,~43HRC,Prehardened steels,4000,220.0,0.018,3.0,https://www.ns-tool.com/ja/products/webcatalog/data/MHR230/MHR230_S.xlsx,,日進工具 公式切削条件参考表(XLSX)。深リブ・溝加工条件のためae=工具径として登録。
NS TOOL,MHR230,無限コーティング 2枚刃ロングネックエンドミル（深リブ用） MHR230,SQUARE,MHR230 φ3x40,3.0,-,40.0,銅・アルミニウム合金,,Copper / aluminum alloys,6000,480.0,0.03,3.0,https://www.ns-tool.com/ja/products/webcatalog/data/MHR230/MHR230_S.xlsx,,日進工具 公式切削条件参考表(XLSX)。深リブ・溝加工条件のためae=工具径として登録。
NS TOOL,MHR230,無限コーティング 2枚刃ロングネックエンドミル（深リブ用） MHR230,SQUARE,MHR230 φ3x50,3.0,-,50.0,S50C,,Carbon steels,4500,300.0,0.015,3.0,https://www.ns-tool.com/ja/products/webcatalog/data/MHR230/MHR230_S.xlsx,,日進工具 公式切削条件参考表(XLSX)。深リブ・溝加工条件のためae=工具径として登録。
NS TOOL,MHR230,無限コーティング 2枚刃ロングネックエンドミル（深リブ用） MHR230,SQUARE,MHR230 φ3x50,3.0,-,50.0,SCM/SKD/SUS,,Alloy / stainless steels,3600,240.0,0.015,3.0,https://www.ns-tool.com/ja/products/webcatalog/data/MHR230/MHR230_S.xlsx,,日進工具 公式切削条件参考表(XLSX)。深リブ・溝加工条件のためae=工具径として登録。カタログ※1に基づき合金鋼・ステンレス鋼は回転数・送り80%換算。
NS TOOL,MHR230,無限コーティング 2枚刃ロングネックエンドミル（深リブ用） MHR230,SQUARE,MHR230 φ3x50,3.0,-,50.0,NAK55/NAK80/HPM1,~43HRC,Prehardened steels,3500,180.0,0.01,3.0,https://www.ns-tool.com/ja/products/webcatalog/data/MHR230/MHR230_S.xlsx,,日進工具 公式切削条件参考表(XLSX)。深リブ・溝加工条件のためae=工具径として登録。
NS TOOL,MHR230,無限コーティング 2枚刃ロングネックエンドミル（深リブ用） MHR230,SQUARE,MHR230 φ3x50,3.0,-,50.0,銅・アルミニウム合金,,Copper / aluminum alloys,4500,300.0,0.018,3.0,https://www.ns-tool.com/ja/products/webcatalog/data/MHR230/MHR230_S.xlsx,,日進工具 公式切削条件参考表(XLSX)。深リブ・溝加工条件のためae=工具径として登録。
NS TOOL,MHR230,無限コーティング 2枚刃ロングネックエンドミル（深リブ用） MHR230,SQUARE,MHR230 φ4x12,4.0,-,12.0,S50C,,Carbon steels,8000,1500.0,0.3,4.0,https://www.ns-tool.com/ja/products/webcatalog/data/MHR230/MHR230_S.xlsx,,日進工具 公式切削条件参考表(XLSX)。深リブ・溝加工条件のためae=工具径として登録。
NS TOOL,MHR230,無限コーティング 2枚刃ロングネックエンドミル（深リブ用） MHR230,SQUARE,MHR230 φ4x12,4.0,-,12.0,SCM/SKD/SUS,,Alloy / stainless steels,6400,1200.0,0.3,4.0,https://www.ns-tool.com/ja/products/webcatalog/data/MHR230/MHR230_S.xlsx,,日進工具 公式切削条件参考表(XLSX)。深リブ・溝加工条件のためae=工具径として登録。カタログ※1に基づき合金鋼・ステンレス鋼は回転数・送り80%換算。
NS TOOL,MHR230,無限コーティング 2枚刃ロングネックエンドミル（深リブ用） MHR230,SQUARE,MHR230 φ4x12,4.0,-,12.0,NAK55/NAK80/HPM1,~43HRC,Prehardened steels,6000,850.0,0.25,4.0,https://www.ns-tool.com/ja/products/webcatalog/data/MHR230/MHR230_S.xlsx,,日進工具 公式切削条件参考表(XLSX)。深リブ・溝加工条件のためae=工具径として登録。
NS TOOL,MHR230,無限コーティング 2枚刃ロングネックエンドミル（深リブ用） MHR230,SQUARE,MHR230 φ4x12,4.0,-,12.0,銅・アルミニウム合金,,Copper / aluminum alloys,10000,1900.0,0.36,4.0,https://www.ns-tool.com/ja/products/webcatalog/data/MHR230/MHR230_S.xlsx,,日進工具 公式切削条件参考表(XLSX)。深リブ・溝加工条件のためae=工具径として登録。
NS TOOL,MHR230,無限コーティング 2枚刃ロングネックエンドミル（深リブ用） MHR230,SQUARE,MHR230 φ4x16,4.0,-,16.0,S50C,,Carbon steels,8000,1400.0,0.25,4.0,https://www.ns-tool.com/ja/products/webcatalog/data/MHR230/MHR230_S.xlsx,,日進工具 公式切削条件参考表(XLSX)。深リブ・溝加工条件のためae=工具径として登録。
NS TOOL,MHR230,無限コーティング 2枚刃ロングネックエンドミル（深リブ用） MHR230,SQUARE,MHR230 φ4x16,4.0,-,16.0,SCM/SKD/SUS,,Alloy / stainless steels,6400,1120.0,0.25,4.0,https://www.ns-tool.com/ja/products/webcatalog/data/MHR230/MHR230_S.xlsx,,日進工具 公式切削条件参考表(XLSX)。深リブ・溝加工条件のためae=工具径として登録。カタログ※1に基づき合金鋼・ステンレス鋼は回転数・送り80%換算。
NS TOOL,MHR230,無限コーティング 2枚刃ロングネックエンドミル（深リブ用） MHR230,SQUARE,MHR230 φ4x16,4.0,-,16.0,NAK55/NAK80/HPM1,~43HRC,Prehardened steels,6000,800.0,0.2,4.0,https://www.ns-tool.com/ja/products/webcatalog/data/MHR230/MHR230_S.xlsx,,日進工具 公式切削条件参考表(XLSX)。深リブ・溝加工条件のためae=工具径として登録。
NS TOOL,MHR230,無限コーティング 2枚刃ロングネックエンドミル（深リブ用） MHR230,SQUARE,MHR230 φ4x16,4.0,-,16.0,銅・アルミニウム合金,,Copper / aluminum alloys,10000,1800.0,0.3,4.0,https://www.ns-tool.com/ja/products/webcatalog/data/MHR230/MHR230_S.xlsx,,日進工具 公式切削条件参考表(XLSX)。深リブ・溝加工条件のためae=工具径として登録。
NS TOOL,MHR230,無限コーティング 2枚刃ロングネックエンドミル（深リブ用） MHR230,SQUARE,MHR230 φ4x20,4.0,-,20.0,S50C,,Carbon steels,8000,1300.0,0.2,4.0,https://www.ns-tool.com/ja/products/webcatalog/data/MHR230/MHR230_S.xlsx,,日進工具 公式切削条件参考表(XLSX)。深リブ・溝加工条件のためae=工具径として登録。
NS TOOL,MHR230,無限コーティング 2枚刃ロングネックエンドミル（深リブ用） MHR230,SQUARE,MHR230 φ4x20,4.0,-,20.0,SCM/SKD/SUS,,Alloy / stainless steels,6400,1040.0,0.2,4.0,https://www.ns-tool.com/ja/products/webcatalog/data/MHR230/MHR230_S.xlsx,,日進工具 公式切削条件参考表(XLSX)。深リブ・溝加工条件のためae=工具径として登録。カタログ※1に基づき合金鋼・ステンレス鋼は回転数・送り80%換算。
NS TOOL,MHR230,無限コーティング 2枚刃ロングネックエンドミル（深リブ用） MHR230,SQUARE,MHR230 φ4x20,4.0,-,20.0,NAK55/NAK80/HPM1,~43HRC,Prehardened steels,6000,730.0,0.15,4.0,https://www.ns-tool.com/ja/products/webcatalog/data/MHR230/MHR230_S.xlsx,,日進工具 公式切削条件参考表(XLSX)。深リブ・溝加工条件のためae=工具径として登録。
NS TOOL,MHR230,無限コーティング 2枚刃ロングネックエンドミル（深リブ用） MHR230,SQUARE,MHR230 φ4x20,4.0,-,20.0,銅・アルミニウム合金,,Copper / aluminum alloys,10000,1600.0,0.24,4.0,https://www.ns-tool.com/ja/products/webcatalog/data/MHR230/MHR230_S.xlsx,,日進工具 公式切削条件参考表(XLSX)。深リブ・溝加工条件のためae=工具径として登録。
NS TOOL,MHR230,無限コーティング 2枚刃ロングネックエンドミル（深リブ用） MHR230,SQUARE,MHR230 φ4x25,4.0,-,25.0,S50C,,Carbon steels,7000,1100.0,0.15,4.0,https://www.ns-tool.com/ja/products/webcatalog/data/MHR230/MHR230_S.xlsx,,日進工具 公式切削条件参考表(XLSX)。深リブ・溝加工条件のためae=工具径として登録。
NS TOOL,MHR230,無限コーティング 2枚刃ロングネックエンドミル（深リブ用） MHR230,SQUARE,MHR230 φ4x25,4.0,-,25.0,SCM/SKD/SUS,,Alloy / stainless steels,5600,880.0,0.15,4.0,https://www.ns-tool.com/ja/products/webcatalog/data/MHR230/MHR230_S.xlsx,,日進工具 公式切削条件参考表(XLSX)。深リブ・溝加工条件のためae=工具径として登録。カタログ※1に基づき合金鋼・ステンレス鋼は回転数・送り80%換算。
NS TOOL,MHR230,無限コーティング 2枚刃ロングネックエンドミル（深リブ用） MHR230,SQUARE,MHR230 φ4x25,4.0,-,25.0,NAK55/NAK80/HPM1,~43HRC,Prehardened steels,5000,600.0,0.1,4.0,https://www.ns-tool.com/ja/products/webcatalog/data/MHR230/MHR230_S.xlsx,,日進工具 公式切削条件参考表(XLSX)。深リブ・溝加工条件のためae=工具径として登録。
NS TOOL,MHR230,無限コーティング 2枚刃ロングネックエンドミル（深リブ用） MHR230,SQUARE,MHR230 φ4x25,4.0,-,25.0,銅・アルミニウム合金,,Copper / aluminum alloys,8500,1300.0,0.18,4.0,https://www.ns-tool.com/ja/products/webcatalog/data/MHR230/MHR230_S.xlsx,,日進工具 公式切削条件参考表(XLSX)。深リブ・溝加工条件のためae=工具径として登録。
NS TOOL,MHR230,無限コーティング 2枚刃ロングネックエンドミル（深リブ用） MHR230,SQUARE,MHR230 φ4x30,4.0,-,30.0,S50C,,Carbon steels,7000,1000.0,0.12,4.0,https://www.ns-tool.com/ja/products/webcatalog/data/MHR230/MHR230_S.xlsx,,日進工具 公式切削条件参考表(XLSX)。深リブ・溝加工条件のためae=工具径として登録。
NS TOOL,MHR230,無限コーティング 2枚刃ロングネックエンドミル（深リブ用） MHR230,SQUARE,MHR230 φ4x30,4.0,-,30.0,SCM/SKD/SUS,,Alloy / stainless steels,5600,800.0,0.12,4.0,https://www.ns-tool.com/ja/products/webcatalog/data/MHR230/MHR230_S.xlsx,,日進工具 公式切削条件参考表(XLSX)。深リブ・溝加工条件のためae=工具径として登録。カタログ※1に基づき合金鋼・ステンレス鋼は回転数・送り80%換算。
NS TOOL,MHR230,無限コーティング 2枚刃ロングネックエンドミル（深リブ用） MHR230,SQUARE,MHR230 φ4x30,4.0,-,30.0,NAK55/NAK80/HPM1,~43HRC,Prehardened steels,5000,540.0,0.08,4.0,https://www.ns-tool.com/ja/products/webcatalog/data/MHR230/MHR230_S.xlsx,,日進工具 公式切削条件参考表(XLSX)。深リブ・溝加工条件のためae=工具径として登録。
NS TOOL,MHR230,無限コーティング 2枚刃ロングネックエンドミル（深リブ用） MHR230,SQUARE,MHR230 φ4x30,4.0,-,30.0,銅・アルミニウム合金,,Copper / aluminum alloys,8500,1200.0,0.15,4.0,https://www.ns-tool.com/ja/products/webcatalog/data/MHR230/MHR230_S.xlsx,,日進工具 公式切削条件参考表(XLSX)。深リブ・溝加工条件のためae=工具径として登録。
NS TOOL,MHR230,無限コーティング 2枚刃ロングネックエンドミル（深リブ用） MHR230,SQUARE,MHR230 φ4x35,4.0,-,35.0,S50C,,Carbon steels,6000,800.0,0.1,4.0,https://www.ns-tool.com/ja/products/webcatalog/data/MHR230/MHR230_S.xlsx,,日進工具 公式切削条件参考表(XLSX)。深リブ・溝加工条件のためae=工具径として登録。
NS TOOL,MHR230,無限コーティング 2枚刃ロングネックエンドミル（深リブ用） MHR230,SQUARE,MHR230 φ4x35,4.0,-,35.0,SCM/SKD/SUS,,Alloy / stainless steels,4800,640.0,0.1,4.0,https://www.ns-tool.com/ja/products/webcatalog/data/MHR230/MHR230_S.xlsx,,日進工具 公式切削条件参考表(XLSX)。深リブ・溝加工条件のためae=工具径として登録。カタログ※1に基づき合金鋼・ステンレス鋼は回転数・送り80%換算。
NS TOOL,MHR230,無限コーティング 2枚刃ロングネックエンドミル（深リブ用） MHR230,SQUARE,MHR230 φ4x35,4.0,-,35.0,NAK55/NAK80/HPM1,~43HRC,Prehardened steels,4500,450.0,0.07,4.0,https://www.ns-tool.com/ja/products/webcatalog/data/MHR230/MHR230_S.xlsx,,日進工具 公式切削条件参考表(XLSX)。深リブ・溝加工条件のためae=工具径として登録。
NS TOOL,MHR230,無限コーティング 2枚刃ロングネックエンドミル（深リブ用） MHR230,SQUARE,MHR230 φ4x35,4.0,-,35.0,銅・アルミニウム合金,,Copper / aluminum alloys,7200,1000.0,0.12,4.0,https://www.ns-tool.com/ja/products/webcatalog/data/MHR230/MHR230_S.xlsx,,日進工具 公式切削条件参考表(XLSX)。深リブ・溝加工条件のためae=工具径として登録。
NS TOOL,MHR230,無限コーティング 2枚刃ロングネックエンドミル（深リブ用） MHR230,SQUARE,MHR230 φ4x40,4.0,-,40.0,S50C,,Carbon steels,5000,600.0,0.08,4.0,https://www.ns-tool.com/ja/products/webcatalog/data/MHR230/MHR230_S.xlsx,,日進工具 公式切削条件参考表(XLSX)。深リブ・溝加工条件のためae=工具径として登録。
NS TOOL,MHR230,無限コーティング 2枚刃ロングネックエンドミル（深リブ用） MHR230,SQUARE,MHR230 φ4x40,4.0,-,40.0,SCM/SKD/SUS,,Alloy / stainless steels,4000,480.0,0.08,4.0,https://www.ns-tool.com/ja/products/webcatalog/data/MHR230/MHR230_S.xlsx,,日進工具 公式切削条件参考表(XLSX)。深リブ・溝加工条件のためae=工具径として登録。カタログ※1に基づき合金鋼・ステンレス鋼は回転数・送り80%換算。
NS TOOL,MHR230,無限コーティング 2枚刃ロングネックエンドミル（深リブ用） MHR230,SQUARE,MHR230 φ4x40,4.0,-,40.0,NAK55/NAK80/HPM1,~43HRC,Prehardened steels,4000,360.0,0.06,4.0,https://www.ns-tool.com/ja/products/webcatalog/data/MHR230/MHR230_S.xlsx,,日進工具 公式切削条件参考表(XLSX)。深リブ・溝加工条件のためae=工具径として登録。
NS TOOL,MHR230,無限コーティング 2枚刃ロングネックエンドミル（深リブ用） MHR230,SQUARE,MHR230 φ4x40,4.0,-,40.0,銅・アルミニウム合金,,Copper / aluminum alloys,6000,720.0,0.1,4.0,https://www.ns-tool.com/ja/products/webcatalog/data/MHR230/MHR230_S.xlsx,,日進工具 公式切削条件参考表(XLSX)。深リブ・溝加工条件のためae=工具径として登録。
NS TOOL,MHR230,無限コーティング 2枚刃ロングネックエンドミル（深リブ用） MHR230,SQUARE,MHR230 φ4x45,4.0,-,45.0,S50C,,Carbon steels,4500,500.0,0.06,4.0,https://www.ns-tool.com/ja/products/webcatalog/data/MHR230/MHR230_S.xlsx,,日進工具 公式切削条件参考表(XLSX)。深リブ・溝加工条件のためae=工具径として登録。
NS TOOL,MHR230,無限コーティング 2枚刃ロングネックエンドミル（深リブ用） MHR230,SQUARE,MHR230 φ4x45,4.0,-,45.0,SCM/SKD/SUS,,Alloy / stainless steels,3600,400.0,0.06,4.0,https://www.ns-tool.com/ja/products/webcatalog/data/MHR230/MHR230_S.xlsx,,日進工具 公式切削条件参考表(XLSX)。深リブ・溝加工条件のためae=工具径として登録。カタログ※1に基づき合金鋼・ステンレス鋼は回転数・送り80%換算。
NS TOOL,MHR230,無限コーティング 2枚刃ロングネックエンドミル（深リブ用） MHR230,SQUARE,MHR230 φ4x45,4.0,-,45.0,NAK55/NAK80/HPM1,~43HRC,Prehardened steels,3500,300.0,0.04,4.0,https://www.ns-tool.com/ja/products/webcatalog/data/MHR230/MHR230_S.xlsx,,日進工具 公式切削条件参考表(XLSX)。深リブ・溝加工条件のためae=工具径として登録。
NS TOOL,MHR230,無限コーティング 2枚刃ロングネックエンドミル（深リブ用） MHR230,SQUARE,MHR230 φ4x45,4.0,-,45.0,銅・アルミニウム合金,,Copper / aluminum alloys,5400,600.0,0.07,4.0,https://www.ns-tool.com/ja/products/webcatalog/data/MHR230/MHR230_S.xlsx,,日進工具 公式切削条件参考表(XLSX)。深リブ・溝加工条件のためae=工具径として登録。
NS TOOL,MHR230,無限コーティング 2枚刃ロングネックエンドミル（深リブ用） MHR230,SQUARE,MHR230 φ4x50,4.0,-,50.0,S50C,,Carbon steels,4000,400.0,0.04,4.0,https://www.ns-tool.com/ja/products/webcatalog/data/MHR230/MHR230_S.xlsx,,日進工具 公式切削条件参考表(XLSX)。深リブ・溝加工条件のためae=工具径として登録。
NS TOOL,MHR230,無限コーティング 2枚刃ロングネックエンドミル（深リブ用） MHR230,SQUARE,MHR230 φ4x50,4.0,-,50.0,SCM/SKD/SUS,,Alloy / stainless steels,3200,320.0,0.04,4.0,https://www.ns-tool.com/ja/products/webcatalog/data/MHR230/MHR230_S.xlsx,,日進工具 公式切削条件参考表(XLSX)。深リブ・溝加工条件のためae=工具径として登録。カタログ※1に基づき合金鋼・ステンレス鋼は回転数・送り80%換算。
NS TOOL,MHR230,無限コーティング 2枚刃ロングネックエンドミル（深リブ用） MHR230,SQUARE,MHR230 φ4x50,4.0,-,50.0,NAK55/NAK80/HPM1,~43HRC,Prehardened steels,3000,220.0,0.03,4.0,https://www.ns-tool.com/ja/products/webcatalog/data/MHR230/MHR230_S.xlsx,,日進工具 公式切削条件参考表(XLSX)。深リブ・溝加工条件のためae=工具径として登録。
NS TOOL,MHR230,無限コーティング 2枚刃ロングネックエンドミル（深リブ用） MHR230,SQUARE,MHR230 φ4x50,4.0,-,50.0,銅・アルミニウム合金,,Copper / aluminum alloys,4800,480.0,0.05,4.0,https://www.ns-tool.com/ja/products/webcatalog/data/MHR230/MHR230_S.xlsx,,日進工具 公式切削条件参考表(XLSX)。深リブ・溝加工条件のためae=工具径として登録。
NS TOOL,MHR230,無限コーティング 2枚刃ロングネックエンドミル（深リブ用） MHR230,SQUARE,MHR230 φ4x60,4.0,-,60.0,S50C,,Carbon steels,3500,300.0,0.02,4.0,https://www.ns-tool.com/ja/products/webcatalog/data/MHR230/MHR230_S.xlsx,,日進工具 公式切削条件参考表(XLSX)。深リブ・溝加工条件のためae=工具径として登録。
NS TOOL,MHR230,無限コーティング 2枚刃ロングネックエンドミル（深リブ用） MHR230,SQUARE,MHR230 φ4x60,4.0,-,60.0,SCM/SKD/SUS,,Alloy / stainless steels,2800,240.0,0.02,4.0,https://www.ns-tool.com/ja/products/webcatalog/data/MHR230/MHR230_S.xlsx,,日進工具 公式切削条件参考表(XLSX)。深リブ・溝加工条件のためae=工具径として登録。カタログ※1に基づき合金鋼・ステンレス鋼は回転数・送り80%換算。
NS TOOL,MHR230,無限コーティング 2枚刃ロングネックエンドミル（深リブ用） MHR230,SQUARE,MHR230 φ4x60,4.0,-,60.0,NAK55/NAK80/HPM1,~43HRC,Prehardened steels,2500,160.0,0.014,4.0,https://www.ns-tool.com/ja/products/webcatalog/data/MHR230/MHR230_S.xlsx,,日進工具 公式切削条件参考表(XLSX)。深リブ・溝加工条件のためae=工具径として登録。
NS TOOL,MHR230,無限コーティング 2枚刃ロングネックエンドミル（深リブ用） MHR230,SQUARE,MHR230 φ4x60,4.0,-,60.0,銅・アルミニウム合金,,Copper / aluminum alloys,4200,360.0,0.025,4.0,https://www.ns-tool.com/ja/products/webcatalog/data/MHR230/MHR230_S.xlsx,,日進工具 公式切削条件参考表(XLSX)。深リブ・溝加工条件のためae=工具径として登録。
NS TOOL,MHR230,無限コーティング 2枚刃ロングネックエンドミル（深リブ用） MHR230,SQUARE,MHR230 φ5x16,5.0,-,16.0,S50C,,Carbon steels,6000,1400.0,0.35,5.0,https://www.ns-tool.com/ja/products/webcatalog/data/MHR230/MHR230_S.xlsx,,日進工具 公式切削条件参考表(XLSX)。深リブ・溝加工条件のためae=工具径として登録。
NS TOOL,MHR230,無限コーティング 2枚刃ロングネックエンドミル（深リブ用） MHR230,SQUARE,MHR230 φ5x16,5.0,-,16.0,SCM/SKD/SUS,,Alloy / stainless steels,4800,1120.0,0.35,5.0,https://www.ns-tool.com/ja/products/webcatalog/data/MHR230/MHR230_S.xlsx,,日進工具 公式切削条件参考表(XLSX)。深リブ・溝加工条件のためae=工具径として登録。カタログ※1に基づき合金鋼・ステンレス鋼は回転数・送り80%換算。
NS TOOL,MHR230,無限コーティング 2枚刃ロングネックエンドミル（深リブ用） MHR230,SQUARE,MHR230 φ5x16,5.0,-,16.0,NAK55/NAK80/HPM1,~43HRC,Prehardened steels,4500,800.0,0.3,5.0,https://www.ns-tool.com/ja/products/webcatalog/data/MHR230/MHR230_S.xlsx,,日進工具 公式切削条件参考表(XLSX)。深リブ・溝加工条件のためae=工具径として登録。
NS TOOL,MHR230,無限コーティング 2枚刃ロングネックエンドミル（深リブ用） MHR230,SQUARE,MHR230 φ5x16,5.0,-,16.0,銅・アルミニウム合金,,Copper / aluminum alloys,7200,1700.0,0.42,5.0,https://www.ns-tool.com/ja/products/webcatalog/data/MHR230/MHR230_S.xlsx,,日進工具 公式切削条件参考表(XLSX)。深リブ・溝加工条件のためae=工具径として登録。
NS TOOL,MHR230,無限コーティング 2枚刃ロングネックエンドミル（深リブ用） MHR230,SQUARE,MHR230 φ5x20,5.0,-,20.0,S50C,,Carbon steels,6000,1300.0,0.3,5.0,https://www.ns-tool.com/ja/products/webcatalog/data/MHR230/MHR230_S.xlsx,,日進工具 公式切削条件参考表(XLSX)。深リブ・溝加工条件のためae=工具径として登録。
NS TOOL,MHR230,無限コーティング 2枚刃ロングネックエンドミル（深リブ用） MHR230,SQUARE,MHR230 φ5x20,5.0,-,20.0,SCM/SKD/SUS,,Alloy / stainless steels,4800,1040.0,0.3,5.0,https://www.ns-tool.com/ja/products/webcatalog/data/MHR230/MHR230_S.xlsx,,日進工具 公式切削条件参考表(XLSX)。深リブ・溝加工条件のためae=工具径として登録。カタログ※1に基づき合金鋼・ステンレス鋼は回転数・送り80%換算。
NS TOOL,MHR230,無限コーティング 2枚刃ロングネックエンドミル（深リブ用） MHR230,SQUARE,MHR230 φ5x20,5.0,-,20.0,NAK55/NAK80/HPM1,~43HRC,Prehardened steels,4500,730.0,0.25,5.0,https://www.ns-tool.com/ja/products/webcatalog/data/MHR230/MHR230_S.xlsx,,日進工具 公式切削条件参考表(XLSX)。深リブ・溝加工条件のためae=工具径として登録。
NS TOOL,MHR230,無限コーティング 2枚刃ロングネックエンドミル（深リブ用） MHR230,SQUARE,MHR230 φ5x20,5.0,-,20.0,銅・アルミニウム合金,,Copper / aluminum alloys,7200,1600.0,0.36,5.0,https://www.ns-tool.com/ja/products/webcatalog/data/MHR230/MHR230_S.xlsx,,日進工具 公式切削条件参考表(XLSX)。深リブ・溝加工条件のためae=工具径として登録。
NS TOOL,MHR230,無限コーティング 2枚刃ロングネックエンドミル（深リブ用） MHR230,SQUARE,MHR230 φ5x25,5.0,-,25.0,S50C,,Carbon steels,6000,1200.0,0.25,5.0,https://www.ns-tool.com/ja/products/webcatalog/data/MHR230/MHR230_S.xlsx,,日進工具 公式切削条件参考表(XLSX)。深リブ・溝加工条件のためae=工具径として登録。
NS TOOL,MHR230,無限コーティング 2枚刃ロングネックエンドミル（深リブ用） MHR230,SQUARE,MHR230 φ5x25,5.0,-,25.0,SCM/SKD/SUS,,Alloy / stainless steels,4800,960.0,0.25,5.0,https://www.ns-tool.com/ja/products/webcatalog/data/MHR230/MHR230_S.xlsx,,日進工具 公式切削条件参考表(XLSX)。深リブ・溝加工条件のためae=工具径として登録。カタログ※1に基づき合金鋼・ステンレス鋼は回転数・送り80%換算。
NS TOOL,MHR230,無限コーティング 2枚刃ロングネックエンドミル（深リブ用） MHR230,SQUARE,MHR230 φ5x25,5.0,-,25.0,NAK55/NAK80/HPM1,~43HRC,Prehardened steels,4500,680.0,0.2,5.0,https://www.ns-tool.com/ja/products/webcatalog/data/MHR230/MHR230_S.xlsx,,日進工具 公式切削条件参考表(XLSX)。深リブ・溝加工条件のためae=工具径として登録。
NS TOOL,MHR230,無限コーティング 2枚刃ロングネックエンドミル（深リブ用） MHR230,SQUARE,MHR230 φ5x25,5.0,-,25.0,銅・アルミニウム合金,,Copper / aluminum alloys,7200,1500.0,0.3,5.0,https://www.ns-tool.com/ja/products/webcatalog/data/MHR230/MHR230_S.xlsx,,日進工具 公式切削条件参考表(XLSX)。深リブ・溝加工条件のためae=工具径として登録。
NS TOOL,MHR230,無限コーティング 2枚刃ロングネックエンドミル（深リブ用） MHR230,SQUARE,MHR230 φ5x30,5.0,-,30.0,S50C,,Carbon steels,5000,900.0,0.2,5.0,https://www.ns-tool.com/ja/products/webcatalog/data/MHR230/MHR230_S.xlsx,,日進工具 公式切削条件参考表(XLSX)。深リブ・溝加工条件のためae=工具径として登録。
NS TOOL,MHR230,無限コーティング 2枚刃ロングネックエンドミル（深リブ用） MHR230,SQUARE,MHR230 φ5x30,5.0,-,30.0,SCM/SKD/SUS,,Alloy / stainless steels,4000,720.0,0.2,5.0,https://www.ns-tool.com/ja/products/webcatalog/data/MHR230/MHR230_S.xlsx,,日進工具 公式切削条件参考表(XLSX)。深リブ・溝加工条件のためae=工具径として登録。カタログ※1に基づき合金鋼・ステンレス鋼は回転数・送り80%換算。
NS TOOL,MHR230,無限コーティング 2枚刃ロングネックエンドミル（深リブ用） MHR230,SQUARE,MHR230 φ5x30,5.0,-,30.0,NAK55/NAK80/HPM1,~43HRC,Prehardened steels,4000,540.0,0.15,5.0,https://www.ns-tool.com/ja/products/webcatalog/data/MHR230/MHR230_S.xlsx,,日進工具 公式切削条件参考表(XLSX)。深リブ・溝加工条件のためae=工具径として登録。
NS TOOL,MHR230,無限コーティング 2枚刃ロングネックエンドミル（深リブ用） MHR230,SQUARE,MHR230 φ5x30,5.0,-,30.0,銅・アルミニウム合金,,Copper / aluminum alloys,6000,1100.0,0.24,5.0,https://www.ns-tool.com/ja/products/webcatalog/data/MHR230/MHR230_S.xlsx,,日進工具 公式切削条件参考表(XLSX)。深リブ・溝加工条件のためae=工具径として登録。
NS TOOL,MHR230,無限コーティング 2枚刃ロングネックエンドミル（深リブ用） MHR230,SQUARE,MHR230 φ5x35,5.0,-,35.0,S50C,,Carbon steels,5000,800.0,0.15,5.0,https://www.ns-tool.com/ja/products/webcatalog/data/MHR230/MHR230_S.xlsx,,日進工具 公式切削条件参考表(XLSX)。深リブ・溝加工条件のためae=工具径として登録。
NS TOOL,MHR230,無限コーティング 2枚刃ロングネックエンドミル（深リブ用） MHR230,SQUARE,MHR230 φ5x35,5.0,-,35.0,SCM/SKD/SUS,,Alloy / stainless steels,4000,640.0,0.15,5.0,https://www.ns-tool.com/ja/products/webcatalog/data/MHR230/MHR230_S.xlsx,,日進工具 公式切削条件参考表(XLSX)。深リブ・溝加工条件のためae=工具径として登録。カタログ※1に基づき合金鋼・ステンレス鋼は回転数・送り80%換算。
NS TOOL,MHR230,無限コーティング 2枚刃ロングネックエンドミル（深リブ用） MHR230,SQUARE,MHR230 φ5x35,5.0,-,35.0,NAK55/NAK80/HPM1,~43HRC,Prehardened steels,3500,420.0,0.1,5.0,https://www.ns-tool.com/ja/products/webcatalog/data/MHR230/MHR230_S.xlsx,,日進工具 公式切削条件参考表(XLSX)。深リブ・溝加工条件のためae=工具径として登録。
NS TOOL,MHR230,無限コーティング 2枚刃ロングネックエンドミル（深リブ用） MHR230,SQUARE,MHR230 φ5x35,5.0,-,35.0,銅・アルミニウム合金,,Copper / aluminum alloys,6000,1000.0,0.18,5.0,https://www.ns-tool.com/ja/products/webcatalog/data/MHR230/MHR230_S.xlsx,,日進工具 公式切削条件参考表(XLSX)。深リブ・溝加工条件のためae=工具径として登録。
NS TOOL,MHR230,無限コーティング 2枚刃ロングネックエンドミル（深リブ用） MHR230,SQUARE,MHR230 φ5x40,5.0,-,40.0,S50C,,Carbon steels,4000,600.0,0.1,5.0,https://www.ns-tool.com/ja/products/webcatalog/data/MHR230/MHR230_S.xlsx,,日進工具 公式切削条件参考表(XLSX)。深リブ・溝加工条件のためae=工具径として登録。
NS TOOL,MHR230,無限コーティング 2枚刃ロングネックエンドミル（深リブ用） MHR230,SQUARE,MHR230 φ5x40,5.0,-,40.0,SCM/SKD/SUS,,Alloy / stainless steels,3200,480.0,0.1,5.0,https://www.ns-tool.com/ja/products/webcatalog/data/MHR230/MHR230_S.xlsx,,日進工具 公式切削条件参考表(XLSX)。深リブ・溝加工条件のためae=工具径として登録。カタログ※1に基づき合金鋼・ステンレス鋼は回転数・送り80%換算。
NS TOOL,MHR230,無限コーティング 2枚刃ロングネックエンドミル（深リブ用） MHR230,SQUARE,MHR230 φ5x40,5.0,-,40.0,NAK55/NAK80/HPM1,~43HRC,Prehardened steels,3000,340.0,0.07,5.0,https://www.ns-tool.com/ja/products/webcatalog/data/MHR230/MHR230_S.xlsx,,日進工具 公式切削条件参考表(XLSX)。深リブ・溝加工条件のためae=工具径として登録。
NS TOOL,MHR230,無限コーティング 2枚刃ロングネックエンドミル（深リブ用） MHR230,SQUARE,MHR230 φ5x40,5.0,-,40.0,銅・アルミニウム合金,,Copper / aluminum alloys,4800,720.0,0.12,5.0,https://www.ns-tool.com/ja/products/webcatalog/data/MHR230/MHR230_S.xlsx,,日進工具 公式切削条件参考表(XLSX)。深リブ・溝加工条件のためae=工具径として登録。
NS TOOL,MHR230,無限コーティング 2枚刃ロングネックエンドミル（深リブ用） MHR230,SQUARE,MHR230 φ5x50,5.0,-,50.0,S50C,,Carbon steels,3500,450.0,0.07,5.0,https://www.ns-tool.com/ja/products/webcatalog/data/MHR230/MHR230_S.xlsx,,日進工具 公式切削条件参考表(XLSX)。深リブ・溝加工条件のためae=工具径として登録。
NS TOOL,MHR230,無限コーティング 2枚刃ロングネックエンドミル（深リブ用） MHR230,SQUARE,MHR230 φ5x50,5.0,-,50.0,SCM/SKD/SUS,,Alloy / stainless steels,2800,360.0,0.07,5.0,https://www.ns-tool.com/ja/products/webcatalog/data/MHR230/MHR230_S.xlsx,,日進工具 公式切削条件参考表(XLSX)。深リブ・溝加工条件のためae=工具径として登録。カタログ※1に基づき合金鋼・ステンレス鋼は回転数・送り80%換算。
NS TOOL,MHR230,無限コーティング 2枚刃ロングネックエンドミル（深リブ用） MHR230,SQUARE,MHR230 φ5x50,5.0,-,50.0,NAK55/NAK80/HPM1,~43HRC,Prehardened steels,2500,240.0,0.05,5.0,https://www.ns-tool.com/ja/products/webcatalog/data/MHR230/MHR230_S.xlsx,,日進工具 公式切削条件参考表(XLSX)。深リブ・溝加工条件のためae=工具径として登録。
NS TOOL,MHR230,無限コーティング 2枚刃ロングネックエンドミル（深リブ用） MHR230,SQUARE,MHR230 φ5x50,5.0,-,50.0,銅・アルミニウム合金,,Copper / aluminum alloys,4200,540.0,0.085,5.0,https://www.ns-tool.com/ja/products/webcatalog/data/MHR230/MHR230_S.xlsx,,日進工具 公式切削条件参考表(XLSX)。深リブ・溝加工条件のためae=工具径として登録。
NS TOOL,MHR230,無限コーティング 2枚刃ロングネックエンドミル（深リブ用） MHR230,SQUARE,MHR230 φ5x60,5.0,-,60.0,S50C,,Carbon steels,3000,350.0,0.04,5.0,https://www.ns-tool.com/ja/products/webcatalog/data/MHR230/MHR230_S.xlsx,,日進工具 公式切削条件参考表(XLSX)。深リブ・溝加工条件のためae=工具径として登録。
NS TOOL,MHR230,無限コーティング 2枚刃ロングネックエンドミル（深リブ用） MHR230,SQUARE,MHR230 φ5x60,5.0,-,60.0,SCM/SKD/SUS,,Alloy / stainless steels,2400,280.0,0.04,5.0,https://www.ns-tool.com/ja/products/webcatalog/data/MHR230/MHR230_S.xlsx,,日進工具 公式切削条件参考表(XLSX)。深リブ・溝加工条件のためae=工具径として登録。カタログ※1に基づき合金鋼・ステンレス鋼は回転数・送り80%換算。
NS TOOL,MHR230,無限コーティング 2枚刃ロングネックエンドミル（深リブ用） MHR230,SQUARE,MHR230 φ5x60,5.0,-,60.0,NAK55/NAK80/HPM1,~43HRC,Prehardened steels,2200,200.0,0.03,5.0,https://www.ns-tool.com/ja/products/webcatalog/data/MHR230/MHR230_S.xlsx,,日進工具 公式切削条件参考表(XLSX)。深リブ・溝加工条件のためae=工具径として登録。
NS TOOL,MHR230,無限コーティング 2枚刃ロングネックエンドミル（深リブ用） MHR230,SQUARE,MHR230 φ5x60,5.0,-,60.0,銅・アルミニウム合金,,Copper / aluminum alloys,3600,420.0,0.05,5.0,https://www.ns-tool.com/ja/products/webcatalog/data/MHR230/MHR230_S.xlsx,,日進工具 公式切削条件参考表(XLSX)。深リブ・溝加工条件のためae=工具径として登録。
NS TOOL,MHR230,無限コーティング 2枚刃ロングネックエンドミル（深リブ用） MHR230,SQUARE,MHR230 φ6x20,6.0,-,20.0,S50C,,Carbon steels,5000,1200.0,0.4,6.0,https://www.ns-tool.com/ja/products/webcatalog/data/MHR230/MHR230_S.xlsx,,日進工具 公式切削条件参考表(XLSX)。深リブ・溝加工条件のためae=工具径として登録。
NS TOOL,MHR230,無限コーティング 2枚刃ロングネックエンドミル（深リブ用） MHR230,SQUARE,MHR230 φ6x20,6.0,-,20.0,SCM/SKD/SUS,,Alloy / stainless steels,4000,960.0,0.4,6.0,https://www.ns-tool.com/ja/products/webcatalog/data/MHR230/MHR230_S.xlsx,,日進工具 公式切削条件参考表(XLSX)。深リブ・溝加工条件のためae=工具径として登録。カタログ※1に基づき合金鋼・ステンレス鋼は回転数・送り80%換算。
NS TOOL,MHR230,無限コーティング 2枚刃ロングネックエンドミル（深リブ用） MHR230,SQUARE,MHR230 φ6x20,6.0,-,20.0,NAK55/NAK80/HPM1,~43HRC,Prehardened steels,3500,630.0,0.35,6.0,https://www.ns-tool.com/ja/products/webcatalog/data/MHR230/MHR230_S.xlsx,,日進工具 公式切削条件参考表(XLSX)。深リブ・溝加工条件のためae=工具径として登録。
NS TOOL,MHR230,無限コーティング 2枚刃ロングネックエンドミル（深リブ用） MHR230,SQUARE,MHR230 φ6x20,6.0,-,20.0,銅・アルミニウム合金,,Copper / aluminum alloys,6000,1500.0,0.48,6.0,https://www.ns-tool.com/ja/products/webcatalog/data/MHR230/MHR230_S.xlsx,,日進工具 公式切削条件参考表(XLSX)。深リブ・溝加工条件のためae=工具径として登録。
NS TOOL,MHR230,無限コーティング 2枚刃ロングネックエンドミル（深リブ用） MHR230,SQUARE,MHR230 φ6x30,6.0,-,30.0,S50C,,Carbon steels,4000,900.0,0.35,6.0,https://www.ns-tool.com/ja/products/webcatalog/data/MHR230/MHR230_S.xlsx,,日進工具 公式切削条件参考表(XLSX)。深リブ・溝加工条件のためae=工具径として登録。
NS TOOL,MHR230,無限コーティング 2枚刃ロングネックエンドミル（深リブ用） MHR230,SQUARE,MHR230 φ6x30,6.0,-,30.0,SCM/SKD/SUS,,Alloy / stainless steels,3200,720.0,0.35,6.0,https://www.ns-tool.com/ja/products/webcatalog/data/MHR230/MHR230_S.xlsx,,日進工具 公式切削条件参考表(XLSX)。深リブ・溝加工条件のためae=工具径として登録。カタログ※1に基づき合金鋼・ステンレス鋼は回転数・送り80%換算。
NS TOOL,MHR230,無限コーティング 2枚刃ロングネックエンドミル（深リブ用） MHR230,SQUARE,MHR230 φ6x30,6.0,-,30.0,NAK55/NAK80/HPM1,~43HRC,Prehardened steels,3000,500.0,0.3,6.0,https://www.ns-tool.com/ja/products/webcatalog/data/MHR230/MHR230_S.xlsx,,日進工具 公式切削条件参考表(XLSX)。深リブ・溝加工条件のためae=工具径として登録。
NS TOOL,MHR230,無限コーティング 2枚刃ロングネックエンドミル（深リブ用） MHR230,SQUARE,MHR230 φ6x30,6.0,-,30.0,銅・アルミニウム合金,,Copper / aluminum alloys,4800,1100.0,0.42,6.0,https://www.ns-tool.com/ja/products/webcatalog/data/MHR230/MHR230_S.xlsx,,日進工具 公式切削条件参考表(XLSX)。深リブ・溝加工条件のためae=工具径として登録。
NS TOOL,MHR230,無限コーティング 2枚刃ロングネックエンドミル（深リブ用） MHR230,SQUARE,MHR230 φ6x40,6.0,-,40.0,S50C,,Carbon steels,3500,650.0,0.25,6.0,https://www.ns-tool.com/ja/products/webcatalog/data/MHR230/MHR230_S.xlsx,,日進工具 公式切削条件参考表(XLSX)。深リブ・溝加工条件のためae=工具径として登録。
NS TOOL,MHR230,無限コーティング 2枚刃ロングネックエンドミル（深リブ用） MHR230,SQUARE,MHR230 φ6x40,6.0,-,40.0,SCM/SKD/SUS,,Alloy / stainless steels,2800,520.0,0.25,6.0,https://www.ns-tool.com/ja/products/webcatalog/data/MHR230/MHR230_S.xlsx,,日進工具 公式切削条件参考表(XLSX)。深リブ・溝加工条件のためae=工具径として登録。カタログ※1に基づき合金鋼・ステンレス鋼は回転数・送り80%換算。
NS TOOL,MHR230,無限コーティング 2枚刃ロングネックエンドミル（深リブ用） MHR230,SQUARE,MHR230 φ6x40,6.0,-,40.0,NAK55/NAK80/HPM1,~43HRC,Prehardened steels,2700,380.0,0.2,6.0,https://www.ns-tool.com/ja/products/webcatalog/data/MHR230/MHR230_S.xlsx,,日進工具 公式切削条件参考表(XLSX)。深リブ・溝加工条件のためae=工具径として登録。
NS TOOL,MHR230,無限コーティング 2枚刃ロングネックエンドミル（深リブ用） MHR230,SQUARE,MHR230 φ6x40,6.0,-,40.0,銅・アルミニウム合金,,Copper / aluminum alloys,4200,780.0,0.3,6.0,https://www.ns-tool.com/ja/products/webcatalog/data/MHR230/MHR230_S.xlsx,,日進工具 公式切削条件参考表(XLSX)。深リブ・溝加工条件のためae=工具径として登録。
NS TOOL,MHR230,無限コーティング 2枚刃ロングネックエンドミル（深リブ用） MHR230,SQUARE,MHR230 φ6x50,6.0,-,50.0,S50C,,Carbon steels,3000,500.0,0.15,6.0,https://www.ns-tool.com/ja/products/webcatalog/data/MHR230/MHR230_S.xlsx,,日進工具 公式切削条件参考表(XLSX)。深リブ・溝加工条件のためae=工具径として登録。
NS TOOL,MHR230,無限コーティング 2枚刃ロングネックエンドミル（深リブ用） MHR230,SQUARE,MHR230 φ6x50,6.0,-,50.0,SCM/SKD/SUS,,Alloy / stainless steels,2400,400.0,0.15,6.0,https://www.ns-tool.com/ja/products/webcatalog/data/MHR230/MHR230_S.xlsx,,日進工具 公式切削条件参考表(XLSX)。深リブ・溝加工条件のためae=工具径として登録。カタログ※1に基づき合金鋼・ステンレス鋼は回転数・送り80%換算。
NS TOOL,MHR230,無限コーティング 2枚刃ロングネックエンドミル（深リブ用） MHR230,SQUARE,MHR230 φ6x50,6.0,-,50.0,NAK55/NAK80/HPM1,~43HRC,Prehardened steels,2200,280.0,0.1,6.0,https://www.ns-tool.com/ja/products/webcatalog/data/MHR230/MHR230_S.xlsx,,日進工具 公式切削条件参考表(XLSX)。深リブ・溝加工条件のためae=工具径として登録。
NS TOOL,MHR230,無限コーティング 2枚刃ロングネックエンドミル（深リブ用） MHR230,SQUARE,MHR230 φ6x50,6.0,-,50.0,銅・アルミニウム合金,,Copper / aluminum alloys,3600,600.0,0.18,6.0,https://www.ns-tool.com/ja/products/webcatalog/data/MHR230/MHR230_S.xlsx,,日進工具 公式切削条件参考表(XLSX)。深リブ・溝加工条件のためae=工具径として登録。
NS TOOL,MHR230,無限コーティング 2枚刃ロングネックエンドミル（深リブ用） MHR230,SQUARE,MHR230 φ6x60,6.0,-,60.0,S50C,,Carbon steels,2700,400.0,0.05,6.0,https://www.ns-tool.com/ja/products/webcatalog/data/MHR230/MHR230_S.xlsx,,日進工具 公式切削条件参考表(XLSX)。深リブ・溝加工条件のためae=工具径として登録。
NS TOOL,MHR230,無限コーティング 2枚刃ロングネックエンドミル（深リブ用） MHR230,SQUARE,MHR230 φ6x60,6.0,-,60.0,SCM/SKD/SUS,,Alloy / stainless steels,2160,320.0,0.05,6.0,https://www.ns-tool.com/ja/products/webcatalog/data/MHR230/MHR230_S.xlsx,,日進工具 公式切削条件参考表(XLSX)。深リブ・溝加工条件のためae=工具径として登録。カタログ※1に基づき合金鋼・ステンレス鋼は回転数・送り80%換算。
NS TOOL,MHR230,無限コーティング 2枚刃ロングネックエンドミル（深リブ用） MHR230,SQUARE,MHR230 φ6x60,6.0,-,60.0,NAK55/NAK80/HPM1,~43HRC,Prehardened steels,2000,220.0,0.04,6.0,https://www.ns-tool.com/ja/products/webcatalog/data/MHR230/MHR230_S.xlsx,,日進工具 公式切削条件参考表(XLSX)。深リブ・溝加工条件のためae=工具径として登録。
NS TOOL,MHR230,無限コーティング 2枚刃ロングネックエンドミル（深リブ用） MHR230,SQUARE,MHR230 φ6x60,6.0,-,60.0,銅・アルミニウム合金,,Copper / aluminum alloys,3200,480.0,0.06,6.0,https://www.ns-tool.com/ja/products/webcatalog/data/MHR230/MHR230_S.xlsx,,日進工具 公式切削条件参考表(XLSX)。深リブ・溝加工条件のためae=工具径として登録。
NS TOOL,MHR430,無限コーティング 4枚刃ロングネックエンドミル（深リブ用） MHR430,SQUARE,MHR430 φ1x4,1.0,-,4.0,S50C,,Carbon steels,25000,1700.0,0.055,0.6,https://www.ns-tool.com/ja/products/webcatalog/data/MHR430/MHR430_S.xlsx,,日進工具 公式切削条件参考表(XLSX)。側面切削条件（ap/ae表記あり）。
NS TOOL,MHR430,無限コーティング 4枚刃ロングネックエンドミル（深リブ用） MHR430,SQUARE,MHR430 φ1x4,1.0,-,4.0,SCM/SKD/SUS,,Alloy / stainless steels,20000,1360.0,0.055,0.6,https://www.ns-tool.com/ja/products/webcatalog/data/MHR430/MHR430_S.xlsx,,日進工具 公式切削条件参考表(XLSX)。側面切削条件（ap/ae表記あり）。カタログ※1に基づき合金鋼・ステンレス鋼は回転数・送り80%換算。
NS TOOL,MHR430,無限コーティング 4枚刃ロングネックエンドミル（深リブ用） MHR430,SQUARE,MHR430 φ1x4,1.0,-,4.0,NAK55/NAK80/HPM1,~43HRC,Prehardened steels,22000,1100.0,0.045,0.6,https://www.ns-tool.com/ja/products/webcatalog/data/MHR430/MHR430_S.xlsx,,日進工具 公式切削条件参考表(XLSX)。側面切削条件（ap/ae表記あり）。
NS TOOL,MHR430,無限コーティング 4枚刃ロングネックエンドミル（深リブ用） MHR430,SQUARE,MHR430 φ1x6,1.0,-,6.0,S50C,,Carbon steels,20000,1200.0,0.045,0.6,https://www.ns-tool.com/ja/products/webcatalog/data/MHR430/MHR430_S.xlsx,,日進工具 公式切削条件参考表(XLSX)。側面切削条件（ap/ae表記あり）。
NS TOOL,MHR430,無限コーティング 4枚刃ロングネックエンドミル（深リブ用） MHR430,SQUARE,MHR430 φ1x6,1.0,-,6.0,SCM/SKD/SUS,,Alloy / stainless steels,16000,960.0,0.045,0.6,https://www.ns-tool.com/ja/products/webcatalog/data/MHR430/MHR430_S.xlsx,,日進工具 公式切削条件参考表(XLSX)。側面切削条件（ap/ae表記あり）。カタログ※1に基づき合金鋼・ステンレス鋼は回転数・送り80%換算。
NS TOOL,MHR430,無限コーティング 4枚刃ロングネックエンドミル（深リブ用） MHR430,SQUARE,MHR430 φ1x6,1.0,-,6.0,NAK55/NAK80/HPM1,~43HRC,Prehardened steels,18000,750.0,0.035,0.6,https://www.ns-tool.com/ja/products/webcatalog/data/MHR430/MHR430_S.xlsx,,日進工具 公式切削条件参考表(XLSX)。側面切削条件（ap/ae表記あり）。
NS TOOL,MHR430,無限コーティング 4枚刃ロングネックエンドミル（深リブ用） MHR430,SQUARE,MHR430 φ1x8,1.0,-,8.0,S50C,,Carbon steels,18000,1050.0,0.035,0.6,https://www.ns-tool.com/ja/products/webcatalog/data/MHR430/MHR430_S.xlsx,,日進工具 公式切削条件参考表(XLSX)。側面切削条件（ap/ae表記あり）。
NS TOOL,MHR430,無限コーティング 4枚刃ロングネックエンドミル（深リブ用） MHR430,SQUARE,MHR430 φ1x8,1.0,-,8.0,SCM/SKD/SUS,,Alloy / stainless steels,14400,840.0,0.035,0.6,https://www.ns-tool.com/ja/products/webcatalog/data/MHR430/MHR430_S.xlsx,,日進工具 公式切削条件参考表(XLSX)。側面切削条件（ap/ae表記あり）。カタログ※1に基づき合金鋼・ステンレス鋼は回転数・送り80%換算。
NS TOOL,MHR430,無限コーティング 4枚刃ロングネックエンドミル（深リブ用） MHR430,SQUARE,MHR430 φ1x8,1.0,-,8.0,NAK55/NAK80/HPM1,~43HRC,Prehardened steels,15000,600.0,0.025,0.6,https://www.ns-tool.com/ja/products/webcatalog/data/MHR430/MHR430_S.xlsx,,日進工具 公式切削条件参考表(XLSX)。側面切削条件（ap/ae表記あり）。
NS TOOL,MHR430,無限コーティング 4枚刃ロングネックエンドミル（深リブ用） MHR430,SQUARE,MHR430 φ1x10,1.0,-,10.0,S50C,,Carbon steels,16000,900.0,0.025,0.6,https://www.ns-tool.com/ja/products/webcatalog/data/MHR430/MHR430_S.xlsx,,日進工具 公式切削条件参考表(XLSX)。側面切削条件（ap/ae表記あり）。
NS TOOL,MHR430,無限コーティング 4枚刃ロングネックエンドミル（深リブ用） MHR430,SQUARE,MHR430 φ1x10,1.0,-,10.0,SCM/SKD/SUS,,Alloy / stainless steels,12800,720.0,0.025,0.6,https://www.ns-tool.com/ja/products/webcatalog/data/MHR430/MHR430_S.xlsx,,日進工具 公式切削条件参考表(XLSX)。側面切削条件（ap/ae表記あり）。カタログ※1に基づき合金鋼・ステンレス鋼は回転数・送り80%換算。
NS TOOL,MHR430,無限コーティング 4枚刃ロングネックエンドミル（深リブ用） MHR430,SQUARE,MHR430 φ1x10,1.0,-,10.0,NAK55/NAK80/HPM1,~43HRC,Prehardened steels,14000,520.0,0.018,0.6,https://www.ns-tool.com/ja/products/webcatalog/data/MHR430/MHR430_S.xlsx,,日進工具 公式切削条件参考表(XLSX)。側面切削条件（ap/ae表記あり）。
NS TOOL,MHR430,無限コーティング 4枚刃ロングネックエンドミル（深リブ用） MHR430,SQUARE,MHR430 φ1x12,1.0,-,12.0,S50C,,Carbon steels,14000,750.0,0.02,0.6,https://www.ns-tool.com/ja/products/webcatalog/data/MHR430/MHR430_S.xlsx,,日進工具 公式切削条件参考表(XLSX)。側面切削条件（ap/ae表記あり）。
NS TOOL,MHR430,無限コーティング 4枚刃ロングネックエンドミル（深リブ用） MHR430,SQUARE,MHR430 φ1x12,1.0,-,12.0,SCM/SKD/SUS,,Alloy / stainless steels,11200,600.0,0.02,0.6,https://www.ns-tool.com/ja/products/webcatalog/data/MHR430/MHR430_S.xlsx,,日進工具 公式切削条件参考表(XLSX)。側面切削条件（ap/ae表記あり）。カタログ※1に基づき合金鋼・ステンレス鋼は回転数・送り80%換算。
NS TOOL,MHR430,無限コーティング 4枚刃ロングネックエンドミル（深リブ用） MHR430,SQUARE,MHR430 φ1x12,1.0,-,12.0,NAK55/NAK80/HPM1,~43HRC,Prehardened steels,12000,450.0,0.014,0.6,https://www.ns-tool.com/ja/products/webcatalog/data/MHR430/MHR430_S.xlsx,,日進工具 公式切削条件参考表(XLSX)。側面切削条件（ap/ae表記あり）。
NS TOOL,MHR430,無限コーティング 4枚刃ロングネックエンドミル（深リブ用） MHR430,SQUARE,MHR430 φ1x16,1.0,-,16.0,S50C,,Carbon steels,12000,450.0,0.01,0.6,https://www.ns-tool.com/ja/products/webcatalog/data/MHR430/MHR430_S.xlsx,,日進工具 公式切削条件参考表(XLSX)。側面切削条件（ap/ae表記あり）。
NS TOOL,MHR430,無限コーティング 4枚刃ロングネックエンドミル（深リブ用） MHR430,SQUARE,MHR430 φ1x16,1.0,-,16.0,SCM/SKD/SUS,,Alloy / stainless steels,9600,360.0,0.01,0.6,https://www.ns-tool.com/ja/products/webcatalog/data/MHR430/MHR430_S.xlsx,,日進工具 公式切削条件参考表(XLSX)。側面切削条件（ap/ae表記あり）。カタログ※1に基づき合金鋼・ステンレス鋼は回転数・送り80%換算。
NS TOOL,MHR430,無限コーティング 4枚刃ロングネックエンドミル（深リブ用） MHR430,SQUARE,MHR430 φ1x16,1.0,-,16.0,NAK55/NAK80/HPM1,~43HRC,Prehardened steels,10000,300.0,0.007,0.6,https://www.ns-tool.com/ja/products/webcatalog/data/MHR430/MHR430_S.xlsx,,日進工具 公式切削条件参考表(XLSX)。側面切削条件（ap/ae表記あり）。
NS TOOL,MHR430,無限コーティング 4枚刃ロングネックエンドミル（深リブ用） MHR430,SQUARE,MHR430 φ1.1x6,1.1,-,6.0,S50C,,Carbon steels,20000,1300.0,0.05,0.66,https://www.ns-tool.com/ja/products/webcatalog/data/MHR430/MHR430_S.xlsx,,日進工具 公式切削条件参考表(XLSX)。側面切削条件（ap/ae表記あり）。
NS TOOL,MHR430,無限コーティング 4枚刃ロングネックエンドミル（深リブ用） MHR430,SQUARE,MHR430 φ1.1x6,1.1,-,6.0,SCM/SKD/SUS,,Alloy / stainless steels,16000,1040.0,0.05,0.66,https://www.ns-tool.com/ja/products/webcatalog/data/MHR430/MHR430_S.xlsx,,日進工具 公式切削条件参考表(XLSX)。側面切削条件（ap/ae表記あり）。カタログ※1に基づき合金鋼・ステンレス鋼は回転数・送り80%換算。
NS TOOL,MHR430,無限コーティング 4枚刃ロングネックエンドミル（深リブ用） MHR430,SQUARE,MHR430 φ1.1x6,1.1,-,6.0,NAK55/NAK80/HPM1,~43HRC,Prehardened steels,18000,820.0,0.04,0.66,https://www.ns-tool.com/ja/products/webcatalog/data/MHR430/MHR430_S.xlsx,,日進工具 公式切削条件参考表(XLSX)。側面切削条件（ap/ae表記あり）。
NS TOOL,MHR430,無限コーティング 4枚刃ロングネックエンドミル（深リブ用） MHR430,SQUARE,MHR430 φ1.1x10,1.1,-,10.0,S50C,,Carbon steels,16000,1000.0,0.03,0.66,https://www.ns-tool.com/ja/products/webcatalog/data/MHR430/MHR430_S.xlsx,,日進工具 公式切削条件参考表(XLSX)。側面切削条件（ap/ae表記あり）。
NS TOOL,MHR430,無限コーティング 4枚刃ロングネックエンドミル（深リブ用） MHR430,SQUARE,MHR430 φ1.1x10,1.1,-,10.0,SCM/SKD/SUS,,Alloy / stainless steels,12800,800.0,0.03,0.66,https://www.ns-tool.com/ja/products/webcatalog/data/MHR430/MHR430_S.xlsx,,日進工具 公式切削条件参考表(XLSX)。側面切削条件（ap/ae表記あり）。カタログ※1に基づき合金鋼・ステンレス鋼は回転数・送り80%換算。
NS TOOL,MHR430,無限コーティング 4枚刃ロングネックエンドミル（深リブ用） MHR430,SQUARE,MHR430 φ1.1x10,1.1,-,10.0,NAK55/NAK80/HPM1,~43HRC,Prehardened steels,14000,600.0,0.02,0.66,https://www.ns-tool.com/ja/products/webcatalog/data/MHR430/MHR430_S.xlsx,,日進工具 公式切削条件参考表(XLSX)。側面切削条件（ap/ae表記あり）。
NS TOOL,MHR430,無限コーティング 4枚刃ロングネックエンドミル（深リブ用） MHR430,SQUARE,MHR430 φ1.1x16,1.1,-,16.0,S50C,,Carbon steels,12000,550.0,0.015,0.66,https://www.ns-tool.com/ja/products/webcatalog/data/MHR430/MHR430_S.xlsx,,日進工具 公式切削条件参考表(XLSX)。側面切削条件（ap/ae表記あり）。
NS TOOL,MHR430,無限コーティング 4枚刃ロングネックエンドミル（深リブ用） MHR430,SQUARE,MHR430 φ1.1x16,1.1,-,16.0,SCM/SKD/SUS,,Alloy / stainless steels,9600,440.0,0.015,0.66,https://www.ns-tool.com/ja/products/webcatalog/data/MHR430/MHR430_S.xlsx,,日進工具 公式切削条件参考表(XLSX)。側面切削条件（ap/ae表記あり）。カタログ※1に基づき合金鋼・ステンレス鋼は回転数・送り80%換算。
NS TOOL,MHR430,無限コーティング 4枚刃ロングネックエンドミル（深リブ用） MHR430,SQUARE,MHR430 φ1.1x16,1.1,-,16.0,NAK55/NAK80/HPM1,~43HRC,Prehardened steels,10000,330.0,0.01,0.66,https://www.ns-tool.com/ja/products/webcatalog/data/MHR430/MHR430_S.xlsx,,日進工具 公式切削条件参考表(XLSX)。側面切削条件（ap/ae表記あり）。
NS TOOL,MHR430,無限コーティング 4枚刃ロングネックエンドミル（深リブ用） MHR430,SQUARE,MHR430 φ1.2x6,1.2,-,6.0,S50C,,Carbon steels,20000,1400.0,0.05,0.72,https://www.ns-tool.com/ja/products/webcatalog/data/MHR430/MHR430_S.xlsx,,日進工具 公式切削条件参考表(XLSX)。側面切削条件（ap/ae表記あり）。
NS TOOL,MHR430,無限コーティング 4枚刃ロングネックエンドミル（深リブ用） MHR430,SQUARE,MHR430 φ1.2x6,1.2,-,6.0,SCM/SKD/SUS,,Alloy / stainless steels,16000,1120.0,0.05,0.72,https://www.ns-tool.com/ja/products/webcatalog/data/MHR430/MHR430_S.xlsx,,日進工具 公式切削条件参考表(XLSX)。側面切削条件（ap/ae表記あり）。カタログ※1に基づき合金鋼・ステンレス鋼は回転数・送り80%換算。
NS TOOL,MHR430,無限コーティング 4枚刃ロングネックエンドミル（深リブ用） MHR430,SQUARE,MHR430 φ1.2x6,1.2,-,6.0,NAK55/NAK80/HPM1,~43HRC,Prehardened steels,18000,900.0,0.04,0.72,https://www.ns-tool.com/ja/products/webcatalog/data/MHR430/MHR430_S.xlsx,,日進工具 公式切削条件参考表(XLSX)。側面切削条件（ap/ae表記あり）。
NS TOOL,MHR430,無限コーティング 4枚刃ロングネックエンドミル（深リブ用） MHR430,SQUARE,MHR430 φ1.2x8,1.2,-,8.0,S50C,,Carbon steels,18000,1200.0,0.04,0.72,https://www.ns-tool.com/ja/products/webcatalog/data/MHR430/MHR430_S.xlsx,,日進工具 公式切削条件参考表(XLSX)。側面切削条件（ap/ae表記あり）。
NS TOOL,MHR430,無限コーティング 4枚刃ロングネックエンドミル（深リブ用） MHR430,SQUARE,MHR430 φ1.2x8,1.2,-,8.0,SCM/SKD/SUS,,Alloy / stainless steels,14400,960.0,0.04,0.72,https://www.ns-tool.com/ja/products/webcatalog/data/MHR430/MHR430_S.xlsx,,日進工具 公式切削条件参考表(XLSX)。側面切削条件（ap/ae表記あり）。カタログ※1に基づき合金鋼・ステンレス鋼は回転数・送り80%換算。
NS TOOL,MHR430,無限コーティング 4枚刃ロングネックエンドミル（深リブ用） MHR430,SQUARE,MHR430 φ1.2x8,1.2,-,8.0,NAK55/NAK80/HPM1,~43HRC,Prehardened steels,15000,750.0,0.03,0.72,https://www.ns-tool.com/ja/products/webcatalog/data/MHR430/MHR430_S.xlsx,,日進工具 公式切削条件参考表(XLSX)。側面切削条件（ap/ae表記あり）。
NS TOOL,MHR430,無限コーティング 4枚刃ロングネックエンドミル（深リブ用） MHR430,SQUARE,MHR430 φ1.2x10,1.2,-,10.0,S50C,,Carbon steels,16000,1050.0,0.03,0.72,https://www.ns-tool.com/ja/products/webcatalog/data/MHR430/MHR430_S.xlsx,,日進工具 公式切削条件参考表(XLSX)。側面切削条件（ap/ae表記あり）。
NS TOOL,MHR430,無限コーティング 4枚刃ロングネックエンドミル（深リブ用） MHR430,SQUARE,MHR430 φ1.2x10,1.2,-,10.0,SCM/SKD/SUS,,Alloy / stainless steels,12800,840.0,0.03,0.72,https://www.ns-tool.com/ja/products/webcatalog/data/MHR430/MHR430_S.xlsx,,日進工具 公式切削条件参考表(XLSX)。側面切削条件（ap/ae表記あり）。カタログ※1に基づき合金鋼・ステンレス鋼は回転数・送り80%換算。
NS TOOL,MHR430,無限コーティング 4枚刃ロングネックエンドミル（深リブ用） MHR430,SQUARE,MHR430 φ1.2x10,1.2,-,10.0,NAK55/NAK80/HPM1,~43HRC,Prehardened steels,14000,670.0,0.02,0.72,https://www.ns-tool.com/ja/products/webcatalog/data/MHR430/MHR430_S.xlsx,,日進工具 公式切削条件参考表(XLSX)。側面切削条件（ap/ae表記あり）。
NS TOOL,MHR430,無限コーティング 4枚刃ロングネックエンドミル（深リブ用） MHR430,SQUARE,MHR430 φ1.2x12,1.2,-,12.0,S50C,,Carbon steels,14000,900.0,0.025,0.72,https://www.ns-tool.com/ja/products/webcatalog/data/MHR430/MHR430_S.xlsx,,日進工具 公式切削条件参考表(XLSX)。側面切削条件（ap/ae表記あり）。
NS TOOL,MHR430,無限コーティング 4枚刃ロングネックエンドミル（深リブ用） MHR430,SQUARE,MHR430 φ1.2x12,1.2,-,12.0,SCM/SKD/SUS,,Alloy / stainless steels,11200,720.0,0.025,0.72,https://www.ns-tool.com/ja/products/webcatalog/data/MHR430/MHR430_S.xlsx,,日進工具 公式切削条件参考表(XLSX)。側面切削条件（ap/ae表記あり）。カタログ※1に基づき合金鋼・ステンレス鋼は回転数・送り80%換算。
NS TOOL,MHR430,無限コーティング 4枚刃ロングネックエンドミル（深リブ用） MHR430,SQUARE,MHR430 φ1.2x12,1.2,-,12.0,NAK55/NAK80/HPM1,~43HRC,Prehardened steels,12000,530.0,0.018,0.72,https://www.ns-tool.com/ja/products/webcatalog/data/MHR430/MHR430_S.xlsx,,日進工具 公式切削条件参考表(XLSX)。側面切削条件（ap/ae表記あり）。
NS TOOL,MHR430,無限コーティング 4枚刃ロングネックエンドミル（深リブ用） MHR430,SQUARE,MHR430 φ1.2x16,1.2,-,16.0,S50C,,Carbon steels,12000,600.0,0.015,0.72,https://www.ns-tool.com/ja/products/webcatalog/data/MHR430/MHR430_S.xlsx,,日進工具 公式切削条件参考表(XLSX)。側面切削条件（ap/ae表記あり）。
NS TOOL,MHR430,無限コーティング 4枚刃ロングネックエンドミル（深リブ用） MHR430,SQUARE,MHR430 φ1.2x16,1.2,-,16.0,SCM/SKD/SUS,,Alloy / stainless steels,9600,480.0,0.015,0.72,https://www.ns-tool.com/ja/products/webcatalog/data/MHR430/MHR430_S.xlsx,,日進工具 公式切削条件参考表(XLSX)。側面切削条件（ap/ae表記あり）。カタログ※1に基づき合金鋼・ステンレス鋼は回転数・送り80%換算。
NS TOOL,MHR430,無限コーティング 4枚刃ロングネックエンドミル（深リブ用） MHR430,SQUARE,MHR430 φ1.2x16,1.2,-,16.0,NAK55/NAK80/HPM1,~43HRC,Prehardened steels,10000,380.0,0.01,0.72,https://www.ns-tool.com/ja/products/webcatalog/data/MHR430/MHR430_S.xlsx,,日進工具 公式切削条件参考表(XLSX)。側面切削条件（ap/ae表記あり）。
NS TOOL,MHR430,無限コーティング 4枚刃ロングネックエンドミル（深リブ用） MHR430,SQUARE,MHR430 φ1.3x6,1.3,-,6.0,S50C,,Carbon steels,20000,1500.0,0.06,0.78,https://www.ns-tool.com/ja/products/webcatalog/data/MHR430/MHR430_S.xlsx,,日進工具 公式切削条件参考表(XLSX)。側面切削条件（ap/ae表記あり）。
NS TOOL,MHR430,無限コーティング 4枚刃ロングネックエンドミル（深リブ用） MHR430,SQUARE,MHR430 φ1.3x6,1.3,-,6.0,SCM/SKD/SUS,,Alloy / stainless steels,16000,1200.0,0.06,0.78,https://www.ns-tool.com/ja/products/webcatalog/data/MHR430/MHR430_S.xlsx,,日進工具 公式切削条件参考表(XLSX)。側面切削条件（ap/ae表記あり）。カタログ※1に基づき合金鋼・ステンレス鋼は回転数・送り80%換算。
NS TOOL,MHR430,無限コーティング 4枚刃ロングネックエンドミル（深リブ用） MHR430,SQUARE,MHR430 φ1.3x6,1.3,-,6.0,NAK55/NAK80/HPM1,~43HRC,Prehardened steels,17000,1000.0,0.05,0.78,https://www.ns-tool.com/ja/products/webcatalog/data/MHR430/MHR430_S.xlsx,,日進工具 公式切削条件参考表(XLSX)。側面切削条件（ap/ae表記あり）。
NS TOOL,MHR430,無限コーティング 4枚刃ロングネックエンドミル（深リブ用） MHR430,SQUARE,MHR430 φ1.3x12,1.3,-,12.0,S50C,,Carbon steels,14000,1000.0,0.03,0.78,https://www.ns-tool.com/ja/products/webcatalog/data/MHR430/MHR430_S.xlsx,,日進工具 公式切削条件参考表(XLSX)。側面切削条件（ap/ae表記あり）。
NS TOOL,MHR430,無限コーティング 4枚刃ロングネックエンドミル（深リブ用） MHR430,SQUARE,MHR430 φ1.3x12,1.3,-,12.0,SCM/SKD/SUS,,Alloy / stainless steels,11200,800.0,0.03,0.78,https://www.ns-tool.com/ja/products/webcatalog/data/MHR430/MHR430_S.xlsx,,日進工具 公式切削条件参考表(XLSX)。側面切削条件（ap/ae表記あり）。カタログ※1に基づき合金鋼・ステンレス鋼は回転数・送り80%換算。
NS TOOL,MHR430,無限コーティング 4枚刃ロングネックエンドミル（深リブ用） MHR430,SQUARE,MHR430 φ1.3x12,1.3,-,12.0,NAK55/NAK80/HPM1,~43HRC,Prehardened steels,12000,600.0,0.025,0.78,https://www.ns-tool.com/ja/products/webcatalog/data/MHR430/MHR430_S.xlsx,,日進工具 公式切削条件参考表(XLSX)。側面切削条件（ap/ae表記あり）。
NS TOOL,MHR430,無限コーティング 4枚刃ロングネックエンドミル（深リブ用） MHR430,SQUARE,MHR430 φ1.3x18,1.3,-,18.0,S50C,,Carbon steels,11000,600.0,0.015,0.78,https://www.ns-tool.com/ja/products/webcatalog/data/MHR430/MHR430_S.xlsx,,日進工具 公式切削条件参考表(XLSX)。側面切削条件（ap/ae表記あり）。
NS TOOL,MHR430,無限コーティング 4枚刃ロングネックエンドミル（深リブ用） MHR430,SQUARE,MHR430 φ1.3x18,1.3,-,18.0,SCM/SKD/SUS,,Alloy / stainless steels,8800,480.0,0.015,0.78,https://www.ns-tool.com/ja/products/webcatalog/data/MHR430/MHR430_S.xlsx,,日進工具 公式切削条件参考表(XLSX)。側面切削条件（ap/ae表記あり）。カタログ※1に基づき合金鋼・ステンレス鋼は回転数・送り80%換算。
NS TOOL,MHR430,無限コーティング 4枚刃ロングネックエンドミル（深リブ用） MHR430,SQUARE,MHR430 φ1.3x18,1.3,-,18.0,NAK55/NAK80/HPM1,~43HRC,Prehardened steels,9000,380.0,0.01,0.78,https://www.ns-tool.com/ja/products/webcatalog/data/MHR430/MHR430_S.xlsx,,日進工具 公式切削条件参考表(XLSX)。側面切削条件（ap/ae表記あり）。
NS TOOL,MHR430,無限コーティング 4枚刃ロングネックエンドミル（深リブ用） MHR430,SQUARE,MHR430 φ1.4x6,1.4,-,6.0,S50C,,Carbon steels,20000,1800.0,0.07,0.84,https://www.ns-tool.com/ja/products/webcatalog/data/MHR430/MHR430_S.xlsx,,日進工具 公式切削条件参考表(XLSX)。側面切削条件（ap/ae表記あり）。
NS TOOL,MHR430,無限コーティング 4枚刃ロングネックエンドミル（深リブ用） MHR430,SQUARE,MHR430 φ1.4x6,1.4,-,6.0,SCM/SKD/SUS,,Alloy / stainless steels,16000,1440.0,0.07,0.84,https://www.ns-tool.com/ja/products/webcatalog/data/MHR430/MHR430_S.xlsx,,日進工具 公式切削条件参考表(XLSX)。側面切削条件（ap/ae表記あり）。カタログ※1に基づき合金鋼・ステンレス鋼は回転数・送り80%換算。
NS TOOL,MHR430,無限コーティング 4枚刃ロングネックエンドミル（深リブ用） MHR430,SQUARE,MHR430 φ1.4x6,1.4,-,6.0,NAK55/NAK80/HPM1,~43HRC,Prehardened steels,16000,1100.0,0.06,0.84,https://www.ns-tool.com/ja/products/webcatalog/data/MHR430/MHR430_S.xlsx,,日進工具 公式切削条件参考表(XLSX)。側面切削条件（ap/ae表記あり）。
NS TOOL,MHR430,無限コーティング 4枚刃ロングネックエンドミル（深リブ用） MHR430,SQUARE,MHR430 φ1.4x8,1.4,-,8.0,S50C,,Carbon steels,18000,1500.0,0.06,0.84,https://www.ns-tool.com/ja/products/webcatalog/data/MHR430/MHR430_S.xlsx,,日進工具 公式切削条件参考表(XLSX)。側面切削条件（ap/ae表記あり）。
NS TOOL,MHR430,無限コーティング 4枚刃ロングネックエンドミル（深リブ用） MHR430,SQUARE,MHR430 φ1.4x8,1.4,-,8.0,SCM/SKD/SUS,,Alloy / stainless steels,14400,1200.0,0.06,0.84,https://www.ns-tool.com/ja/products/webcatalog/data/MHR430/MHR430_S.xlsx,,日進工具 公式切削条件参考表(XLSX)。側面切削条件（ap/ae表記あり）。カタログ※1に基づき合金鋼・ステンレス鋼は回転数・送り80%換算。
NS TOOL,MHR430,無限コーティング 4枚刃ロングネックエンドミル（深リブ用） MHR430,SQUARE,MHR430 φ1.4x8,1.4,-,8.0,NAK55/NAK80/HPM1,~43HRC,Prehardened steels,14000,900.0,0.05,0.84,https://www.ns-tool.com/ja/products/webcatalog/data/MHR430/MHR430_S.xlsx,,日進工具 公式切削条件参考表(XLSX)。側面切削条件（ap/ae表記あり）。
NS TOOL,MHR430,無限コーティング 4枚刃ロングネックエンドミル（深リブ用） MHR430,SQUARE,MHR430 φ1.4x10,1.4,-,10.0,S50C,,Carbon steels,16000,1300.0,0.05,0.84,https://www.ns-tool.com/ja/products/webcatalog/data/MHR430/MHR430_S.xlsx,,日進工具 公式切削条件参考表(XLSX)。側面切削条件（ap/ae表記あり）。
NS TOOL,MHR430,無限コーティング 4枚刃ロングネックエンドミル（深リブ用） MHR430,SQUARE,MHR430 φ1.4x10,1.4,-,10.0,SCM/SKD/SUS,,Alloy / stainless steels,12800,1040.0,0.05,0.84,https://www.ns-tool.com/ja/products/webcatalog/data/MHR430/MHR430_S.xlsx,,日進工具 公式切削条件参考表(XLSX)。側面切削条件（ap/ae表記あり）。カタログ※1に基づき合金鋼・ステンレス鋼は回転数・送り80%換算。
NS TOOL,MHR430,無限コーティング 4枚刃ロングネックエンドミル（深リブ用） MHR430,SQUARE,MHR430 φ1.4x10,1.4,-,10.0,NAK55/NAK80/HPM1,~43HRC,Prehardened steels,13000,780.0,0.04,0.84,https://www.ns-tool.com/ja/products/webcatalog/data/MHR430/MHR430_S.xlsx,,日進工具 公式切削条件参考表(XLSX)。側面切削条件（ap/ae表記あり）。
NS TOOL,MHR430,無限コーティング 4枚刃ロングネックエンドミル（深リブ用） MHR430,SQUARE,MHR430 φ1.4x12,1.4,-,12.0,S50C,,Carbon steels,14000,1050.0,0.04,0.84,https://www.ns-tool.com/ja/products/webcatalog/data/MHR430/MHR430_S.xlsx,,日進工具 公式切削条件参考表(XLSX)。側面切削条件（ap/ae表記あり）。
NS TOOL,MHR430,無限コーティング 4枚刃ロングネックエンドミル（深リブ用） MHR430,SQUARE,MHR430 φ1.4x12,1.4,-,12.0,SCM/SKD/SUS,,Alloy / stainless steels,11200,840.0,0.04,0.84,https://www.ns-tool.com/ja/products/webcatalog/data/MHR430/MHR430_S.xlsx,,日進工具 公式切削条件参考表(XLSX)。側面切削条件（ap/ae表記あり）。カタログ※1に基づき合金鋼・ステンレス鋼は回転数・送り80%換算。
NS TOOL,MHR430,無限コーティング 4枚刃ロングネックエンドミル（深リブ用） MHR430,SQUARE,MHR430 φ1.4x12,1.4,-,12.0,NAK55/NAK80/HPM1,~43HRC,Prehardened steels,12000,670.0,0.03,0.84,https://www.ns-tool.com/ja/products/webcatalog/data/MHR430/MHR430_S.xlsx,,日進工具 公式切削条件参考表(XLSX)。側面切削条件（ap/ae表記あり）。
NS TOOL,MHR430,無限コーティング 4枚刃ロングネックエンドミル（深リブ用） MHR430,SQUARE,MHR430 φ1.4x14,1.4,-,14.0,S50C,,Carbon steels,13000,900.0,0.035,0.84,https://www.ns-tool.com/ja/products/webcatalog/data/MHR430/MHR430_S.xlsx,,日進工具 公式切削条件参考表(XLSX)。側面切削条件（ap/ae表記あり）。
NS TOOL,MHR430,無限コーティング 4枚刃ロングネックエンドミル（深リブ用） MHR430,SQUARE,MHR430 φ1.4x14,1.4,-,14.0,SCM/SKD/SUS,,Alloy / stainless steels,10400,720.0,0.035,0.84,https://www.ns-tool.com/ja/products/webcatalog/data/MHR430/MHR430_S.xlsx,,日進工具 公式切削条件参考表(XLSX)。側面切削条件（ap/ae表記あり）。カタログ※1に基づき合金鋼・ステンレス鋼は回転数・送り80%換算。
NS TOOL,MHR430,無限コーティング 4枚刃ロングネックエンドミル（深リブ用） MHR430,SQUARE,MHR430 φ1.4x14,1.4,-,14.0,NAK55/NAK80/HPM1,~43HRC,Prehardened steels,11000,530.0,0.025,0.84,https://www.ns-tool.com/ja/products/webcatalog/data/MHR430/MHR430_S.xlsx,,日進工具 公式切削条件参考表(XLSX)。側面切削条件（ap/ae表記あり）。
NS TOOL,MHR430,無限コーティング 4枚刃ロングネックエンドミル（深リブ用） MHR430,SQUARE,MHR430 φ1.4x16,1.4,-,16.0,S50C,,Carbon steels,12000,750.0,0.025,0.84,https://www.ns-tool.com/ja/products/webcatalog/data/MHR430/MHR430_S.xlsx,,日進工具 公式切削条件参考表(XLSX)。側面切削条件（ap/ae表記あり）。
NS TOOL,MHR430,無限コーティング 4枚刃ロングネックエンドミル（深リブ用） MHR430,SQUARE,MHR430 φ1.4x16,1.4,-,16.0,SCM/SKD/SUS,,Alloy / stainless steels,9600,600.0,0.025,0.84,https://www.ns-tool.com/ja/products/webcatalog/data/MHR430/MHR430_S.xlsx,,日進工具 公式切削条件参考表(XLSX)。側面切削条件（ap/ae表記あり）。カタログ※1に基づき合金鋼・ステンレス鋼は回転数・送り80%換算。
NS TOOL,MHR430,無限コーティング 4枚刃ロングネックエンドミル（深リブ用） MHR430,SQUARE,MHR430 φ1.4x16,1.4,-,16.0,NAK55/NAK80/HPM1,~43HRC,Prehardened steels,10000,450.0,0.018,0.84,https://www.ns-tool.com/ja/products/webcatalog/data/MHR430/MHR430_S.xlsx,,日進工具 公式切削条件参考表(XLSX)。側面切削条件（ap/ae表記あり）。
NS TOOL,MHR430,無限コーティング 4枚刃ロングネックエンドミル（深リブ用） MHR430,SQUARE,MHR430 φ1.4x22,1.4,-,22.0,S50C,,Carbon steels,10000,550.0,0.015,0.84,https://www.ns-tool.com/ja/products/webcatalog/data/MHR430/MHR430_S.xlsx,,日進工具 公式切削条件参考表(XLSX)。側面切削条件（ap/ae表記あり）。
NS TOOL,MHR430,無限コーティング 4枚刃ロングネックエンドミル（深リブ用） MHR430,SQUARE,MHR430 φ1.4x22,1.4,-,22.0,SCM/SKD/SUS,,Alloy / stainless steels,8000,440.0,0.015,0.84,https://www.ns-tool.com/ja/products/webcatalog/data/MHR430/MHR430_S.xlsx,,日進工具 公式切削条件参考表(XLSX)。側面切削条件（ap/ae表記あり）。カタログ※1に基づき合金鋼・ステンレス鋼は回転数・送り80%換算。
NS TOOL,MHR430,無限コーティング 4枚刃ロングネックエンドミル（深リブ用） MHR430,SQUARE,MHR430 φ1.4x22,1.4,-,22.0,NAK55/NAK80/HPM1,~43HRC,Prehardened steels,8000,320.0,0.01,0.84,https://www.ns-tool.com/ja/products/webcatalog/data/MHR430/MHR430_S.xlsx,,日進工具 公式切削条件参考表(XLSX)。側面切削条件（ap/ae表記あり）。
NS TOOL,MHR430,無限コーティング 4枚刃ロングネックエンドミル（深リブ用） MHR430,SQUARE,MHR430 φ1.5x6,1.5,-,6.0,S50C,,Carbon steels,20000,1800.0,0.08,0.9,https://www.ns-tool.com/ja/products/webcatalog/data/MHR430/MHR430_S.xlsx,,日進工具 公式切削条件参考表(XLSX)。側面切削条件（ap/ae表記あり）。
NS TOOL,MHR430,無限コーティング 4枚刃ロングネックエンドミル（深リブ用） MHR430,SQUARE,MHR430 φ1.5x6,1.5,-,6.0,SCM/SKD/SUS,,Alloy / stainless steels,16000,1440.0,0.08,0.9,https://www.ns-tool.com/ja/products/webcatalog/data/MHR430/MHR430_S.xlsx,,日進工具 公式切削条件参考表(XLSX)。側面切削条件（ap/ae表記あり）。カタログ※1に基づき合金鋼・ステンレス鋼は回転数・送り80%換算。
NS TOOL,MHR430,無限コーティング 4枚刃ロングネックエンドミル（深リブ用） MHR430,SQUARE,MHR430 φ1.5x6,1.5,-,6.0,NAK55/NAK80/HPM1,~43HRC,Prehardened steels,16000,1100.0,0.07,0.9,https://www.ns-tool.com/ja/products/webcatalog/data/MHR430/MHR430_S.xlsx,,日進工具 公式切削条件参考表(XLSX)。側面切削条件（ap/ae表記あり）。
NS TOOL,MHR430,無限コーティング 4枚刃ロングネックエンドミル（深リブ用） MHR430,SQUARE,MHR430 φ1.5x8,1.5,-,8.0,S50C,,Carbon steels,18000,1500.0,0.07,0.9,https://www.ns-tool.com/ja/products/webcatalog/data/MHR430/MHR430_S.xlsx,,日進工具 公式切削条件参考表(XLSX)。側面切削条件（ap/ae表記あり）。
NS TOOL,MHR430,無限コーティング 4枚刃ロングネックエンドミル（深リブ用） MHR430,SQUARE,MHR430 φ1.5x8,1.5,-,8.0,SCM/SKD/SUS,,Alloy / stainless steels,14400,1200.0,0.07,0.9,https://www.ns-tool.com/ja/products/webcatalog/data/MHR430/MHR430_S.xlsx,,日進工具 公式切削条件参考表(XLSX)。側面切削条件（ap/ae表記あり）。カタログ※1に基づき合金鋼・ステンレス鋼は回転数・送り80%換算。
NS TOOL,MHR430,無限コーティング 4枚刃ロングネックエンドミル（深リブ用） MHR430,SQUARE,MHR430 φ1.5x8,1.5,-,8.0,NAK55/NAK80/HPM1,~43HRC,Prehardened steels,14000,900.0,0.06,0.9,https://www.ns-tool.com/ja/products/webcatalog/data/MHR430/MHR430_S.xlsx,,日進工具 公式切削条件参考表(XLSX)。側面切削条件（ap/ae表記あり）。
NS TOOL,MHR430,無限コーティング 4枚刃ロングネックエンドミル（深リブ用） MHR430,SQUARE,MHR430 φ1.5x10,1.5,-,10.0,S50C,,Carbon steels,16000,1300.0,0.06,0.9,https://www.ns-tool.com/ja/products/webcatalog/data/MHR430/MHR430_S.xlsx,,日進工具 公式切削条件参考表(XLSX)。側面切削条件（ap/ae表記あり）。
NS TOOL,MHR430,無限コーティング 4枚刃ロングネックエンドミル（深リブ用） MHR430,SQUARE,MHR430 φ1.5x10,1.5,-,10.0,SCM/SKD/SUS,,Alloy / stainless steels,12800,1040.0,0.06,0.9,https://www.ns-tool.com/ja/products/webcatalog/data/MHR430/MHR430_S.xlsx,,日進工具 公式切削条件参考表(XLSX)。側面切削条件（ap/ae表記あり）。カタログ※1に基づき合金鋼・ステンレス鋼は回転数・送り80%換算。
NS TOOL,MHR430,無限コーティング 4枚刃ロングネックエンドミル（深リブ用） MHR430,SQUARE,MHR430 φ1.5x10,1.5,-,10.0,NAK55/NAK80/HPM1,~43HRC,Prehardened steels,13000,780.0,0.05,0.9,https://www.ns-tool.com/ja/products/webcatalog/data/MHR430/MHR430_S.xlsx,,日進工具 公式切削条件参考表(XLSX)。側面切削条件（ap/ae表記あり）。
NS TOOL,MHR430,無限コーティング 4枚刃ロングネックエンドミル（深リブ用） MHR430,SQUARE,MHR430 φ1.5x12,1.5,-,12.0,S50C,,Carbon steels,14000,1050.0,0.05,0.9,https://www.ns-tool.com/ja/products/webcatalog/data/MHR430/MHR430_S.xlsx,,日進工具 公式切削条件参考表(XLSX)。側面切削条件（ap/ae表記あり）。
NS TOOL,MHR430,無限コーティング 4枚刃ロングネックエンドミル（深リブ用） MHR430,SQUARE,MHR430 φ1.5x12,1.5,-,12.0,SCM/SKD/SUS,,Alloy / stainless steels,11200,840.0,0.05,0.9,https://www.ns-tool.com/ja/products/webcatalog/data/MHR430/MHR430_S.xlsx,,日進工具 公式切削条件参考表(XLSX)。側面切削条件（ap/ae表記あり）。カタログ※1に基づき合金鋼・ステンレス鋼は回転数・送り80%換算。
NS TOOL,MHR430,無限コーティング 4枚刃ロングネックエンドミル（深リブ用） MHR430,SQUARE,MHR430 φ1.5x12,1.5,-,12.0,NAK55/NAK80/HPM1,~43HRC,Prehardened steels,12000,670.0,0.04,0.9,https://www.ns-tool.com/ja/products/webcatalog/data/MHR430/MHR430_S.xlsx,,日進工具 公式切削条件参考表(XLSX)。側面切削条件（ap/ae表記あり）。
NS TOOL,MHR430,無限コーティング 4枚刃ロングネックエンドミル（深リブ用） MHR430,SQUARE,MHR430 φ1.5x14,1.5,-,14.0,S50C,,Carbon steels,13000,900.0,0.04,0.9,https://www.ns-tool.com/ja/products/webcatalog/data/MHR430/MHR430_S.xlsx,,日進工具 公式切削条件参考表(XLSX)。側面切削条件（ap/ae表記あり）。
NS TOOL,MHR430,無限コーティング 4枚刃ロングネックエンドミル（深リブ用） MHR430,SQUARE,MHR430 φ1.5x14,1.5,-,14.0,SCM/SKD/SUS,,Alloy / stainless steels,10400,720.0,0.04,0.9,https://www.ns-tool.com/ja/products/webcatalog/data/MHR430/MHR430_S.xlsx,,日進工具 公式切削条件参考表(XLSX)。側面切削条件（ap/ae表記あり）。カタログ※1に基づき合金鋼・ステンレス鋼は回転数・送り80%換算。
NS TOOL,MHR430,無限コーティング 4枚刃ロングネックエンドミル（深リブ用） MHR430,SQUARE,MHR430 φ1.5x14,1.5,-,14.0,NAK55/NAK80/HPM1,~43HRC,Prehardened steels,11000,570.0,0.03,0.9,https://www.ns-tool.com/ja/products/webcatalog/data/MHR430/MHR430_S.xlsx,,日進工具 公式切削条件参考表(XLSX)。側面切削条件（ap/ae表記あり）。
NS TOOL,MHR430,無限コーティング 4枚刃ロングネックエンドミル（深リブ用） MHR430,SQUARE,MHR430 φ1.5x16,1.5,-,16.0,S50C,,Carbon steels,12000,750.0,0.035,0.9,https://www.ns-tool.com/ja/products/webcatalog/data/MHR430/MHR430_S.xlsx,,日進工具 公式切削条件参考表(XLSX)。側面切削条件（ap/ae表記あり）。
NS TOOL,MHR430,無限コーティング 4枚刃ロングネックエンドミル（深リブ用） MHR430,SQUARE,MHR430 φ1.5x16,1.5,-,16.0,SCM/SKD/SUS,,Alloy / stainless steels,9600,600.0,0.035,0.9,https://www.ns-tool.com/ja/products/webcatalog/data/MHR430/MHR430_S.xlsx,,日進工具 公式切削条件参考表(XLSX)。側面切削条件（ap/ae表記あり）。カタログ※1に基づき合金鋼・ステンレス鋼は回転数・送り80%換算。
NS TOOL,MHR430,無限コーティング 4枚刃ロングネックエンドミル（深リブ用） MHR430,SQUARE,MHR430 φ1.5x16,1.5,-,16.0,NAK55/NAK80/HPM1,~43HRC,Prehardened steels,10000,480.0,0.025,0.9,https://www.ns-tool.com/ja/products/webcatalog/data/MHR430/MHR430_S.xlsx,,日進工具 公式切削条件参考表(XLSX)。側面切削条件（ap/ae表記あり）。
NS TOOL,MHR430,無限コーティング 4枚刃ロングネックエンドミル（深リブ用） MHR430,SQUARE,MHR430 φ1.5x18,1.5,-,18.0,S50C,,Carbon steels,11000,680.0,0.03,0.9,https://www.ns-tool.com/ja/products/webcatalog/data/MHR430/MHR430_S.xlsx,,日進工具 公式切削条件参考表(XLSX)。側面切削条件（ap/ae表記あり）。
NS TOOL,MHR430,無限コーティング 4枚刃ロングネックエンドミル（深リブ用） MHR430,SQUARE,MHR430 φ1.5x18,1.5,-,18.0,SCM/SKD/SUS,,Alloy / stainless steels,8800,544.0,0.03,0.9,https://www.ns-tool.com/ja/products/webcatalog/data/MHR430/MHR430_S.xlsx,,日進工具 公式切削条件参考表(XLSX)。側面切削条件（ap/ae表記あり）。カタログ※1に基づき合金鋼・ステンレス鋼は回転数・送り80%換算。
NS TOOL,MHR430,無限コーティング 4枚刃ロングネックエンドミル（深リブ用） MHR430,SQUARE,MHR430 φ1.5x18,1.5,-,18.0,NAK55/NAK80/HPM1,~43HRC,Prehardened steels,9000,420.0,0.02,0.9,https://www.ns-tool.com/ja/products/webcatalog/data/MHR430/MHR430_S.xlsx,,日進工具 公式切削条件参考表(XLSX)。側面切削条件（ap/ae表記あり）。
NS TOOL,MHR430,無限コーティング 4枚刃ロングネックエンドミル（深リブ用） MHR430,SQUARE,MHR430 φ1.5x20,1.5,-,20.0,S50C,,Carbon steels,10000,600.0,0.02,0.9,https://www.ns-tool.com/ja/products/webcatalog/data/MHR430/MHR430_S.xlsx,,日進工具 公式切削条件参考表(XLSX)。側面切削条件（ap/ae表記あり）。
NS TOOL,MHR430,無限コーティング 4枚刃ロングネックエンドミル（深リブ用） MHR430,SQUARE,MHR430 φ1.5x20,1.5,-,20.0,SCM/SKD/SUS,,Alloy / stainless steels,8000,480.0,0.02,0.9,https://www.ns-tool.com/ja/products/webcatalog/data/MHR430/MHR430_S.xlsx,,日進工具 公式切削条件参考表(XLSX)。側面切削条件（ap/ae表記あり）。カタログ※1に基づき合金鋼・ステンレス鋼は回転数・送り80%換算。
NS TOOL,MHR430,無限コーティング 4枚刃ロングネックエンドミル（深リブ用） MHR430,SQUARE,MHR430 φ1.5x20,1.5,-,20.0,NAK55/NAK80/HPM1,~43HRC,Prehardened steels,8000,360.0,0.014,0.9,https://www.ns-tool.com/ja/products/webcatalog/data/MHR430/MHR430_S.xlsx,,日進工具 公式切削条件参考表(XLSX)。側面切削条件（ap/ae表記あり）。
NS TOOL,MHR430,無限コーティング 4枚刃ロングネックエンドミル（深リブ用） MHR430,SQUARE,MHR430 φ1.6x6,1.6,-,6.0,S50C,,Carbon steels,20000,1800.0,0.09,0.96,https://www.ns-tool.com/ja/products/webcatalog/data/MHR430/MHR430_S.xlsx,,日進工具 公式切削条件参考表(XLSX)。側面切削条件（ap/ae表記あり）。
NS TOOL,MHR430,無限コーティング 4枚刃ロングネックエンドミル（深リブ用） MHR430,SQUARE,MHR430 φ1.6x6,1.6,-,6.0,SCM/SKD/SUS,,Alloy / stainless steels,16000,1440.0,0.09,0.96,https://www.ns-tool.com/ja/products/webcatalog/data/MHR430/MHR430_S.xlsx,,日進工具 公式切削条件参考表(XLSX)。側面切削条件（ap/ae表記あり）。カタログ※1に基づき合金鋼・ステンレス鋼は回転数・送り80%換算。
NS TOOL,MHR430,無限コーティング 4枚刃ロングネックエンドミル（深リブ用） MHR430,SQUARE,MHR430 φ1.6x6,1.6,-,6.0,NAK55/NAK80/HPM1,~43HRC,Prehardened steels,16000,1100.0,0.08,0.96,https://www.ns-tool.com/ja/products/webcatalog/data/MHR430/MHR430_S.xlsx,,日進工具 公式切削条件参考表(XLSX)。側面切削条件（ap/ae表記あり）。
NS TOOL,MHR430,無限コーティング 4枚刃ロングネックエンドミル（深リブ用） MHR430,SQUARE,MHR430 φ1.6x8,1.6,-,8.0,S50C,,Carbon steels,18000,1500.0,0.08,0.96,https://www.ns-tool.com/ja/products/webcatalog/data/MHR430/MHR430_S.xlsx,,日進工具 公式切削条件参考表(XLSX)。側面切削条件（ap/ae表記あり）。
NS TOOL,MHR430,無限コーティング 4枚刃ロングネックエンドミル（深リブ用） MHR430,SQUARE,MHR430 φ1.6x8,1.6,-,8.0,SCM/SKD/SUS,,Alloy / stainless steels,14400,1200.0,0.08,0.96,https://www.ns-tool.com/ja/products/webcatalog/data/MHR430/MHR430_S.xlsx,,日進工具 公式切削条件参考表(XLSX)。側面切削条件（ap/ae表記あり）。カタログ※1に基づき合金鋼・ステンレス鋼は回転数・送り80%換算。
NS TOOL,MHR430,無限コーティング 4枚刃ロングネックエンドミル（深リブ用） MHR430,SQUARE,MHR430 φ1.6x8,1.6,-,8.0,NAK55/NAK80/HPM1,~43HRC,Prehardened steels,14000,900.0,0.07,0.96,https://www.ns-tool.com/ja/products/webcatalog/data/MHR430/MHR430_S.xlsx,,日進工具 公式切削条件参考表(XLSX)。側面切削条件（ap/ae表記あり）。
NS TOOL,MHR430,無限コーティング 4枚刃ロングネックエンドミル（深リブ用） MHR430,SQUARE,MHR430 φ1.6x10,1.6,-,10.0,S50C,,Carbon steels,16000,1300.0,0.07,0.96,https://www.ns-tool.com/ja/products/webcatalog/data/MHR430/MHR430_S.xlsx,,日進工具 公式切削条件参考表(XLSX)。側面切削条件（ap/ae表記あり）。
NS TOOL,MHR430,無限コーティング 4枚刃ロングネックエンドミル（深リブ用） MHR430,SQUARE,MHR430 φ1.6x10,1.6,-,10.0,SCM/SKD/SUS,,Alloy / stainless steels,12800,1040.0,0.07,0.96,https://www.ns-tool.com/ja/products/webcatalog/data/MHR430/MHR430_S.xlsx,,日進工具 公式切削条件参考表(XLSX)。側面切削条件（ap/ae表記あり）。カタログ※1に基づき合金鋼・ステンレス鋼は回転数・送り80%換算。
NS TOOL,MHR430,無限コーティング 4枚刃ロングネックエンドミル（深リブ用） MHR430,SQUARE,MHR430 φ1.6x10,1.6,-,10.0,NAK55/NAK80/HPM1,~43HRC,Prehardened steels,13000,780.0,0.06,0.96,https://www.ns-tool.com/ja/products/webcatalog/data/MHR430/MHR430_S.xlsx,,日進工具 公式切削条件参考表(XLSX)。側面切削条件（ap/ae表記あり）。
NS TOOL,MHR430,無限コーティング 4枚刃ロングネックエンドミル（深リブ用） MHR430,SQUARE,MHR430 φ1.6x12,1.6,-,12.0,S50C,,Carbon steels,14000,1050.0,0.06,0.96,https://www.ns-tool.com/ja/products/webcatalog/data/MHR430/MHR430_S.xlsx,,日進工具 公式切削条件参考表(XLSX)。側面切削条件（ap/ae表記あり）。
NS TOOL,MHR430,無限コーティング 4枚刃ロングネックエンドミル（深リブ用） MHR430,SQUARE,MHR430 φ1.6x12,1.6,-,12.0,SCM/SKD/SUS,,Alloy / stainless steels,11200,840.0,0.06,0.96,https://www.ns-tool.com/ja/products/webcatalog/data/MHR430/MHR430_S.xlsx,,日進工具 公式切削条件参考表(XLSX)。側面切削条件（ap/ae表記あり）。カタログ※1に基づき合金鋼・ステンレス鋼は回転数・送り80%換算。
NS TOOL,MHR430,無限コーティング 4枚刃ロングネックエンドミル（深リブ用） MHR430,SQUARE,MHR430 φ1.6x12,1.6,-,12.0,NAK55/NAK80/HPM1,~43HRC,Prehardened steels,12000,670.0,0.05,0.96,https://www.ns-tool.com/ja/products/webcatalog/data/MHR430/MHR430_S.xlsx,,日進工具 公式切削条件参考表(XLSX)。側面切削条件（ap/ae表記あり）。
NS TOOL,MHR430,無限コーティング 4枚刃ロングネックエンドミル（深リブ用） MHR430,SQUARE,MHR430 φ1.6x14,1.6,-,14.0,S50C,,Carbon steels,13000,900.0,0.05,0.96,https://www.ns-tool.com/ja/products/webcatalog/data/MHR430/MHR430_S.xlsx,,日進工具 公式切削条件参考表(XLSX)。側面切削条件（ap/ae表記あり）。
NS TOOL,MHR430,無限コーティング 4枚刃ロングネックエンドミル（深リブ用） MHR430,SQUARE,MHR430 φ1.6x14,1.6,-,14.0,SCM/SKD/SUS,,Alloy / stainless steels,10400,720.0,0.05,0.96,https://www.ns-tool.com/ja/products/webcatalog/data/MHR430/MHR430_S.xlsx,,日進工具 公式切削条件参考表(XLSX)。側面切削条件（ap/ae表記あり）。カタログ※1に基づき合金鋼・ステンレス鋼は回転数・送り80%換算。
NS TOOL,MHR430,無限コーティング 4枚刃ロングネックエンドミル（深リブ用） MHR430,SQUARE,MHR430 φ1.6x14,1.6,-,14.0,NAK55/NAK80/HPM1,~43HRC,Prehardened steels,11000,570.0,0.04,0.96,https://www.ns-tool.com/ja/products/webcatalog/data/MHR430/MHR430_S.xlsx,,日進工具 公式切削条件参考表(XLSX)。側面切削条件（ap/ae表記あり）。
NS TOOL,MHR430,無限コーティング 4枚刃ロングネックエンドミル（深リブ用） MHR430,SQUARE,MHR430 φ1.6x16,1.6,-,16.0,S50C,,Carbon steels,12000,750.0,0.04,0.96,https://www.ns-tool.com/ja/products/webcatalog/data/MHR430/MHR430_S.xlsx,,日進工具 公式切削条件参考表(XLSX)。側面切削条件（ap/ae表記あり）。
NS TOOL,MHR430,無限コーティング 4枚刃ロングネックエンドミル（深リブ用） MHR430,SQUARE,MHR430 φ1.6x16,1.6,-,16.0,SCM/SKD/SUS,,Alloy / stainless steels,9600,600.0,0.04,0.96,https://www.ns-tool.com/ja/products/webcatalog/data/MHR430/MHR430_S.xlsx,,日進工具 公式切削条件参考表(XLSX)。側面切削条件（ap/ae表記あり）。カタログ※1に基づき合金鋼・ステンレス鋼は回転数・送り80%換算。
NS TOOL,MHR430,無限コーティング 4枚刃ロングネックエンドミル（深リブ用） MHR430,SQUARE,MHR430 φ1.6x16,1.6,-,16.0,NAK55/NAK80/HPM1,~43HRC,Prehardened steels,10000,480.0,0.03,0.96,https://www.ns-tool.com/ja/products/webcatalog/data/MHR430/MHR430_S.xlsx,,日進工具 公式切削条件参考表(XLSX)。側面切削条件（ap/ae表記あり）。
NS TOOL,MHR430,無限コーティング 4枚刃ロングネックエンドミル（深リブ用） MHR430,SQUARE,MHR430 φ1.6x18,1.6,-,18.0,S50C,,Carbon steels,11000,680.0,0.03,0.96,https://www.ns-tool.com/ja/products/webcatalog/data/MHR430/MHR430_S.xlsx,,日進工具 公式切削条件参考表(XLSX)。側面切削条件（ap/ae表記あり）。
NS TOOL,MHR430,無限コーティング 4枚刃ロングネックエンドミル（深リブ用） MHR430,SQUARE,MHR430 φ1.6x18,1.6,-,18.0,SCM/SKD/SUS,,Alloy / stainless steels,8800,544.0,0.03,0.96,https://www.ns-tool.com/ja/products/webcatalog/data/MHR430/MHR430_S.xlsx,,日進工具 公式切削条件参考表(XLSX)。側面切削条件（ap/ae表記あり）。カタログ※1に基づき合金鋼・ステンレス鋼は回転数・送り80%換算。
NS TOOL,MHR430,無限コーティング 4枚刃ロングネックエンドミル（深リブ用） MHR430,SQUARE,MHR430 φ1.6x18,1.6,-,18.0,NAK55/NAK80/HPM1,~43HRC,Prehardened steels,9000,420.0,0.025,0.96,https://www.ns-tool.com/ja/products/webcatalog/data/MHR430/MHR430_S.xlsx,,日進工具 公式切削条件参考表(XLSX)。側面切削条件（ap/ae表記あり）。
NS TOOL,MHR430,無限コーティング 4枚刃ロングネックエンドミル（深リブ用） MHR430,SQUARE,MHR430 φ1.6x20,1.6,-,20.0,S50C,,Carbon steels,10000,600.0,0.025,0.96,https://www.ns-tool.com/ja/products/webcatalog/data/MHR430/MHR430_S.xlsx,,日進工具 公式切削条件参考表(XLSX)。側面切削条件（ap/ae表記あり）。
NS TOOL,MHR430,無限コーティング 4枚刃ロングネックエンドミル（深リブ用） MHR430,SQUARE,MHR430 φ1.6x20,1.6,-,20.0,SCM/SKD/SUS,,Alloy / stainless steels,8000,480.0,0.025,0.96,https://www.ns-tool.com/ja/products/webcatalog/data/MHR430/MHR430_S.xlsx,,日進工具 公式切削条件参考表(XLSX)。側面切削条件（ap/ae表記あり）。カタログ※1に基づき合金鋼・ステンレス鋼は回転数・送り80%換算。
NS TOOL,MHR430,無限コーティング 4枚刃ロングネックエンドミル（深リブ用） MHR430,SQUARE,MHR430 φ1.6x20,1.6,-,20.0,NAK55/NAK80/HPM1,~43HRC,Prehardened steels,8000,360.0,0.018,0.96,https://www.ns-tool.com/ja/products/webcatalog/data/MHR430/MHR430_S.xlsx,,日進工具 公式切削条件参考表(XLSX)。側面切削条件（ap/ae表記あり）。
NS TOOL,MHR430,無限コーティング 4枚刃ロングネックエンドミル（深リブ用） MHR430,SQUARE,MHR430 φ1.6x26,1.6,-,26.0,S50C,,Carbon steels,9000,530.0,0.02,0.96,https://www.ns-tool.com/ja/products/webcatalog/data/MHR430/MHR430_S.xlsx,,日進工具 公式切削条件参考表(XLSX)。側面切削条件（ap/ae表記あり）。
NS TOOL,MHR430,無限コーティング 4枚刃ロングネックエンドミル（深リブ用） MHR430,SQUARE,MHR430 φ1.6x26,1.6,-,26.0,SCM/SKD/SUS,,Alloy / stainless steels,7200,424.0,0.02,0.96,https://www.ns-tool.com/ja/products/webcatalog/data/MHR430/MHR430_S.xlsx,,日進工具 公式切削条件参考表(XLSX)。側面切削条件（ap/ae表記あり）。カタログ※1に基づき合金鋼・ステンレス鋼は回転数・送り80%換算。
NS TOOL,MHR430,無限コーティング 4枚刃ロングネックエンドミル（深リブ用） MHR430,SQUARE,MHR430 φ1.6x26,1.6,-,26.0,NAK55/NAK80/HPM1,~43HRC,Prehardened steels,7000,300.0,0.014,0.96,https://www.ns-tool.com/ja/products/webcatalog/data/MHR430/MHR430_S.xlsx,,日進工具 公式切削条件参考表(XLSX)。側面切削条件（ap/ae表記あり）。
NS TOOL,MHR430,無限コーティング 4枚刃ロングネックエンドミル（深リブ用） MHR430,SQUARE,MHR430 φ1.7x6,1.7,-,6.0,S50C,,Carbon steels,19000,1900.0,0.095,1.02,https://www.ns-tool.com/ja/products/webcatalog/data/MHR430/MHR430_S.xlsx,,日進工具 公式切削条件参考表(XLSX)。側面切削条件（ap/ae表記あり）。
NS TOOL,MHR430,無限コーティング 4枚刃ロングネックエンドミル（深リブ用） MHR430,SQUARE,MHR430 φ1.7x6,1.7,-,6.0,SCM/SKD/SUS,,Alloy / stainless steels,15200,1520.0,0.095,1.02,https://www.ns-tool.com/ja/products/webcatalog/data/MHR430/MHR430_S.xlsx,,日進工具 公式切削条件参考表(XLSX)。側面切削条件（ap/ae表記あり）。カタログ※1に基づき合金鋼・ステンレス鋼は回転数・送り80%換算。
NS TOOL,MHR430,無限コーティング 4枚刃ロングネックエンドミル（深リブ用） MHR430,SQUARE,MHR430 φ1.7x6,1.7,-,6.0,NAK55/NAK80/HPM1,~43HRC,Prehardened steels,15000,1150.0,0.085,1.02,https://www.ns-tool.com/ja/products/webcatalog/data/MHR430/MHR430_S.xlsx,,日進工具 公式切削条件参考表(XLSX)。側面切削条件（ap/ae表記あり）。
NS TOOL,MHR430,無限コーティング 4枚刃ロングネックエンドミル（深リブ用） MHR430,SQUARE,MHR430 φ1.7x14,1.7,-,14.0,S50C,,Carbon steels,13000,950.0,0.055,1.02,https://www.ns-tool.com/ja/products/webcatalog/data/MHR430/MHR430_S.xlsx,,日進工具 公式切削条件参考表(XLSX)。側面切削条件（ap/ae表記あり）。
NS TOOL,MHR430,無限コーティング 4枚刃ロングネックエンドミル（深リブ用） MHR430,SQUARE,MHR430 φ1.7x14,1.7,-,14.0,SCM/SKD/SUS,,Alloy / stainless steels,10400,760.0,0.055,1.02,https://www.ns-tool.com/ja/products/webcatalog/data/MHR430/MHR430_S.xlsx,,日進工具 公式切削条件参考表(XLSX)。側面切削条件（ap/ae表記あり）。カタログ※1に基づき合金鋼・ステンレス鋼は回転数・送り80%換算。
NS TOOL,MHR430,無限コーティング 4枚刃ロングネックエンドミル（深リブ用） MHR430,SQUARE,MHR430 φ1.7x14,1.7,-,14.0,NAK55/NAK80/HPM1,~43HRC,Prehardened steels,11000,630.0,0.045,1.02,https://www.ns-tool.com/ja/products/webcatalog/data/MHR430/MHR430_S.xlsx,,日進工具 公式切削条件参考表(XLSX)。側面切削条件（ap/ae表記あり）。
NS TOOL,MHR430,無限コーティング 4枚刃ロングネックエンドミル（深リブ用） MHR430,SQUARE,MHR430 φ1.7x24,1.7,-,24.0,S50C,,Carbon steels,9000,550.0,0.025,1.02,https://www.ns-tool.com/ja/products/webcatalog/data/MHR430/MHR430_S.xlsx,,日進工具 公式切削条件参考表(XLSX)。側面切削条件（ap/ae表記あり）。
NS TOOL,MHR430,無限コーティング 4枚刃ロングネックエンドミル（深リブ用） MHR430,SQUARE,MHR430 φ1.7x24,1.7,-,24.0,SCM/SKD/SUS,,Alloy / stainless steels,7200,440.0,0.025,1.02,https://www.ns-tool.com/ja/products/webcatalog/data/MHR430/MHR430_S.xlsx,,日進工具 公式切削条件参考表(XLSX)。側面切削条件（ap/ae表記あり）。カタログ※1に基づき合金鋼・ステンレス鋼は回転数・送り80%換算。
NS TOOL,MHR430,無限コーティング 4枚刃ロングネックエンドミル（深リブ用） MHR430,SQUARE,MHR430 φ1.7x24,1.7,-,24.0,NAK55/NAK80/HPM1,~43HRC,Prehardened steels,7000,330.0,0.018,1.02,https://www.ns-tool.com/ja/products/webcatalog/data/MHR430/MHR430_S.xlsx,,日進工具 公式切削条件参考表(XLSX)。側面切削条件（ap/ae表記あり）。
NS TOOL,MHR430,無限コーティング 4枚刃ロングネックエンドミル（深リブ用） MHR430,SQUARE,MHR430 φ1.8x6,1.8,-,6.0,S50C,,Carbon steels,18000,2000.0,0.1,1.08,https://www.ns-tool.com/ja/products/webcatalog/data/MHR430/MHR430_S.xlsx,,日進工具 公式切削条件参考表(XLSX)。側面切削条件（ap/ae表記あり）。
NS TOOL,MHR430,無限コーティング 4枚刃ロングネックエンドミル（深リブ用） MHR430,SQUARE,MHR430 φ1.8x6,1.8,-,6.0,SCM/SKD/SUS,,Alloy / stainless steels,14400,1600.0,0.1,1.08,https://www.ns-tool.com/ja/products/webcatalog/data/MHR430/MHR430_S.xlsx,,日進工具 公式切削条件参考表(XLSX)。側面切削条件（ap/ae表記あり）。カタログ※1に基づき合金鋼・ステンレス鋼は回転数・送り80%換算。
NS TOOL,MHR430,無限コーティング 4枚刃ロングネックエンドミル（深リブ用） MHR430,SQUARE,MHR430 φ1.8x6,1.8,-,6.0,NAK55/NAK80/HPM1,~43HRC,Prehardened steels,14000,1200.0,0.09,1.08,https://www.ns-tool.com/ja/products/webcatalog/data/MHR430/MHR430_S.xlsx,,日進工具 公式切削条件参考表(XLSX)。側面切削条件（ap/ae表記あり）。
NS TOOL,MHR430,無限コーティング 4枚刃ロングネックエンドミル（深リブ用） MHR430,SQUARE,MHR430 φ1.8x8,1.8,-,8.0,S50C,,Carbon steels,18000,1700.0,0.09,1.08,https://www.ns-tool.com/ja/products/webcatalog/data/MHR430/MHR430_S.xlsx,,日進工具 公式切削条件参考表(XLSX)。側面切削条件（ap/ae表記あり）。
NS TOOL,MHR430,無限コーティング 4枚刃ロングネックエンドミル（深リブ用） MHR430,SQUARE,MHR430 φ1.8x8,1.8,-,8.0,SCM/SKD/SUS,,Alloy / stainless steels,14400,1360.0,0.09,1.08,https://www.ns-tool.com/ja/products/webcatalog/data/MHR430/MHR430_S.xlsx,,日進工具 公式切削条件参考表(XLSX)。側面切削条件（ap/ae表記あり）。カタログ※1に基づき合金鋼・ステンレス鋼は回転数・送り80%換算。
NS TOOL,MHR430,無限コーティング 4枚刃ロングネックエンドミル（深リブ用） MHR430,SQUARE,MHR430 φ1.8x8,1.8,-,8.0,NAK55/NAK80/HPM1,~43HRC,Prehardened steels,14000,1000.0,0.08,1.08,https://www.ns-tool.com/ja/products/webcatalog/data/MHR430/MHR430_S.xlsx,,日進工具 公式切削条件参考表(XLSX)。側面切削条件（ap/ae表記あり）。
NS TOOL,MHR430,無限コーティング 4枚刃ロングネックエンドミル（深リブ用） MHR430,SQUARE,MHR430 φ1.8x10,1.8,-,10.0,S50C,,Carbon steels,16000,1400.0,0.08,1.08,https://www.ns-tool.com/ja/products/webcatalog/data/MHR430/MHR430_S.xlsx,,日進工具 公式切削条件参考表(XLSX)。側面切削条件（ap/ae表記あり）。
NS TOOL,MHR430,無限コーティング 4枚刃ロングネックエンドミル（深リブ用） MHR430,SQUARE,MHR430 φ1.8x10,1.8,-,10.0,SCM/SKD/SUS,,Alloy / stainless steels,12800,1120.0,0.08,1.08,https://www.ns-tool.com/ja/products/webcatalog/data/MHR430/MHR430_S.xlsx,,日進工具 公式切削条件参考表(XLSX)。側面切削条件（ap/ae表記あり）。カタログ※1に基づき合金鋼・ステンレス鋼は回転数・送り80%換算。
NS TOOL,MHR430,無限コーティング 4枚刃ロングネックエンドミル（深リブ用） MHR430,SQUARE,MHR430 φ1.8x10,1.8,-,10.0,NAK55/NAK80/HPM1,~43HRC,Prehardened steels,13000,850.0,0.07,1.08,https://www.ns-tool.com/ja/products/webcatalog/data/MHR430/MHR430_S.xlsx,,日進工具 公式切削条件参考表(XLSX)。側面切削条件（ap/ae表記あり）。
NS TOOL,MHR430,無限コーティング 4枚刃ロングネックエンドミル（深リブ用） MHR430,SQUARE,MHR430 φ1.8x12,1.8,-,12.0,S50C,,Carbon steels,14000,1100.0,0.07,1.08,https://www.ns-tool.com/ja/products/webcatalog/data/MHR430/MHR430_S.xlsx,,日進工具 公式切削条件参考表(XLSX)。側面切削条件（ap/ae表記あり）。
NS TOOL,MHR430,無限コーティング 4枚刃ロングネックエンドミル（深リブ用） MHR430,SQUARE,MHR430 φ1.8x12,1.8,-,12.0,SCM/SKD/SUS,,Alloy / stainless steels,11200,880.0,0.07,1.08,https://www.ns-tool.com/ja/products/webcatalog/data/MHR430/MHR430_S.xlsx,,日進工具 公式切削条件参考表(XLSX)。側面切削条件（ap/ae表記あり）。カタログ※1に基づき合金鋼・ステンレス鋼は回転数・送り80%換算。
NS TOOL,MHR430,無限コーティング 4枚刃ロングネックエンドミル（深リブ用） MHR430,SQUARE,MHR430 φ1.8x12,1.8,-,12.0,NAK55/NAK80/HPM1,~43HRC,Prehardened steels,12000,720.0,0.06,1.08,https://www.ns-tool.com/ja/products/webcatalog/data/MHR430/MHR430_S.xlsx,,日進工具 公式切削条件参考表(XLSX)。側面切削条件（ap/ae表記あり）。
NS TOOL,MHR430,無限コーティング 4枚刃ロングネックエンドミル（深リブ用） MHR430,SQUARE,MHR430 φ1.8x14,1.8,-,14.0,S50C,,Carbon steels,13000,1000.0,0.06,1.08,https://www.ns-tool.com/ja/products/webcatalog/data/MHR430/MHR430_S.xlsx,,日進工具 公式切削条件参考表(XLSX)。側面切削条件（ap/ae表記あり）。
NS TOOL,MHR430,無限コーティング 4枚刃ロングネックエンドミル（深リブ用） MHR430,SQUARE,MHR430 φ1.8x14,1.8,-,14.0,SCM/SKD/SUS,,Alloy / stainless steels,10400,800.0,0.06,1.08,https://www.ns-tool.com/ja/products/webcatalog/data/MHR430/MHR430_S.xlsx,,日進工具 公式切削条件参考表(XLSX)。側面切削条件（ap/ae表記あり）。カタログ※1に基づき合金鋼・ステンレス鋼は回転数・送り80%換算。
NS TOOL,MHR430,無限コーティング 4枚刃ロングネックエンドミル（深リブ用） MHR430,SQUARE,MHR430 φ1.8x14,1.8,-,14.0,NAK55/NAK80/HPM1,~43HRC,Prehardened steels,11000,630.0,0.05,1.08,https://www.ns-tool.com/ja/products/webcatalog/data/MHR430/MHR430_S.xlsx,,日進工具 公式切削条件参考表(XLSX)。側面切削条件（ap/ae表記あり）。
NS TOOL,MHR430,無限コーティング 4枚刃ロングネックエンドミル（深リブ用） MHR430,SQUARE,MHR430 φ1.8x16,1.8,-,16.0,S50C,,Carbon steels,12000,850.0,0.05,1.08,https://www.ns-tool.com/ja/products/webcatalog/data/MHR430/MHR430_S.xlsx,,日進工具 公式切削条件参考表(XLSX)。側面切削条件（ap/ae表記あり）。
NS TOOL,MHR430,無限コーティング 4枚刃ロングネックエンドミル（深リブ用） MHR430,SQUARE,MHR430 φ1.8x16,1.8,-,16.0,SCM/SKD/SUS,,Alloy / stainless steels,9600,680.0,0.05,1.08,https://www.ns-tool.com/ja/products/webcatalog/data/MHR430/MHR430_S.xlsx,,日進工具 公式切削条件参考表(XLSX)。側面切削条件（ap/ae表記あり）。カタログ※1に基づき合金鋼・ステンレス鋼は回転数・送り80%換算。
NS TOOL,MHR430,無限コーティング 4枚刃ロングネックエンドミル（深リブ用） MHR430,SQUARE,MHR430 φ1.8x16,1.8,-,16.0,NAK55/NAK80/HPM1,~43HRC,Prehardened steels,10000,530.0,0.04,1.08,https://www.ns-tool.com/ja/products/webcatalog/data/MHR430/MHR430_S.xlsx,,日進工具 公式切削条件参考表(XLSX)。側面切削条件（ap/ae表記あり）。
NS TOOL,MHR430,無限コーティング 4枚刃ロングネックエンドミル（深リブ用） MHR430,SQUARE,MHR430 φ1.8x18,1.8,-,18.0,S50C,,Carbon steels,11000,750.0,0.04,1.08,https://www.ns-tool.com/ja/products/webcatalog/data/MHR430/MHR430_S.xlsx,,日進工具 公式切削条件参考表(XLSX)。側面切削条件（ap/ae表記あり）。
NS TOOL,MHR430,無限コーティング 4枚刃ロングネックエンドミル（深リブ用） MHR430,SQUARE,MHR430 φ1.8x18,1.8,-,18.0,SCM/SKD/SUS,,Alloy / stainless steels,8800,600.0,0.04,1.08,https://www.ns-tool.com/ja/products/webcatalog/data/MHR430/MHR430_S.xlsx,,日進工具 公式切削条件参考表(XLSX)。側面切削条件（ap/ae表記あり）。カタログ※1に基づき合金鋼・ステンレス鋼は回転数・送り80%換算。
NS TOOL,MHR430,無限コーティング 4枚刃ロングネックエンドミル（深リブ用） MHR430,SQUARE,MHR430 φ1.8x18,1.8,-,18.0,NAK55/NAK80/HPM1,~43HRC,Prehardened steels,9000,470.0,0.03,1.08,https://www.ns-tool.com/ja/products/webcatalog/data/MHR430/MHR430_S.xlsx,,日進工具 公式切削条件参考表(XLSX)。側面切削条件（ap/ae表記あり）。
NS TOOL,MHR430,無限コーティング 4枚刃ロングネックエンドミル（深リブ用） MHR430,SQUARE,MHR430 φ1.8x20,1.8,-,20.0,S50C,,Carbon steels,10000,680.0,0.035,1.08,https://www.ns-tool.com/ja/products/webcatalog/data/MHR430/MHR430_S.xlsx,,日進工具 公式切削条件参考表(XLSX)。側面切削条件（ap/ae表記あり）。
NS TOOL,MHR430,無限コーティング 4枚刃ロングネックエンドミル（深リブ用） MHR430,SQUARE,MHR430 φ1.8x20,1.8,-,20.0,SCM/SKD/SUS,,Alloy / stainless steels,8000,544.0,0.035,1.08,https://www.ns-tool.com/ja/products/webcatalog/data/MHR430/MHR430_S.xlsx,,日進工具 公式切削条件参考表(XLSX)。側面切削条件（ap/ae表記あり）。カタログ※1に基づき合金鋼・ステンレス鋼は回転数・送り80%換算。
NS TOOL,MHR430,無限コーティング 4枚刃ロングネックエンドミル（深リブ用） MHR430,SQUARE,MHR430 φ1.8x20,1.8,-,20.0,NAK55/NAK80/HPM1,~43HRC,Prehardened steels,8000,400.0,0.025,1.08,https://www.ns-tool.com/ja/products/webcatalog/data/MHR430/MHR430_S.xlsx,,日進工具 公式切削条件参考表(XLSX)。側面切削条件（ap/ae表記あり）。
NS TOOL,MHR430,無限コーティング 4枚刃ロングネックエンドミル（深リブ用） MHR430,SQUARE,MHR430 φ1.8x25,1.8,-,25.0,S50C,,Carbon steels,9000,600.0,0.025,1.08,https://www.ns-tool.com/ja/products/webcatalog/data/MHR430/MHR430_S.xlsx,,日進工具 公式切削条件参考表(XLSX)。側面切削条件（ap/ae表記あり）。
NS TOOL,MHR430,無限コーティング 4枚刃ロングネックエンドミル（深リブ用） MHR430,SQUARE,MHR430 φ1.8x25,1.8,-,25.0,SCM/SKD/SUS,,Alloy / stainless steels,7200,480.0,0.025,1.08,https://www.ns-tool.com/ja/products/webcatalog/data/MHR430/MHR430_S.xlsx,,日進工具 公式切削条件参考表(XLSX)。側面切削条件（ap/ae表記あり）。カタログ※1に基づき合金鋼・ステンレス鋼は回転数・送り80%換算。
NS TOOL,MHR430,無限コーティング 4枚刃ロングネックエンドミル（深リブ用） MHR430,SQUARE,MHR430 φ1.8x25,1.8,-,25.0,NAK55/NAK80/HPM1,~43HRC,Prehardened steels,7000,340.0,0.018,1.08,https://www.ns-tool.com/ja/products/webcatalog/data/MHR430/MHR430_S.xlsx,,日進工具 公式切削条件参考表(XLSX)。側面切削条件（ap/ae表記あり）。
NS TOOL,MHR430,無限コーティング 4枚刃ロングネックエンドミル（深リブ用） MHR430,SQUARE,MHR430 φ1.9x6,1.9,-,6.0,S50C,,Carbon steels,17000,2100.0,0.11,1.14,https://www.ns-tool.com/ja/products/webcatalog/data/MHR430/MHR430_S.xlsx,,日進工具 公式切削条件参考表(XLSX)。側面切削条件（ap/ae表記あり）。
NS TOOL,MHR430,無限コーティング 4枚刃ロングネックエンドミル（深リブ用） MHR430,SQUARE,MHR430 φ1.9x6,1.9,-,6.0,SCM/SKD/SUS,,Alloy / stainless steels,13600,1680.0,0.11,1.14,https://www.ns-tool.com/ja/products/webcatalog/data/MHR430/MHR430_S.xlsx,,日進工具 公式切削条件参考表(XLSX)。側面切削条件（ap/ae表記あり）。カタログ※1に基づき合金鋼・ステンレス鋼は回転数・送り80%換算。
NS TOOL,MHR430,無限コーティング 4枚刃ロングネックエンドミル（深リブ用） MHR430,SQUARE,MHR430 φ1.9x6,1.9,-,6.0,NAK55/NAK80/HPM1,~43HRC,Prehardened steels,14000,1250.0,0.095,1.14,https://www.ns-tool.com/ja/products/webcatalog/data/MHR430/MHR430_S.xlsx,,日進工具 公式切削条件参考表(XLSX)。側面切削条件（ap/ae表記あり）。
NS TOOL,MHR430,無限コーティング 4枚刃ロングネックエンドミル（深リブ用） MHR430,SQUARE,MHR430 φ1.9x16,1.9,-,16.0,S50C,,Carbon steels,12000,1000.0,0.06,1.14,https://www.ns-tool.com/ja/products/webcatalog/data/MHR430/MHR430_S.xlsx,,日進工具 公式切削条件参考表(XLSX)。側面切削条件（ap/ae表記あり）。
NS TOOL,MHR430,無限コーティング 4枚刃ロングネックエンドミル（深リブ用） MHR430,SQUARE,MHR430 φ1.9x16,1.9,-,16.0,SCM/SKD/SUS,,Alloy / stainless steels,9600,800.0,0.06,1.14,https://www.ns-tool.com/ja/products/webcatalog/data/MHR430/MHR430_S.xlsx,,日進工具 公式切削条件参考表(XLSX)。側面切削条件（ap/ae表記あり）。カタログ※1に基づき合金鋼・ステンレス鋼は回転数・送り80%換算。
NS TOOL,MHR430,無限コーティング 4枚刃ロングネックエンドミル（深リブ用） MHR430,SQUARE,MHR430 φ1.9x16,1.9,-,16.0,NAK55/NAK80/HPM1,~43HRC,Prehardened steels,10000,630.0,0.045,1.14,https://www.ns-tool.com/ja/products/webcatalog/data/MHR430/MHR430_S.xlsx,,日進工具 公式切削条件参考表(XLSX)。側面切削条件（ap/ae表記あり）。
NS TOOL,MHR430,無限コーティング 4枚刃ロングネックエンドミル（深リブ用） MHR430,SQUARE,MHR430 φ1.9x28,1.9,-,28.0,S50C,,Carbon steels,8000,550.0,0.02,1.14,https://www.ns-tool.com/ja/products/webcatalog/data/MHR430/MHR430_S.xlsx,,日進工具 公式切削条件参考表(XLSX)。側面切削条件（ap/ae表記あり）。
NS TOOL,MHR430,無限コーティング 4枚刃ロングネックエンドミル（深リブ用） MHR430,SQUARE,MHR430 φ1.9x28,1.9,-,28.0,SCM/SKD/SUS,,Alloy / stainless steels,6400,440.0,0.02,1.14,https://www.ns-tool.com/ja/products/webcatalog/data/MHR430/MHR430_S.xlsx,,日進工具 公式切削条件参考表(XLSX)。側面切削条件（ap/ae表記あり）。カタログ※1に基づき合金鋼・ステンレス鋼は回転数・送り80%換算。
NS TOOL,MHR430,無限コーティング 4枚刃ロングネックエンドミル（深リブ用） MHR430,SQUARE,MHR430 φ1.9x28,1.9,-,28.0,NAK55/NAK80/HPM1,~43HRC,Prehardened steels,6000,300.0,0.014,1.14,https://www.ns-tool.com/ja/products/webcatalog/data/MHR430/MHR430_S.xlsx,,日進工具 公式切削条件参考表(XLSX)。側面切削条件（ap/ae表記あり）。
NS TOOL,MHR430,無限コーティング 4枚刃ロングネックエンドミル（深リブ用） MHR430,SQUARE,MHR430 φ2x6,2.0,-,6.0,S50C,,Carbon steels,16000,2100.0,0.12,1.2,https://www.ns-tool.com/ja/products/webcatalog/data/MHR430/MHR430_S.xlsx,,日進工具 公式切削条件参考表(XLSX)。側面切削条件（ap/ae表記あり）。
NS TOOL,MHR430,無限コーティング 4枚刃ロングネックエンドミル（深リブ用） MHR430,SQUARE,MHR430 φ2x6,2.0,-,6.0,SCM/SKD/SUS,,Alloy / stainless steels,12800,1680.0,0.12,1.2,https://www.ns-tool.com/ja/products/webcatalog/data/MHR430/MHR430_S.xlsx,,日進工具 公式切削条件参考表(XLSX)。側面切削条件（ap/ae表記あり）。カタログ※1に基づき合金鋼・ステンレス鋼は回転数・送り80%換算。
NS TOOL,MHR430,無限コーティング 4枚刃ロングネックエンドミル（深リブ用） MHR430,SQUARE,MHR430 φ2x6,2.0,-,6.0,NAK55/NAK80/HPM1,~43HRC,Prehardened steels,13000,1300.0,0.1,1.2,https://www.ns-tool.com/ja/products/webcatalog/data/MHR430/MHR430_S.xlsx,,日進工具 公式切削条件参考表(XLSX)。側面切削条件（ap/ae表記あり）。
NS TOOL,MHR430,無限コーティング 4枚刃ロングネックエンドミル（深リブ用） MHR430,SQUARE,MHR430 φ2x8,2.0,-,8.0,S50C,,Carbon steels,16000,2000.0,0.11,1.2,https://www.ns-tool.com/ja/products/webcatalog/data/MHR430/MHR430_S.xlsx,,日進工具 公式切削条件参考表(XLSX)。側面切削条件（ap/ae表記あり）。
NS TOOL,MHR430,無限コーティング 4枚刃ロングネックエンドミル（深リブ用） MHR430,SQUARE,MHR430 φ2x8,2.0,-,8.0,SCM/SKD/SUS,,Alloy / stainless steels,12800,1600.0,0.11,1.2,https://www.ns-tool.com/ja/products/webcatalog/data/MHR430/MHR430_S.xlsx,,日進工具 公式切削条件参考表(XLSX)。側面切削条件（ap/ae表記あり）。カタログ※1に基づき合金鋼・ステンレス鋼は回転数・送り80%換算。
NS TOOL,MHR430,無限コーティング 4枚刃ロングネックエンドミル（深リブ用） MHR430,SQUARE,MHR430 φ2x8,2.0,-,8.0,NAK55/NAK80/HPM1,~43HRC,Prehardened steels,13000,1200.0,0.09,1.2,https://www.ns-tool.com/ja/products/webcatalog/data/MHR430/MHR430_S.xlsx,,日進工具 公式切削条件参考表(XLSX)。側面切削条件（ap/ae表記あり）。
NS TOOL,MHR430,無限コーティング 4枚刃ロングネックエンドミル（深リブ用） MHR430,SQUARE,MHR430 φ2x10,2.0,-,10.0,S50C,,Carbon steels,16000,1800.0,0.1,1.2,https://www.ns-tool.com/ja/products/webcatalog/data/MHR430/MHR430_S.xlsx,,日進工具 公式切削条件参考表(XLSX)。側面切削条件（ap/ae表記あり）。
NS TOOL,MHR430,無限コーティング 4枚刃ロングネックエンドミル（深リブ用） MHR430,SQUARE,MHR430 φ2x10,2.0,-,10.0,SCM/SKD/SUS,,Alloy / stainless steels,12800,1440.0,0.1,1.2,https://www.ns-tool.com/ja/products/webcatalog/data/MHR430/MHR430_S.xlsx,,日進工具 公式切削条件参考表(XLSX)。側面切削条件（ap/ae表記あり）。カタログ※1に基づき合金鋼・ステンレス鋼は回転数・送り80%換算。
NS TOOL,MHR430,無限コーティング 4枚刃ロングネックエンドミル（深リブ用） MHR430,SQUARE,MHR430 φ2x10,2.0,-,10.0,NAK55/NAK80/HPM1,~43HRC,Prehardened steels,13000,1100.0,0.08,1.2,https://www.ns-tool.com/ja/products/webcatalog/data/MHR430/MHR430_S.xlsx,,日進工具 公式切削条件参考表(XLSX)。側面切削条件（ap/ae表記あり）。
NS TOOL,MHR430,無限コーティング 4枚刃ロングネックエンドミル（深リブ用） MHR430,SQUARE,MHR430 φ2x12,2.0,-,12.0,S50C,,Carbon steels,14000,1500.0,0.09,1.2,https://www.ns-tool.com/ja/products/webcatalog/data/MHR430/MHR430_S.xlsx,,日進工具 公式切削条件参考表(XLSX)。側面切削条件（ap/ae表記あり）。
NS TOOL,MHR430,無限コーティング 4枚刃ロングネックエンドミル（深リブ用） MHR430,SQUARE,MHR430 φ2x12,2.0,-,12.0,SCM/SKD/SUS,,Alloy / stainless steels,11200,1200.0,0.09,1.2,https://www.ns-tool.com/ja/products/webcatalog/data/MHR430/MHR430_S.xlsx,,日進工具 公式切削条件参考表(XLSX)。側面切削条件（ap/ae表記あり）。カタログ※1に基づき合金鋼・ステンレス鋼は回転数・送り80%換算。
NS TOOL,MHR430,無限コーティング 4枚刃ロングネックエンドミル（深リブ用） MHR430,SQUARE,MHR430 φ2x12,2.0,-,12.0,NAK55/NAK80/HPM1,~43HRC,Prehardened steels,12000,1000.0,0.07,1.2,https://www.ns-tool.com/ja/products/webcatalog/data/MHR430/MHR430_S.xlsx,,日進工具 公式切削条件参考表(XLSX)。側面切削条件（ap/ae表記あり）。
NS TOOL,MHR430,無限コーティング 4枚刃ロングネックエンドミル（深リブ用） MHR430,SQUARE,MHR430 φ2x14,2.0,-,14.0,S50C,,Carbon steels,13000,1350.0,0.08,1.2,https://www.ns-tool.com/ja/products/webcatalog/data/MHR430/MHR430_S.xlsx,,日進工具 公式切削条件参考表(XLSX)。側面切削条件（ap/ae表記あり）。
NS TOOL,MHR430,無限コーティング 4枚刃ロングネックエンドミル（深リブ用） MHR430,SQUARE,MHR430 φ2x14,2.0,-,14.0,SCM/SKD/SUS,,Alloy / stainless steels,10400,1080.0,0.08,1.2,https://www.ns-tool.com/ja/products/webcatalog/data/MHR430/MHR430_S.xlsx,,日進工具 公式切削条件参考表(XLSX)。側面切削条件（ap/ae表記あり）。カタログ※1に基づき合金鋼・ステンレス鋼は回転数・送り80%換算。
NS TOOL,MHR430,無限コーティング 4枚刃ロングネックエンドミル（深リブ用） MHR430,SQUARE,MHR430 φ2x14,2.0,-,14.0,NAK55/NAK80/HPM1,~43HRC,Prehardened steels,11000,850.0,0.06,1.2,https://www.ns-tool.com/ja/products/webcatalog/data/MHR430/MHR430_S.xlsx,,日進工具 公式切削条件参考表(XLSX)。側面切削条件（ap/ae表記あり）。
NS TOOL,MHR430,無限コーティング 4枚刃ロングネックエンドミル（深リブ用） MHR430,SQUARE,MHR430 φ2x16,2.0,-,16.0,S50C,,Carbon steels,12000,1200.0,0.07,1.2,https://www.ns-tool.com/ja/products/webcatalog/data/MHR430/MHR430_S.xlsx,,日進工具 公式切削条件参考表(XLSX)。側面切削条件（ap/ae表記あり）。
NS TOOL,MHR430,無限コーティング 4枚刃ロングネックエンドミル（深リブ用） MHR430,SQUARE,MHR430 φ2x16,2.0,-,16.0,SCM/SKD/SUS,,Alloy / stainless steels,9600,960.0,0.07,1.2,https://www.ns-tool.com/ja/products/webcatalog/data/MHR430/MHR430_S.xlsx,,日進工具 公式切削条件参考表(XLSX)。側面切削条件（ap/ae表記あり）。カタログ※1に基づき合金鋼・ステンレス鋼は回転数・送り80%換算。
NS TOOL,MHR430,無限コーティング 4枚刃ロングネックエンドミル（深リブ用） MHR430,SQUARE,MHR430 φ2x16,2.0,-,16.0,NAK55/NAK80/HPM1,~43HRC,Prehardened steels,10000,750.0,0.05,1.2,https://www.ns-tool.com/ja/products/webcatalog/data/MHR430/MHR430_S.xlsx,,日進工具 公式切削条件参考表(XLSX)。側面切削条件（ap/ae表記あり）。
NS TOOL,MHR430,無限コーティング 4枚刃ロングネックエンドミル（深リブ用） MHR430,SQUARE,MHR430 φ2x18,2.0,-,18.0,S50C,,Carbon steels,11000,1000.0,0.06,1.2,https://www.ns-tool.com/ja/products/webcatalog/data/MHR430/MHR430_S.xlsx,,日進工具 公式切削条件参考表(XLSX)。側面切削条件（ap/ae表記あり）。
NS TOOL,MHR430,無限コーティング 4枚刃ロングネックエンドミル（深リブ用） MHR430,SQUARE,MHR430 φ2x18,2.0,-,18.0,SCM/SKD/SUS,,Alloy / stainless steels,8800,800.0,0.06,1.2,https://www.ns-tool.com/ja/products/webcatalog/data/MHR430/MHR430_S.xlsx,,日進工具 公式切削条件参考表(XLSX)。側面切削条件（ap/ae表記あり）。カタログ※1に基づき合金鋼・ステンレス鋼は回転数・送り80%換算。
NS TOOL,MHR430,無限コーティング 4枚刃ロングネックエンドミル（深リブ用） MHR430,SQUARE,MHR430 φ2x18,2.0,-,18.0,NAK55/NAK80/HPM1,~43HRC,Prehardened steels,9000,650.0,0.04,1.2,https://www.ns-tool.com/ja/products/webcatalog/data/MHR430/MHR430_S.xlsx,,日進工具 公式切削条件参考表(XLSX)。側面切削条件（ap/ae表記あり）。
NS TOOL,MHR430,無限コーティング 4枚刃ロングネックエンドミル（深リブ用） MHR430,SQUARE,MHR430 φ2x20,2.0,-,20.0,S50C,,Carbon steels,10000,900.0,0.05,1.2,https://www.ns-tool.com/ja/products/webcatalog/data/MHR430/MHR430_S.xlsx,,日進工具 公式切削条件参考表(XLSX)。側面切削条件（ap/ae表記あり）。
NS TOOL,MHR430,無限コーティング 4枚刃ロングネックエンドミル（深リブ用） MHR430,SQUARE,MHR430 φ2x20,2.0,-,20.0,SCM/SKD/SUS,,Alloy / stainless steels,8000,720.0,0.05,1.2,https://www.ns-tool.com/ja/products/webcatalog/data/MHR430/MHR430_S.xlsx,,日進工具 公式切削条件参考表(XLSX)。側面切削条件（ap/ae表記あり）。カタログ※1に基づき合金鋼・ステンレス鋼は回転数・送り80%換算。
NS TOOL,MHR430,無限コーティング 4枚刃ロングネックエンドミル（深リブ用） MHR430,SQUARE,MHR430 φ2x20,2.0,-,20.0,NAK55/NAK80/HPM1,~43HRC,Prehardened steels,8000,550.0,0.035,1.2,https://www.ns-tool.com/ja/products/webcatalog/data/MHR430/MHR430_S.xlsx,,日進工具 公式切削条件参考表(XLSX)。側面切削条件（ap/ae表記あり）。
NS TOOL,MHR430,無限コーティング 4枚刃ロングネックエンドミル（深リブ用） MHR430,SQUARE,MHR430 φ2x25,2.0,-,25.0,S50C,,Carbon steels,9000,750.0,0.03,1.2,https://www.ns-tool.com/ja/products/webcatalog/data/MHR430/MHR430_S.xlsx,,日進工具 公式切削条件参考表(XLSX)。側面切削条件（ap/ae表記あり）。
NS TOOL,MHR430,無限コーティング 4枚刃ロングネックエンドミル（深リブ用） MHR430,SQUARE,MHR430 φ2x25,2.0,-,25.0,SCM/SKD/SUS,,Alloy / stainless steels,7200,600.0,0.03,1.2,https://www.ns-tool.com/ja/products/webcatalog/data/MHR430/MHR430_S.xlsx,,日進工具 公式切削条件参考表(XLSX)。側面切削条件（ap/ae表記あり）。カタログ※1に基づき合金鋼・ステンレス鋼は回転数・送り80%換算。
NS TOOL,MHR430,無限コーティング 4枚刃ロングネックエンドミル（深リブ用） MHR430,SQUARE,MHR430 φ2x25,2.0,-,25.0,NAK55/NAK80/HPM1,~43HRC,Prehardened steels,7000,450.0,0.02,1.2,https://www.ns-tool.com/ja/products/webcatalog/data/MHR430/MHR430_S.xlsx,,日進工具 公式切削条件参考表(XLSX)。側面切削条件（ap/ae表記あり）。
NS TOOL,MHR430,無限コーティング 4枚刃ロングネックエンドミル（深リブ用） MHR430,SQUARE,MHR430 φ2x30,2.0,-,30.0,S50C,,Carbon steels,8000,600.0,0.02,1.2,https://www.ns-tool.com/ja/products/webcatalog/data/MHR430/MHR430_S.xlsx,,日進工具 公式切削条件参考表(XLSX)。側面切削条件（ap/ae表記あり）。
NS TOOL,MHR430,無限コーティング 4枚刃ロングネックエンドミル（深リブ用） MHR430,SQUARE,MHR430 φ2x30,2.0,-,30.0,SCM/SKD/SUS,,Alloy / stainless steels,6400,480.0,0.02,1.2,https://www.ns-tool.com/ja/products/webcatalog/data/MHR430/MHR430_S.xlsx,,日進工具 公式切削条件参考表(XLSX)。側面切削条件（ap/ae表記あり）。カタログ※1に基づき合金鋼・ステンレス鋼は回転数・送り80%換算。
NS TOOL,MHR430,無限コーティング 4枚刃ロングネックエンドミル（深リブ用） MHR430,SQUARE,MHR430 φ2x30,2.0,-,30.0,NAK55/NAK80/HPM1,~43HRC,Prehardened steels,6000,330.0,0.014,1.2,https://www.ns-tool.com/ja/products/webcatalog/data/MHR430/MHR430_S.xlsx,,日進工具 公式切削条件参考表(XLSX)。側面切削条件（ap/ae表記あり）。
NS TOOL,MHR430,無限コーティング 4枚刃ロングネックエンドミル（深リブ用） MHR430,SQUARE,MHR430 φ2.5x8,2.5,-,8.0,S50C,,Carbon steels,13000,2100.0,0.15,1.5,https://www.ns-tool.com/ja/products/webcatalog/data/MHR430/MHR430_S.xlsx,,日進工具 公式切削条件参考表(XLSX)。側面切削条件（ap/ae表記あり）。
NS TOOL,MHR430,無限コーティング 4枚刃ロングネックエンドミル（深リブ用） MHR430,SQUARE,MHR430 φ2.5x8,2.5,-,8.0,SCM/SKD/SUS,,Alloy / stainless steels,10400,1680.0,0.15,1.5,https://www.ns-tool.com/ja/products/webcatalog/data/MHR430/MHR430_S.xlsx,,日進工具 公式切削条件参考表(XLSX)。側面切削条件（ap/ae表記あり）。カタログ※1に基づき合金鋼・ステンレス鋼は回転数・送り80%換算。
NS TOOL,MHR430,無限コーティング 4枚刃ロングネックエンドミル（深リブ用） MHR430,SQUARE,MHR430 φ2.5x8,2.5,-,8.0,NAK55/NAK80/HPM1,~43HRC,Prehardened steels,11000,1400.0,0.12,1.5,https://www.ns-tool.com/ja/products/webcatalog/data/MHR430/MHR430_S.xlsx,,日進工具 公式切削条件参考表(XLSX)。側面切削条件（ap/ae表記あり）。
NS TOOL,MHR430,無限コーティング 4枚刃ロングネックエンドミル（深リブ用） MHR430,SQUARE,MHR430 φ2.5x12,2.5,-,12.0,S50C,,Carbon steels,13000,1800.0,0.13,1.5,https://www.ns-tool.com/ja/products/webcatalog/data/MHR430/MHR430_S.xlsx,,日進工具 公式切削条件参考表(XLSX)。側面切削条件（ap/ae表記あり）。
NS TOOL,MHR430,無限コーティング 4枚刃ロングネックエンドミル（深リブ用） MHR430,SQUARE,MHR430 φ2.5x12,2.5,-,12.0,SCM/SKD/SUS,,Alloy / stainless steels,10400,1440.0,0.13,1.5,https://www.ns-tool.com/ja/products/webcatalog/data/MHR430/MHR430_S.xlsx,,日進工具 公式切削条件参考表(XLSX)。側面切削条件（ap/ae表記あり）。カタログ※1に基づき合金鋼・ステンレス鋼は回転数・送り80%換算。
NS TOOL,MHR430,無限コーティング 4枚刃ロングネックエンドミル（深リブ用） MHR430,SQUARE,MHR430 φ2.5x12,2.5,-,12.0,NAK55/NAK80/HPM1,~43HRC,Prehardened steels,11000,1100.0,0.1,1.5,https://www.ns-tool.com/ja/products/webcatalog/data/MHR430/MHR430_S.xlsx,,日進工具 公式切削条件参考表(XLSX)。側面切削条件（ap/ae表記あり）。
NS TOOL,MHR430,無限コーティング 4枚刃ロングネックエンドミル（深リブ用） MHR430,SQUARE,MHR430 φ2.5x16,2.5,-,16.0,S50C,,Carbon steels,11000,1400.0,0.1,1.5,https://www.ns-tool.com/ja/products/webcatalog/data/MHR430/MHR430_S.xlsx,,日進工具 公式切削条件参考表(XLSX)。側面切削条件（ap/ae表記あり）。
NS TOOL,MHR430,無限コーティング 4枚刃ロングネックエンドミル（深リブ用） MHR430,SQUARE,MHR430 φ2.5x16,2.5,-,16.0,SCM/SKD/SUS,,Alloy / stainless steels,8800,1120.0,0.1,1.5,https://www.ns-tool.com/ja/products/webcatalog/data/MHR430/MHR430_S.xlsx,,日進工具 公式切削条件参考表(XLSX)。側面切削条件（ap/ae表記あり）。カタログ※1に基づき合金鋼・ステンレス鋼は回転数・送り80%換算。
NS TOOL,MHR430,無限コーティング 4枚刃ロングネックエンドミル（深リブ用） MHR430,SQUARE,MHR430 φ2.5x16,2.5,-,16.0,NAK55/NAK80/HPM1,~43HRC,Prehardened steels,9000,850.0,0.07,1.5,https://www.ns-tool.com/ja/products/webcatalog/data/MHR430/MHR430_S.xlsx,,日進工具 公式切削条件参考表(XLSX)。側面切削条件（ap/ae表記あり）。
NS TOOL,MHR430,無限コーティング 4枚刃ロングネックエンドミル（深リブ用） MHR430,SQUARE,MHR430 φ2.5x20,2.5,-,20.0,S50C,,Carbon steels,9000,1100.0,0.08,1.5,https://www.ns-tool.com/ja/products/webcatalog/data/MHR430/MHR430_S.xlsx,,日進工具 公式切削条件参考表(XLSX)。側面切削条件（ap/ae表記あり）。
NS TOOL,MHR430,無限コーティング 4枚刃ロングネックエンドミル（深リブ用） MHR430,SQUARE,MHR430 φ2.5x20,2.5,-,20.0,SCM/SKD/SUS,,Alloy / stainless steels,7200,880.0,0.08,1.5,https://www.ns-tool.com/ja/products/webcatalog/data/MHR430/MHR430_S.xlsx,,日進工具 公式切削条件参考表(XLSX)。側面切削条件（ap/ae表記あり）。カタログ※1に基づき合金鋼・ステンレス鋼は回転数・送り80%換算。
NS TOOL,MHR430,無限コーティング 4枚刃ロングネックエンドミル（深リブ用） MHR430,SQUARE,MHR430 φ2.5x20,2.5,-,20.0,NAK55/NAK80/HPM1,~43HRC,Prehardened steels,7000,600.0,0.05,1.5,https://www.ns-tool.com/ja/products/webcatalog/data/MHR430/MHR430_S.xlsx,,日進工具 公式切削条件参考表(XLSX)。側面切削条件（ap/ae表記あり）。
NS TOOL,MHR430,無限コーティング 4枚刃ロングネックエンドミル（深リブ用） MHR430,SQUARE,MHR430 φ2.5x25,2.5,-,25.0,S50C,,Carbon steels,8000,900.0,0.05,1.5,https://www.ns-tool.com/ja/products/webcatalog/data/MHR430/MHR430_S.xlsx,,日進工具 公式切削条件参考表(XLSX)。側面切削条件（ap/ae表記あり）。
NS TOOL,MHR430,無限コーティング 4枚刃ロングネックエンドミル（深リブ用） MHR430,SQUARE,MHR430 φ2.5x25,2.5,-,25.0,SCM/SKD/SUS,,Alloy / stainless steels,6400,720.0,0.05,1.5,https://www.ns-tool.com/ja/products/webcatalog/data/MHR430/MHR430_S.xlsx,,日進工具 公式切削条件参考表(XLSX)。側面切削条件（ap/ae表記あり）。カタログ※1に基づき合金鋼・ステンレス鋼は回転数・送り80%換算。
NS TOOL,MHR430,無限コーティング 4枚刃ロングネックエンドミル（深リブ用） MHR430,SQUARE,MHR430 φ2.5x25,2.5,-,25.0,NAK55/NAK80/HPM1,~43HRC,Prehardened steels,6000,500.0,0.035,1.5,https://www.ns-tool.com/ja/products/webcatalog/data/MHR430/MHR430_S.xlsx,,日進工具 公式切削条件参考表(XLSX)。側面切削条件（ap/ae表記あり）。
NS TOOL,MHR430,無限コーティング 4枚刃ロングネックエンドミル（深リブ用） MHR430,SQUARE,MHR430 φ3x8,3.0,-,8.0,S50C,,Carbon steels,11000,2300.0,0.2,1.8,https://www.ns-tool.com/ja/products/webcatalog/data/MHR430/MHR430_S.xlsx,,日進工具 公式切削条件参考表(XLSX)。側面切削条件（ap/ae表記あり）。
NS TOOL,MHR430,無限コーティング 4枚刃ロングネックエンドミル（深リブ用） MHR430,SQUARE,MHR430 φ3x8,3.0,-,8.0,SCM/SKD/SUS,,Alloy / stainless steels,8800,1840.0,0.2,1.8,https://www.ns-tool.com/ja/products/webcatalog/data/MHR430/MHR430_S.xlsx,,日進工具 公式切削条件参考表(XLSX)。側面切削条件（ap/ae表記あり）。カタログ※1に基づき合金鋼・ステンレス鋼は回転数・送り80%換算。
NS TOOL,MHR430,無限コーティング 4枚刃ロングネックエンドミル（深リブ用） MHR430,SQUARE,MHR430 φ3x8,3.0,-,8.0,NAK55/NAK80/HPM1,~43HRC,Prehardened steels,9000,1500.0,0.16,1.8,https://www.ns-tool.com/ja/products/webcatalog/data/MHR430/MHR430_S.xlsx,,日進工具 公式切削条件参考表(XLSX)。側面切削条件（ap/ae表記あり）。
NS TOOL,MHR430,無限コーティング 4枚刃ロングネックエンドミル（深リブ用） MHR430,SQUARE,MHR430 φ3x12,3.0,-,12.0,S50C,,Carbon steels,11000,2000.0,0.16,1.8,https://www.ns-tool.com/ja/products/webcatalog/data/MHR430/MHR430_S.xlsx,,日進工具 公式切削条件参考表(XLSX)。側面切削条件（ap/ae表記あり）。
NS TOOL,MHR430,無限コーティング 4枚刃ロングネックエンドミル（深リブ用） MHR430,SQUARE,MHR430 φ3x12,3.0,-,12.0,SCM/SKD/SUS,,Alloy / stainless steels,8800,1600.0,0.16,1.8,https://www.ns-tool.com/ja/products/webcatalog/data/MHR430/MHR430_S.xlsx,,日進工具 公式切削条件参考表(XLSX)。側面切削条件（ap/ae表記あり）。カタログ※1に基づき合金鋼・ステンレス鋼は回転数・送り80%換算。
NS TOOL,MHR430,無限コーティング 4枚刃ロングネックエンドミル（深リブ用） MHR430,SQUARE,MHR430 φ3x12,3.0,-,12.0,NAK55/NAK80/HPM1,~43HRC,Prehardened steels,9000,1200.0,0.12,1.8,https://www.ns-tool.com/ja/products/webcatalog/data/MHR430/MHR430_S.xlsx,,日進工具 公式切削条件参考表(XLSX)。側面切削条件（ap/ae表記あり）。
NS TOOL,MHR430,無限コーティング 4枚刃ロングネックエンドミル（深リブ用） MHR430,SQUARE,MHR430 φ3x16,3.0,-,16.0,S50C,,Carbon steels,10000,1500.0,0.12,1.8,https://www.ns-tool.com/ja/products/webcatalog/data/MHR430/MHR430_S.xlsx,,日進工具 公式切削条件参考表(XLSX)。側面切削条件（ap/ae表記あり）。
NS TOOL,MHR430,無限コーティング 4枚刃ロングネックエンドミル（深リブ用） MHR430,SQUARE,MHR430 φ3x16,3.0,-,16.0,SCM/SKD/SUS,,Alloy / stainless steels,8000,1200.0,0.12,1.8,https://www.ns-tool.com/ja/products/webcatalog/data/MHR430/MHR430_S.xlsx,,日進工具 公式切削条件参考表(XLSX)。側面切削条件（ap/ae表記あり）。カタログ※1に基づき合金鋼・ステンレス鋼は回転数・送り80%換算。
NS TOOL,MHR430,無限コーティング 4枚刃ロングネックエンドミル（深リブ用） MHR430,SQUARE,MHR430 φ3x16,3.0,-,16.0,NAK55/NAK80/HPM1,~43HRC,Prehardened steels,8000,900.0,0.09,1.8,https://www.ns-tool.com/ja/products/webcatalog/data/MHR430/MHR430_S.xlsx,,日進工具 公式切削条件参考表(XLSX)。側面切削条件（ap/ae表記あり）。
NS TOOL,MHR430,無限コーティング 4枚刃ロングネックエンドミル（深リブ用） MHR430,SQUARE,MHR430 φ3x20,3.0,-,20.0,S50C,,Carbon steels,9000,1200.0,0.1,1.8,https://www.ns-tool.com/ja/products/webcatalog/data/MHR430/MHR430_S.xlsx,,日進工具 公式切削条件参考表(XLSX)。側面切削条件（ap/ae表記あり）。
NS TOOL,MHR430,無限コーティング 4枚刃ロングネックエンドミル（深リブ用） MHR430,SQUARE,MHR430 φ3x20,3.0,-,20.0,SCM/SKD/SUS,,Alloy / stainless steels,7200,960.0,0.1,1.8,https://www.ns-tool.com/ja/products/webcatalog/data/MHR430/MHR430_S.xlsx,,日進工具 公式切削条件参考表(XLSX)。側面切削条件（ap/ae表記あり）。カタログ※1に基づき合金鋼・ステンレス鋼は回転数・送り80%換算。
NS TOOL,MHR430,無限コーティング 4枚刃ロングネックエンドミル（深リブ用） MHR430,SQUARE,MHR430 φ3x20,3.0,-,20.0,NAK55/NAK80/HPM1,~43HRC,Prehardened steels,7000,680.0,0.07,1.8,https://www.ns-tool.com/ja/products/webcatalog/data/MHR430/MHR430_S.xlsx,,日進工具 公式切削条件参考表(XLSX)。側面切削条件（ap/ae表記あり）。
NS TOOL,MHR430,無限コーティング 4枚刃ロングネックエンドミル（深リブ用） MHR430,SQUARE,MHR430 φ3x25,3.0,-,25.0,S50C,,Carbon steels,8000,1050.0,0.08,1.8,https://www.ns-tool.com/ja/products/webcatalog/data/MHR430/MHR430_S.xlsx,,日進工具 公式切削条件参考表(XLSX)。側面切削条件（ap/ae表記あり）。
NS TOOL,MHR430,無限コーティング 4枚刃ロングネックエンドミル（深リブ用） MHR430,SQUARE,MHR430 φ3x25,3.0,-,25.0,SCM/SKD/SUS,,Alloy / stainless steels,6400,840.0,0.08,1.8,https://www.ns-tool.com/ja/products/webcatalog/data/MHR430/MHR430_S.xlsx,,日進工具 公式切削条件参考表(XLSX)。側面切削条件（ap/ae表記あり）。カタログ※1に基づき合金鋼・ステンレス鋼は回転数・送り80%換算。
NS TOOL,MHR430,無限コーティング 4枚刃ロングネックエンドミル（深リブ用） MHR430,SQUARE,MHR430 φ3x25,3.0,-,25.0,NAK55/NAK80/HPM1,~43HRC,Prehardened steels,6000,570.0,0.06,1.8,https://www.ns-tool.com/ja/products/webcatalog/data/MHR430/MHR430_S.xlsx,,日進工具 公式切削条件参考表(XLSX)。側面切削条件（ap/ae表記あり）。
NS TOOL,MHR430,無限コーティング 4枚刃ロングネックエンドミル（深リブ用） MHR430,SQUARE,MHR430 φ3x30,3.0,-,30.0,S50C,,Carbon steels,7000,900.0,0.06,1.8,https://www.ns-tool.com/ja/products/webcatalog/data/MHR430/MHR430_S.xlsx,,日進工具 公式切削条件参考表(XLSX)。側面切削条件（ap/ae表記あり）。
NS TOOL,MHR430,無限コーティング 4枚刃ロングネックエンドミル（深リブ用） MHR430,SQUARE,MHR430 φ3x30,3.0,-,30.0,SCM/SKD/SUS,,Alloy / stainless steels,5600,720.0,0.06,1.8,https://www.ns-tool.com/ja/products/webcatalog/data/MHR430/MHR430_S.xlsx,,日進工具 公式切削条件参考表(XLSX)。側面切削条件（ap/ae表記あり）。カタログ※1に基づき合金鋼・ステンレス鋼は回転数・送り80%換算。
NS TOOL,MHR430,無限コーティング 4枚刃ロングネックエンドミル（深リブ用） MHR430,SQUARE,MHR430 φ3x30,3.0,-,30.0,NAK55/NAK80/HPM1,~43HRC,Prehardened steels,5000,450.0,0.045,1.8,https://www.ns-tool.com/ja/products/webcatalog/data/MHR430/MHR430_S.xlsx,,日進工具 公式切削条件参考表(XLSX)。側面切削条件（ap/ae表記あり）。
NS TOOL,MHR430,無限コーティング 4枚刃ロングネックエンドミル（深リブ用） MHR430,SQUARE,MHR430 φ3.5x15,3.5,-,15.0,S50C,,Carbon steels,9000,2000.0,0.18,2.1,https://www.ns-tool.com/ja/products/webcatalog/data/MHR430/MHR430_S.xlsx,,日進工具 公式切削条件参考表(XLSX)。側面切削条件（ap/ae表記あり）。
NS TOOL,MHR430,無限コーティング 4枚刃ロングネックエンドミル（深リブ用） MHR430,SQUARE,MHR430 φ3.5x15,3.5,-,15.0,SCM/SKD/SUS,,Alloy / stainless steels,7200,1600.0,0.18,2.1,https://www.ns-tool.com/ja/products/webcatalog/data/MHR430/MHR430_S.xlsx,,日進工具 公式切削条件参考表(XLSX)。側面切削条件（ap/ae表記あり）。カタログ※1に基づき合金鋼・ステンレス鋼は回転数・送り80%換算。
NS TOOL,MHR430,無限コーティング 4枚刃ロングネックエンドミル（深リブ用） MHR430,SQUARE,MHR430 φ3.5x15,3.5,-,15.0,NAK55/NAK80/HPM1,~43HRC,Prehardened steels,7000,1200.0,0.15,2.1,https://www.ns-tool.com/ja/products/webcatalog/data/MHR430/MHR430_S.xlsx,,日進工具 公式切削条件参考表(XLSX)。側面切削条件（ap/ae表記あり）。
NS TOOL,MHR430,無限コーティング 4枚刃ロングネックエンドミル（深リブ用） MHR430,SQUARE,MHR430 φ3.5x25,3.5,-,25.0,S50C,,Carbon steels,7500,1500.0,0.12,2.1,https://www.ns-tool.com/ja/products/webcatalog/data/MHR430/MHR430_S.xlsx,,日進工具 公式切削条件参考表(XLSX)。側面切削条件（ap/ae表記あり）。
NS TOOL,MHR430,無限コーティング 4枚刃ロングネックエンドミル（深リブ用） MHR430,SQUARE,MHR430 φ3.5x25,3.5,-,25.0,SCM/SKD/SUS,,Alloy / stainless steels,6000,1200.0,0.12,2.1,https://www.ns-tool.com/ja/products/webcatalog/data/MHR430/MHR430_S.xlsx,,日進工具 公式切削条件参考表(XLSX)。側面切削条件（ap/ae表記あり）。カタログ※1に基づき合金鋼・ステンレス鋼は回転数・送り80%換算。
NS TOOL,MHR430,無限コーティング 4枚刃ロングネックエンドミル（深リブ用） MHR430,SQUARE,MHR430 φ3.5x25,3.5,-,25.0,NAK55/NAK80/HPM1,~43HRC,Prehardened steels,6000,850.0,0.08,2.1,https://www.ns-tool.com/ja/products/webcatalog/data/MHR430/MHR430_S.xlsx,,日進工具 公式切削条件参考表(XLSX)。側面切削条件（ap/ae表記あり）。
NS TOOL,MHR430,無限コーティング 4枚刃ロングネックエンドミル（深リブ用） MHR430,SQUARE,MHR430 φ3.5x35,3.5,-,35.0,S50C,,Carbon steels,6000,1000.0,0.07,2.1,https://www.ns-tool.com/ja/products/webcatalog/data/MHR430/MHR430_S.xlsx,,日進工具 公式切削条件参考表(XLSX)。側面切削条件（ap/ae表記あり）。
NS TOOL,MHR430,無限コーティング 4枚刃ロングネックエンドミル（深リブ用） MHR430,SQUARE,MHR430 φ3.5x35,3.5,-,35.0,SCM/SKD/SUS,,Alloy / stainless steels,4800,800.0,0.07,2.1,https://www.ns-tool.com/ja/products/webcatalog/data/MHR430/MHR430_S.xlsx,,日進工具 公式切削条件参考表(XLSX)。側面切削条件（ap/ae表記あり）。カタログ※1に基づき合金鋼・ステンレス鋼は回転数・送り80%換算。
NS TOOL,MHR430,無限コーティング 4枚刃ロングネックエンドミル（深リブ用） MHR430,SQUARE,MHR430 φ3.5x35,3.5,-,35.0,NAK55/NAK80/HPM1,~43HRC,Prehardened steels,4500,520.0,0.05,2.1,https://www.ns-tool.com/ja/products/webcatalog/data/MHR430/MHR430_S.xlsx,,日進工具 公式切削条件参考表(XLSX)。側面切削条件（ap/ae表記あり）。
NS TOOL,MHR430,無限コーティング 4枚刃ロングネックエンドミル（深リブ用） MHR430,SQUARE,MHR430 φ4x12,4.0,-,12.0,S50C,,Carbon steels,8000,2200.0,0.3,2.4,https://www.ns-tool.com/ja/products/webcatalog/data/MHR430/MHR430_S.xlsx,,日進工具 公式切削条件参考表(XLSX)。側面切削条件（ap/ae表記あり）。
NS TOOL,MHR430,無限コーティング 4枚刃ロングネックエンドミル（深リブ用） MHR430,SQUARE,MHR430 φ4x12,4.0,-,12.0,SCM/SKD/SUS,,Alloy / stainless steels,6400,1760.0,0.3,2.4,https://www.ns-tool.com/ja/products/webcatalog/data/MHR430/MHR430_S.xlsx,,日進工具 公式切削条件参考表(XLSX)。側面切削条件（ap/ae表記あり）。カタログ※1に基づき合金鋼・ステンレス鋼は回転数・送り80%換算。
NS TOOL,MHR430,無限コーティング 4枚刃ロングネックエンドミル（深リブ用） MHR430,SQUARE,MHR430 φ4x12,4.0,-,12.0,NAK55/NAK80/HPM1,~43HRC,Prehardened steels,6000,1300.0,0.25,2.4,https://www.ns-tool.com/ja/products/webcatalog/data/MHR430/MHR430_S.xlsx,,日進工具 公式切削条件参考表(XLSX)。側面切削条件（ap/ae表記あり）。
NS TOOL,MHR430,無限コーティング 4枚刃ロングネックエンドミル（深リブ用） MHR430,SQUARE,MHR430 φ4x16,4.0,-,16.0,S50C,,Carbon steels,8000,2100.0,0.25,2.4,https://www.ns-tool.com/ja/products/webcatalog/data/MHR430/MHR430_S.xlsx,,日進工具 公式切削条件参考表(XLSX)。側面切削条件（ap/ae表記あり）。
NS TOOL,MHR430,無限コーティング 4枚刃ロングネックエンドミル（深リブ用） MHR430,SQUARE,MHR430 φ4x16,4.0,-,16.0,SCM/SKD/SUS,,Alloy / stainless steels,6400,1680.0,0.25,2.4,https://www.ns-tool.com/ja/products/webcatalog/data/MHR430/MHR430_S.xlsx,,日進工具 公式切削条件参考表(XLSX)。側面切削条件（ap/ae表記あり）。カタログ※1に基づき合金鋼・ステンレス鋼は回転数・送り80%換算。
NS TOOL,MHR430,無限コーティング 4枚刃ロングネックエンドミル（深リブ用） MHR430,SQUARE,MHR430 φ4x16,4.0,-,16.0,NAK55/NAK80/HPM1,~43HRC,Prehardened steels,6000,1200.0,0.2,2.4,https://www.ns-tool.com/ja/products/webcatalog/data/MHR430/MHR430_S.xlsx,,日進工具 公式切削条件参考表(XLSX)。側面切削条件（ap/ae表記あり）。
NS TOOL,MHR430,無限コーティング 4枚刃ロングネックエンドミル（深リブ用） MHR430,SQUARE,MHR430 φ4x20,4.0,-,20.0,S50C,,Carbon steels,8000,2000.0,0.2,2.4,https://www.ns-tool.com/ja/products/webcatalog/data/MHR430/MHR430_S.xlsx,,日進工具 公式切削条件参考表(XLSX)。側面切削条件（ap/ae表記あり）。
NS TOOL,MHR430,無限コーティング 4枚刃ロングネックエンドミル（深リブ用） MHR430,SQUARE,MHR430 φ4x20,4.0,-,20.0,SCM/SKD/SUS,,Alloy / stainless steels,6400,1600.0,0.2,2.4,https://www.ns-tool.com/ja/products/webcatalog/data/MHR430/MHR430_S.xlsx,,日進工具 公式切削条件参考表(XLSX)。側面切削条件（ap/ae表記あり）。カタログ※1に基づき合金鋼・ステンレス鋼は回転数・送り80%換算。
NS TOOL,MHR430,無限コーティング 4枚刃ロングネックエンドミル（深リブ用） MHR430,SQUARE,MHR430 φ4x20,4.0,-,20.0,NAK55/NAK80/HPM1,~43HRC,Prehardened steels,6000,1100.0,0.15,2.4,https://www.ns-tool.com/ja/products/webcatalog/data/MHR430/MHR430_S.xlsx,,日進工具 公式切削条件参考表(XLSX)。側面切削条件（ap/ae表記あり）。
NS TOOL,MHR430,無限コーティング 4枚刃ロングネックエンドミル（深リブ用） MHR430,SQUARE,MHR430 φ4x25,4.0,-,25.0,S50C,,Carbon steels,7000,1700.0,0.15,2.4,https://www.ns-tool.com/ja/products/webcatalog/data/MHR430/MHR430_S.xlsx,,日進工具 公式切削条件参考表(XLSX)。側面切削条件（ap/ae表記あり）。
NS TOOL,MHR430,無限コーティング 4枚刃ロングネックエンドミル（深リブ用） MHR430,SQUARE,MHR430 φ4x25,4.0,-,25.0,SCM/SKD/SUS,,Alloy / stainless steels,5600,1360.0,0.15,2.4,https://www.ns-tool.com/ja/products/webcatalog/data/MHR430/MHR430_S.xlsx,,日進工具 公式切削条件参考表(XLSX)。側面切削条件（ap/ae表記あり）。カタログ※1に基づき合金鋼・ステンレス鋼は回転数・送り80%換算。
NS TOOL,MHR430,無限コーティング 4枚刃ロングネックエンドミル（深リブ用） MHR430,SQUARE,MHR430 φ4x25,4.0,-,25.0,NAK55/NAK80/HPM1,~43HRC,Prehardened steels,5000,900.0,0.1,2.4,https://www.ns-tool.com/ja/products/webcatalog/data/MHR430/MHR430_S.xlsx,,日進工具 公式切削条件参考表(XLSX)。側面切削条件（ap/ae表記あり）。
NS TOOL,MHR430,無限コーティング 4枚刃ロングネックエンドミル（深リブ用） MHR430,SQUARE,MHR430 φ4x30,4.0,-,30.0,S50C,,Carbon steels,7000,1500.0,0.12,2.4,https://www.ns-tool.com/ja/products/webcatalog/data/MHR430/MHR430_S.xlsx,,日進工具 公式切削条件参考表(XLSX)。側面切削条件（ap/ae表記あり）。
NS TOOL,MHR430,無限コーティング 4枚刃ロングネックエンドミル（深リブ用） MHR430,SQUARE,MHR430 φ4x30,4.0,-,30.0,SCM/SKD/SUS,,Alloy / stainless steels,5600,1200.0,0.12,2.4,https://www.ns-tool.com/ja/products/webcatalog/data/MHR430/MHR430_S.xlsx,,日進工具 公式切削条件参考表(XLSX)。側面切削条件（ap/ae表記あり）。カタログ※1に基づき合金鋼・ステンレス鋼は回転数・送り80%換算。
NS TOOL,MHR430,無限コーティング 4枚刃ロングネックエンドミル（深リブ用） MHR430,SQUARE,MHR430 φ4x30,4.0,-,30.0,NAK55/NAK80/HPM1,~43HRC,Prehardened steels,5000,800.0,0.08,2.4,https://www.ns-tool.com/ja/products/webcatalog/data/MHR430/MHR430_S.xlsx,,日進工具 公式切削条件参考表(XLSX)。側面切削条件（ap/ae表記あり）。
NS TOOL,MHR430,無限コーティング 4枚刃ロングネックエンドミル（深リブ用） MHR430,SQUARE,MHR430 φ4x35,4.0,-,35.0,S50C,,Carbon steels,6000,1200.0,0.1,2.4,https://www.ns-tool.com/ja/products/webcatalog/data/MHR430/MHR430_S.xlsx,,日進工具 公式切削条件参考表(XLSX)。側面切削条件（ap/ae表記あり）。
NS TOOL,MHR430,無限コーティング 4枚刃ロングネックエンドミル（深リブ用） MHR430,SQUARE,MHR430 φ4x35,4.0,-,35.0,SCM/SKD/SUS,,Alloy / stainless steels,4800,960.0,0.1,2.4,https://www.ns-tool.com/ja/products/webcatalog/data/MHR430/MHR430_S.xlsx,,日進工具 公式切削条件参考表(XLSX)。側面切削条件（ap/ae表記あり）。カタログ※1に基づき合金鋼・ステンレス鋼は回転数・送り80%換算。
NS TOOL,MHR430,無限コーティング 4枚刃ロングネックエンドミル（深リブ用） MHR430,SQUARE,MHR430 φ4x35,4.0,-,35.0,NAK55/NAK80/HPM1,~43HRC,Prehardened steels,4500,670.0,0.07,2.4,https://www.ns-tool.com/ja/products/webcatalog/data/MHR430/MHR430_S.xlsx,,日進工具 公式切削条件参考表(XLSX)。側面切削条件（ap/ae表記あり）。
NS TOOL,MHR430,無限コーティング 4枚刃ロングネックエンドミル（深リブ用） MHR430,SQUARE,MHR430 φ4x40,4.0,-,40.0,S50C,,Carbon steels,5000,900.0,0.08,2.4,https://www.ns-tool.com/ja/products/webcatalog/data/MHR430/MHR430_S.xlsx,,日進工具 公式切削条件参考表(XLSX)。側面切削条件（ap/ae表記あり）。
NS TOOL,MHR430,無限コーティング 4枚刃ロングネックエンドミル（深リブ用） MHR430,SQUARE,MHR430 φ4x40,4.0,-,40.0,SCM/SKD/SUS,,Alloy / stainless steels,4000,720.0,0.08,2.4,https://www.ns-tool.com/ja/products/webcatalog/data/MHR430/MHR430_S.xlsx,,日進工具 公式切削条件参考表(XLSX)。側面切削条件（ap/ae表記あり）。カタログ※1に基づき合金鋼・ステンレス鋼は回転数・送り80%換算。
NS TOOL,MHR430,無限コーティング 4枚刃ロングネックエンドミル（深リブ用） MHR430,SQUARE,MHR430 φ4x40,4.0,-,40.0,NAK55/NAK80/HPM1,~43HRC,Prehardened steels,4000,540.0,0.06,2.4,https://www.ns-tool.com/ja/products/webcatalog/data/MHR430/MHR430_S.xlsx,,日進工具 公式切削条件参考表(XLSX)。側面切削条件（ap/ae表記あり）。
NS TOOL,MHR430,無限コーティング 4枚刃ロングネックエンドミル（深リブ用） MHR430,SQUARE,MHR430 φ4x45,4.0,-,45.0,S50C,,Carbon steels,4500,750.0,0.06,2.4,https://www.ns-tool.com/ja/products/webcatalog/data/MHR430/MHR430_S.xlsx,,日進工具 公式切削条件参考表(XLSX)。側面切削条件（ap/ae表記あり）。
NS TOOL,MHR430,無限コーティング 4枚刃ロングネックエンドミル（深リブ用） MHR430,SQUARE,MHR430 φ4x45,4.0,-,45.0,SCM/SKD/SUS,,Alloy / stainless steels,3600,600.0,0.06,2.4,https://www.ns-tool.com/ja/products/webcatalog/data/MHR430/MHR430_S.xlsx,,日進工具 公式切削条件参考表(XLSX)。側面切削条件（ap/ae表記あり）。カタログ※1に基づき合金鋼・ステンレス鋼は回転数・送り80%換算。
NS TOOL,MHR430,無限コーティング 4枚刃ロングネックエンドミル（深リブ用） MHR430,SQUARE,MHR430 φ4x45,4.0,-,45.0,NAK55/NAK80/HPM1,~43HRC,Prehardened steels,3500,450.0,0.04,2.4,https://www.ns-tool.com/ja/products/webcatalog/data/MHR430/MHR430_S.xlsx,,日進工具 公式切削条件参考表(XLSX)。側面切削条件（ap/ae表記あり）。
NS TOOL,MHR430,無限コーティング 4枚刃ロングネックエンドミル（深リブ用） MHR430,SQUARE,MHR430 φ4x50,4.0,-,50.0,S50C,,Carbon steels,4000,600.0,0.04,2.4,https://www.ns-tool.com/ja/products/webcatalog/data/MHR430/MHR430_S.xlsx,,日進工具 公式切削条件参考表(XLSX)。側面切削条件（ap/ae表記あり）。
NS TOOL,MHR430,無限コーティング 4枚刃ロングネックエンドミル（深リブ用） MHR430,SQUARE,MHR430 φ4x50,4.0,-,50.0,SCM/SKD/SUS,,Alloy / stainless steels,3200,480.0,0.04,2.4,https://www.ns-tool.com/ja/products/webcatalog/data/MHR430/MHR430_S.xlsx,,日進工具 公式切削条件参考表(XLSX)。側面切削条件（ap/ae表記あり）。カタログ※1に基づき合金鋼・ステンレス鋼は回転数・送り80%換算。
NS TOOL,MHR430,無限コーティング 4枚刃ロングネックエンドミル（深リブ用） MHR430,SQUARE,MHR430 φ4x50,4.0,-,50.0,NAK55/NAK80/HPM1,~43HRC,Prehardened steels,3000,330.0,0.03,2.4,https://www.ns-tool.com/ja/products/webcatalog/data/MHR430/MHR430_S.xlsx,,日進工具 公式切削条件参考表(XLSX)。側面切削条件（ap/ae表記あり）。
NS TOOL,MHR430,無限コーティング 4枚刃ロングネックエンドミル（深リブ用） MHR430,SQUARE,MHR430 φ5x16,5.0,-,16.0,S50C,,Carbon steels,6000,2100.0,0.35,3.0,https://www.ns-tool.com/ja/products/webcatalog/data/MHR430/MHR430_S.xlsx,,日進工具 公式切削条件参考表(XLSX)。側面切削条件（ap/ae表記あり）。
NS TOOL,MHR430,無限コーティング 4枚刃ロングネックエンドミル（深リブ用） MHR430,SQUARE,MHR430 φ5x16,5.0,-,16.0,SCM/SKD/SUS,,Alloy / stainless steels,4800,1680.0,0.35,3.0,https://www.ns-tool.com/ja/products/webcatalog/data/MHR430/MHR430_S.xlsx,,日進工具 公式切削条件参考表(XLSX)。側面切削条件（ap/ae表記あり）。カタログ※1に基づき合金鋼・ステンレス鋼は回転数・送り80%換算。
NS TOOL,MHR430,無限コーティング 4枚刃ロングネックエンドミル（深リブ用） MHR430,SQUARE,MHR430 φ5x16,5.0,-,16.0,NAK55/NAK80/HPM1,~43HRC,Prehardened steels,4500,1200.0,0.3,3.0,https://www.ns-tool.com/ja/products/webcatalog/data/MHR430/MHR430_S.xlsx,,日進工具 公式切削条件参考表(XLSX)。側面切削条件（ap/ae表記あり）。
NS TOOL,MHR430,無限コーティング 4枚刃ロングネックエンドミル（深リブ用） MHR430,SQUARE,MHR430 φ5x25,5.0,-,25.0,S50C,,Carbon steels,6000,1800.0,0.25,3.0,https://www.ns-tool.com/ja/products/webcatalog/data/MHR430/MHR430_S.xlsx,,日進工具 公式切削条件参考表(XLSX)。側面切削条件（ap/ae表記あり）。
NS TOOL,MHR430,無限コーティング 4枚刃ロングネックエンドミル（深リブ用） MHR430,SQUARE,MHR430 φ5x25,5.0,-,25.0,SCM/SKD/SUS,,Alloy / stainless steels,4800,1440.0,0.25,3.0,https://www.ns-tool.com/ja/products/webcatalog/data/MHR430/MHR430_S.xlsx,,日進工具 公式切削条件参考表(XLSX)。側面切削条件（ap/ae表記あり）。カタログ※1に基づき合金鋼・ステンレス鋼は回転数・送り80%換算。
NS TOOL,MHR430,無限コーティング 4枚刃ロングネックエンドミル（深リブ用） MHR430,SQUARE,MHR430 φ5x25,5.0,-,25.0,NAK55/NAK80/HPM1,~43HRC,Prehardened steels,4500,1000.0,0.2,3.0,https://www.ns-tool.com/ja/products/webcatalog/data/MHR430/MHR430_S.xlsx,,日進工具 公式切削条件参考表(XLSX)。側面切削条件（ap/ae表記あり）。
NS TOOL,MHR430,無限コーティング 4枚刃ロングネックエンドミル（深リブ用） MHR430,SQUARE,MHR430 φ5x35,5.0,-,35.0,S50C,,Carbon steels,5000,1200.0,0.15,3.0,https://www.ns-tool.com/ja/products/webcatalog/data/MHR430/MHR430_S.xlsx,,日進工具 公式切削条件参考表(XLSX)。側面切削条件（ap/ae表記あり）。
NS TOOL,MHR430,無限コーティング 4枚刃ロングネックエンドミル（深リブ用） MHR430,SQUARE,MHR430 φ5x35,5.0,-,35.0,SCM/SKD/SUS,,Alloy / stainless steels,4000,960.0,0.15,3.0,https://www.ns-tool.com/ja/products/webcatalog/data/MHR430/MHR430_S.xlsx,,日進工具 公式切削条件参考表(XLSX)。側面切削条件（ap/ae表記あり）。カタログ※1に基づき合金鋼・ステンレス鋼は回転数・送り80%換算。
NS TOOL,MHR430,無限コーティング 4枚刃ロングネックエンドミル（深リブ用） MHR430,SQUARE,MHR430 φ5x35,5.0,-,35.0,NAK55/NAK80/HPM1,~43HRC,Prehardened steels,3500,630.0,0.1,3.0,https://www.ns-tool.com/ja/products/webcatalog/data/MHR430/MHR430_S.xlsx,,日進工具 公式切削条件参考表(XLSX)。側面切削条件（ap/ae表記あり）。
NS TOOL,MHR430,無限コーティング 4枚刃ロングネックエンドミル（深リブ用） MHR430,SQUARE,MHR430 φ5x50,5.0,-,50.0,S50C,,Carbon steels,3500,680.0,0.07,3.0,https://www.ns-tool.com/ja/products/webcatalog/data/MHR430/MHR430_S.xlsx,,日進工具 公式切削条件参考表(XLSX)。側面切削条件（ap/ae表記あり）。
NS TOOL,MHR430,無限コーティング 4枚刃ロングネックエンドミル（深リブ用） MHR430,SQUARE,MHR430 φ5x50,5.0,-,50.0,SCM/SKD/SUS,,Alloy / stainless steels,2800,544.0,0.07,3.0,https://www.ns-tool.com/ja/products/webcatalog/data/MHR430/MHR430_S.xlsx,,日進工具 公式切削条件参考表(XLSX)。側面切削条件（ap/ae表記あり）。カタログ※1に基づき合金鋼・ステンレス鋼は回転数・送り80%換算。
NS TOOL,MHR430,無限コーティング 4枚刃ロングネックエンドミル（深リブ用） MHR430,SQUARE,MHR430 φ5x50,5.0,-,50.0,NAK55/NAK80/HPM1,~43HRC,Prehardened steels,2500,360.0,0.05,3.0,https://www.ns-tool.com/ja/products/webcatalog/data/MHR430/MHR430_S.xlsx,,日進工具 公式切削条件参考表(XLSX)。側面切削条件（ap/ae表記あり）。
NS TOOL,MHR430,無限コーティング 4枚刃ロングネックエンドミル（深リブ用） MHR430,SQUARE,MHR430 φ6x20,6.0,-,20.0,S50C,,Carbon steels,5000,1800.0,0.4,3.6,https://www.ns-tool.com/ja/products/webcatalog/data/MHR430/MHR430_S.xlsx,,日進工具 公式切削条件参考表(XLSX)。側面切削条件（ap/ae表記あり）。
NS TOOL,MHR430,無限コーティング 4枚刃ロングネックエンドミル（深リブ用） MHR430,SQUARE,MHR430 φ6x20,6.0,-,20.0,SCM/SKD/SUS,,Alloy / stainless steels,4000,1440.0,0.4,3.6,https://www.ns-tool.com/ja/products/webcatalog/data/MHR430/MHR430_S.xlsx,,日進工具 公式切削条件参考表(XLSX)。側面切削条件（ap/ae表記あり）。カタログ※1に基づき合金鋼・ステンレス鋼は回転数・送り80%換算。
NS TOOL,MHR430,無限コーティング 4枚刃ロングネックエンドミル（深リブ用） MHR430,SQUARE,MHR430 φ6x20,6.0,-,20.0,NAK55/NAK80/HPM1,~43HRC,Prehardened steels,3500,1000.0,0.35,3.6,https://www.ns-tool.com/ja/products/webcatalog/data/MHR430/MHR430_S.xlsx,,日進工具 公式切削条件参考表(XLSX)。側面切削条件（ap/ae表記あり）。
NS TOOL,MHR430,無限コーティング 4枚刃ロングネックエンドミル（深リブ用） MHR430,SQUARE,MHR430 φ6x30,6.0,-,30.0,S50C,,Carbon steels,4000,1400.0,0.35,3.6,https://www.ns-tool.com/ja/products/webcatalog/data/MHR430/MHR430_S.xlsx,,日進工具 公式切削条件参考表(XLSX)。側面切削条件（ap/ae表記あり）。
NS TOOL,MHR430,無限コーティング 4枚刃ロングネックエンドミル（深リブ用） MHR430,SQUARE,MHR430 φ6x30,6.0,-,30.0,SCM/SKD/SUS,,Alloy / stainless steels,3200,1120.0,0.35,3.6,https://www.ns-tool.com/ja/products/webcatalog/data/MHR430/MHR430_S.xlsx,,日進工具 公式切削条件参考表(XLSX)。側面切削条件（ap/ae表記あり）。カタログ※1に基づき合金鋼・ステンレス鋼は回転数・送り80%換算。
NS TOOL,MHR430,無限コーティング 4枚刃ロングネックエンドミル（深リブ用） MHR430,SQUARE,MHR430 φ6x30,6.0,-,30.0,NAK55/NAK80/HPM1,~43HRC,Prehardened steels,3000,750.0,0.3,3.6,https://www.ns-tool.com/ja/products/webcatalog/data/MHR430/MHR430_S.xlsx,,日進工具 公式切削条件参考表(XLSX)。側面切削条件（ap/ae表記あり）。
NS TOOL,MHR430,無限コーティング 4枚刃ロングネックエンドミル（深リブ用） MHR430,SQUARE,MHR430 φ6x40,6.0,-,40.0,S50C,,Carbon steels,3500,1000.0,0.25,3.6,https://www.ns-tool.com/ja/products/webcatalog/data/MHR430/MHR430_S.xlsx,,日進工具 公式切削条件参考表(XLSX)。側面切削条件（ap/ae表記あり）。
NS TOOL,MHR430,無限コーティング 4枚刃ロングネックエンドミル（深リブ用） MHR430,SQUARE,MHR430 φ6x40,6.0,-,40.0,SCM/SKD/SUS,,Alloy / stainless steels,2800,800.0,0.25,3.6,https://www.ns-tool.com/ja/products/webcatalog/data/MHR430/MHR430_S.xlsx,,日進工具 公式切削条件参考表(XLSX)。側面切削条件（ap/ae表記あり）。カタログ※1に基づき合金鋼・ステンレス鋼は回転数・送り80%換算。
NS TOOL,MHR430,無限コーティング 4枚刃ロングネックエンドミル（深リブ用） MHR430,SQUARE,MHR430 φ6x40,6.0,-,40.0,NAK55/NAK80/HPM1,~43HRC,Prehardened steels,2700,570.0,0.2,3.6,https://www.ns-tool.com/ja/products/webcatalog/data/MHR430/MHR430_S.xlsx,,日進工具 公式切削条件参考表(XLSX)。側面切削条件（ap/ae表記あり）。
NS TOOL,MHR430,無限コーティング 4枚刃ロングネックエンドミル（深リブ用） MHR430,SQUARE,MHR430 φ6x50,6.0,-,50.0,S50C,,Carbon steels,3000,750.0,0.15,3.6,https://www.ns-tool.com/ja/products/webcatalog/data/MHR430/MHR430_S.xlsx,,日進工具 公式切削条件参考表(XLSX)。側面切削条件（ap/ae表記あり）。
NS TOOL,MHR430,無限コーティング 4枚刃ロングネックエンドミル（深リブ用） MHR430,SQUARE,MHR430 φ6x50,6.0,-,50.0,SCM/SKD/SUS,,Alloy / stainless steels,2400,600.0,0.15,3.6,https://www.ns-tool.com/ja/products/webcatalog/data/MHR430/MHR430_S.xlsx,,日進工具 公式切削条件参考表(XLSX)。側面切削条件（ap/ae表記あり）。カタログ※1に基づき合金鋼・ステンレス鋼は回転数・送り80%換算。
NS TOOL,MHR430,無限コーティング 4枚刃ロングネックエンドミル（深リブ用） MHR430,SQUARE,MHR430 φ6x50,6.0,-,50.0,NAK55/NAK80/HPM1,~43HRC,Prehardened steels,2200,420.0,0.1,3.6,https://www.ns-tool.com/ja/products/webcatalog/data/MHR430/MHR430_S.xlsx,,日進工具 公式切削条件参考表(XLSX)。側面切削条件（ap/ae表記あり）。
NS TOOL,MHR430,無限コーティング 4枚刃ロングネックエンドミル（深リブ用） MHR430,SQUARE,MHR430 φ8x30,8.0,-,30.0,S50C,,Carbon steels,3800,1400.0,0.6,4.8,https://www.ns-tool.com/ja/products/webcatalog/data/MHR430/MHR430_S.xlsx,,日進工具 公式切削条件参考表(XLSX)。側面切削条件（ap/ae表記あり）。
NS TOOL,MHR430,無限コーティング 4枚刃ロングネックエンドミル（深リブ用） MHR430,SQUARE,MHR430 φ8x30,8.0,-,30.0,SCM/SKD/SUS,,Alloy / stainless steels,3040,1120.0,0.6,4.8,https://www.ns-tool.com/ja/products/webcatalog/data/MHR430/MHR430_S.xlsx,,日進工具 公式切削条件参考表(XLSX)。側面切削条件（ap/ae表記あり）。カタログ※1に基づき合金鋼・ステンレス鋼は回転数・送り80%換算。
NS TOOL,MHR430,無限コーティング 4枚刃ロングネックエンドミル（深リブ用） MHR430,SQUARE,MHR430 φ8x30,8.0,-,30.0,NAK55/NAK80/HPM1,~43HRC,Prehardened steels,2800,900.0,0.45,4.8,https://www.ns-tool.com/ja/products/webcatalog/data/MHR430/MHR430_S.xlsx,,日進工具 公式切削条件参考表(XLSX)。側面切削条件（ap/ae表記あり）。
NS TOOL,MHR430,無限コーティング 4枚刃ロングネックエンドミル（深リブ用） MHR430,SQUARE,MHR430 φ8x50,8.0,-,50.0,S50C,,Carbon steels,2800,820.0,0.4,4.8,https://www.ns-tool.com/ja/products/webcatalog/data/MHR430/MHR430_S.xlsx,,日進工具 公式切削条件参考表(XLSX)。側面切削条件（ap/ae表記あり）。
NS TOOL,MHR430,無限コーティング 4枚刃ロングネックエンドミル（深リブ用） MHR430,SQUARE,MHR430 φ8x50,8.0,-,50.0,SCM/SKD/SUS,,Alloy / stainless steels,2240,656.0,0.4,4.8,https://www.ns-tool.com/ja/products/webcatalog/data/MHR430/MHR430_S.xlsx,,日進工具 公式切削条件参考表(XLSX)。側面切削条件（ap/ae表記あり）。カタログ※1に基づき合金鋼・ステンレス鋼は回転数・送り80%換算。
NS TOOL,MHR430,無限コーティング 4枚刃ロングネックエンドミル（深リブ用） MHR430,SQUARE,MHR430 φ8x50,8.0,-,50.0,NAK55/NAK80/HPM1,~43HRC,Prehardened steels,2100,600.0,0.3,4.8,https://www.ns-tool.com/ja/products/webcatalog/data/MHR430/MHR430_S.xlsx,,日進工具 公式切削条件参考表(XLSX)。側面切削条件（ap/ae表記あり）。
NS TOOL,MHR430,無限コーティング 4枚刃ロングネックエンドミル（深リブ用） MHR430,SQUARE,MHR430 φ8x60,8.0,-,60.0,S50C,,Carbon steels,2400,680.0,0.3,4.8,https://www.ns-tool.com/ja/products/webcatalog/data/MHR430/MHR430_S.xlsx,,日進工具 公式切削条件参考表(XLSX)。側面切削条件（ap/ae表記あり）。
NS TOOL,MHR430,無限コーティング 4枚刃ロングネックエンドミル（深リブ用） MHR430,SQUARE,MHR430 φ8x60,8.0,-,60.0,SCM/SKD/SUS,,Alloy / stainless steels,1920,544.0,0.3,4.8,https://www.ns-tool.com/ja/products/webcatalog/data/MHR430/MHR430_S.xlsx,,日進工具 公式切削条件参考表(XLSX)。側面切削条件（ap/ae表記あり）。カタログ※1に基づき合金鋼・ステンレス鋼は回転数・送り80%換算。
NS TOOL,MHR430,無限コーティング 4枚刃ロングネックエンドミル（深リブ用） MHR430,SQUARE,MHR430 φ8x60,8.0,-,60.0,NAK55/NAK80/HPM1,~43HRC,Prehardened steels,1800,450.0,0.2,4.8,https://www.ns-tool.com/ja/products/webcatalog/data/MHR430/MHR430_S.xlsx,,日進工具 公式切削条件参考表(XLSX)。側面切削条件（ap/ae表記あり）。
NS TOOL,MHR430,無限コーティング 4枚刃ロングネックエンドミル（深リブ用） MHR430,SQUARE,MHR430 φ10x40,10.0,-,40.0,S50C,,Carbon steels,3000,1200.0,0.8,6.0,https://www.ns-tool.com/ja/products/webcatalog/data/MHR430/MHR430_S.xlsx,,日進工具 公式切削条件参考表(XLSX)。側面切削条件（ap/ae表記あり）。
NS TOOL,MHR430,無限コーティング 4枚刃ロングネックエンドミル（深リブ用） MHR430,SQUARE,MHR430 φ10x40,10.0,-,40.0,SCM/SKD/SUS,,Alloy / stainless steels,2400,960.0,0.8,6.0,https://www.ns-tool.com/ja/products/webcatalog/data/MHR430/MHR430_S.xlsx,,日進工具 公式切削条件参考表(XLSX)。側面切削条件（ap/ae表記あり）。カタログ※1に基づき合金鋼・ステンレス鋼は回転数・送り80%換算。
NS TOOL,MHR430,無限コーティング 4枚刃ロングネックエンドミル（深リブ用） MHR430,SQUARE,MHR430 φ10x40,10.0,-,40.0,NAK55/NAK80/HPM1,~43HRC,Prehardened steels,2200,750.0,0.55,6.0,https://www.ns-tool.com/ja/products/webcatalog/data/MHR430/MHR430_S.xlsx,,日進工具 公式切削条件参考表(XLSX)。側面切削条件（ap/ae表記あり）。
NS TOOL,MHR430,無限コーティング 4枚刃ロングネックエンドミル（深リブ用） MHR430,SQUARE,MHR430 φ10x60,10.0,-,60.0,S50C,,Carbon steels,2200,750.0,0.6,6.0,https://www.ns-tool.com/ja/products/webcatalog/data/MHR430/MHR430_S.xlsx,,日進工具 公式切削条件参考表(XLSX)。側面切削条件（ap/ae表記あり）。
NS TOOL,MHR430,無限コーティング 4枚刃ロングネックエンドミル（深リブ用） MHR430,SQUARE,MHR430 φ10x60,10.0,-,60.0,SCM/SKD/SUS,,Alloy / stainless steels,1760,600.0,0.6,6.0,https://www.ns-tool.com/ja/products/webcatalog/data/MHR430/MHR430_S.xlsx,,日進工具 公式切削条件参考表(XLSX)。側面切削条件（ap/ae表記あり）。カタログ※1に基づき合金鋼・ステンレス鋼は回転数・送り80%換算。
NS TOOL,MHR430,無限コーティング 4枚刃ロングネックエンドミル（深リブ用） MHR430,SQUARE,MHR430 φ10x60,10.0,-,60.0,NAK55/NAK80/HPM1,~43HRC,Prehardened steels,1600,520.0,0.45,6.0,https://www.ns-tool.com/ja/products/webcatalog/data/MHR430/MHR430_S.xlsx,,日進工具 公式切削条件参考表(XLSX)。側面切削条件（ap/ae表記あり）。
NS TOOL,MHR430,無限コーティング 4枚刃ロングネックエンドミル（深リブ用） MHR430,SQUARE,MHR430 φ10x80,10.0,-,80.0,S50C,,Carbon steels,1800,520.0,0.4,6.0,https://www.ns-tool.com/ja/products/webcatalog/data/MHR430/MHR430_S.xlsx,,日進工具 公式切削条件参考表(XLSX)。側面切削条件（ap/ae表記あり）。
NS TOOL,MHR430,無限コーティング 4枚刃ロングネックエンドミル（深リブ用） MHR430,SQUARE,MHR430 φ10x80,10.0,-,80.0,SCM/SKD/SUS,,Alloy / stainless steels,1440,416.0,0.4,6.0,https://www.ns-tool.com/ja/products/webcatalog/data/MHR430/MHR430_S.xlsx,,日進工具 公式切削条件参考表(XLSX)。側面切削条件（ap/ae表記あり）。カタログ※1に基づき合金鋼・ステンレス鋼は回転数・送り80%換算。
NS TOOL,MHR430,無限コーティング 4枚刃ロングネックエンドミル（深リブ用） MHR430,SQUARE,MHR430 φ10x80,10.0,-,80.0,NAK55/NAK80/HPM1,~43HRC,Prehardened steels,1300,360.0,0.3,6.0,https://www.ns-tool.com/ja/products/webcatalog/data/MHR430/MHR430_S.xlsx,,日進工具 公式切削条件参考表(XLSX)。側面切削条件（ap/ae表記あり）。
NS TOOL,MHR230R,無限コーティング 2枚刃ロングネックラジアスエンドミル MHR230R,RADIUS,MHR230R φ0.2x0.5 R0.05,0.2,R0.05,0.5,S50C/NAK55/NAK80/HPM1,~43HRC,Carbon / prehardened steels,30000,200.0,0.01,0.05,https://www.ns-tool.com/ja/products/webcatalog/data/MHR230R/MHR230R_S.xlsx,,日進工具 公式切削条件参考表(XLSX)。等高線・側面仕上げ条件（ap/ae表記あり）。
NS TOOL,MHR230R,無限コーティング 2枚刃ロングネックラジアスエンドミル MHR230R,RADIUS,MHR230R φ0.2x0.5 R0.05,0.2,R0.05,0.5,HPM38/STAVAX/SKD61,~55HRC,Hardened steels,30000,150.0,0.003,0.04,https://www.ns-tool.com/ja/products/webcatalog/data/MHR230R/MHR230R_S.xlsx,,日進工具 公式切削条件参考表(XLSX)。等高線・側面仕上げ条件（ap/ae表記あり）。
NS TOOL,MHR230R,無限コーティング 2枚刃ロングネックラジアスエンドミル MHR230R,RADIUS,MHR230R φ0.2x0.5 R0.05,0.2,R0.05,0.5,銅・アルミニウム合金,,Copper / aluminum alloys,30000,250.0,0.012,0.05,https://www.ns-tool.com/ja/products/webcatalog/data/MHR230R/MHR230R_S.xlsx,,日進工具 公式切削条件参考表(XLSX)。等高線・側面仕上げ条件（ap/ae表記あり）。
NS TOOL,MHR230R,無限コーティング 2枚刃ロングネックラジアスエンドミル MHR230R,RADIUS,MHR230R φ0.2x1 R0.05,0.2,R0.05,1.0,S50C/NAK55/NAK80/HPM1,~43HRC,Carbon / prehardened steels,30000,150.0,0.007,0.05,https://www.ns-tool.com/ja/products/webcatalog/data/MHR230R/MHR230R_S.xlsx,,日進工具 公式切削条件参考表(XLSX)。等高線・側面仕上げ条件（ap/ae表記あり）。
NS TOOL,MHR230R,無限コーティング 2枚刃ロングネックラジアスエンドミル MHR230R,RADIUS,MHR230R φ0.2x1 R0.05,0.2,R0.05,1.0,HPM38/STAVAX/SKD61,~55HRC,Hardened steels,30000,100.0,0.003,0.04,https://www.ns-tool.com/ja/products/webcatalog/data/MHR230R/MHR230R_S.xlsx,,日進工具 公式切削条件参考表(XLSX)。等高線・側面仕上げ条件（ap/ae表記あり）。
NS TOOL,MHR230R,無限コーティング 2枚刃ロングネックラジアスエンドミル MHR230R,RADIUS,MHR230R φ0.2x1 R0.05,0.2,R0.05,1.0,銅・アルミニウム合金,,Copper / aluminum alloys,30000,200.0,0.008,0.05,https://www.ns-tool.com/ja/products/webcatalog/data/MHR230R/MHR230R_S.xlsx,,日進工具 公式切削条件参考表(XLSX)。等高線・側面仕上げ条件（ap/ae表記あり）。
NS TOOL,MHR230R,無限コーティング 2枚刃ロングネックラジアスエンドミル MHR230R,RADIUS,MHR230R φ0.2x1.5 R0.05,0.2,R0.05,1.5,S50C/NAK55/NAK80/HPM1,~43HRC,Carbon / prehardened steels,30000,100.0,0.005,0.05,https://www.ns-tool.com/ja/products/webcatalog/data/MHR230R/MHR230R_S.xlsx,,日進工具 公式切削条件参考表(XLSX)。等高線・側面仕上げ条件（ap/ae表記あり）。
NS TOOL,MHR230R,無限コーティング 2枚刃ロングネックラジアスエンドミル MHR230R,RADIUS,MHR230R φ0.2x1.5 R0.05,0.2,R0.05,1.5,HPM38/STAVAX/SKD61,~55HRC,Hardened steels,30000,80.0,0.002,0.04,https://www.ns-tool.com/ja/products/webcatalog/data/MHR230R/MHR230R_S.xlsx,,日進工具 公式切削条件参考表(XLSX)。等高線・側面仕上げ条件（ap/ae表記あり）。
NS TOOL,MHR230R,無限コーティング 2枚刃ロングネックラジアスエンドミル MHR230R,RADIUS,MHR230R φ0.2x1.5 R0.05,0.2,R0.05,1.5,銅・アルミニウム合金,,Copper / aluminum alloys,30000,135.0,0.006,0.05,https://www.ns-tool.com/ja/products/webcatalog/data/MHR230R/MHR230R_S.xlsx,,日進工具 公式切削条件参考表(XLSX)。等高線・側面仕上げ条件（ap/ae表記あり）。
NS TOOL,MHR230R,無限コーティング 2枚刃ロングネックラジアスエンドミル MHR230R,RADIUS,MHR230R φ0.2x2 R0.05,0.2,R0.05,2.0,S50C/NAK55/NAK80/HPM1,~43HRC,Carbon / prehardened steels,30000,50.0,0.003,0.05,https://www.ns-tool.com/ja/products/webcatalog/data/MHR230R/MHR230R_S.xlsx,,日進工具 公式切削条件参考表(XLSX)。等高線・側面仕上げ条件（ap/ae表記あり）。
NS TOOL,MHR230R,無限コーティング 2枚刃ロングネックラジアスエンドミル MHR230R,RADIUS,MHR230R φ0.2x2 R0.05,0.2,R0.05,2.0,HPM38/STAVAX/SKD61,~55HRC,Hardened steels,30000,50.0,0.002,0.04,https://www.ns-tool.com/ja/products/webcatalog/data/MHR230R/MHR230R_S.xlsx,,日進工具 公式切削条件参考表(XLSX)。等高線・側面仕上げ条件（ap/ae表記あり）。
NS TOOL,MHR230R,無限コーティング 2枚刃ロングネックラジアスエンドミル MHR230R,RADIUS,MHR230R φ0.2x2 R0.05,0.2,R0.05,2.0,銅・アルミニウム合金,,Copper / aluminum alloys,30000,75.0,0.004,0.05,https://www.ns-tool.com/ja/products/webcatalog/data/MHR230R/MHR230R_S.xlsx,,日進工具 公式切削条件参考表(XLSX)。等高線・側面仕上げ条件（ap/ae表記あり）。
NS TOOL,MHR230R,無限コーティング 2枚刃ロングネックラジアスエンドミル MHR230R,RADIUS,MHR230R φ0.3x1 R0.05,0.3,R0.05,1.0,S50C/NAK55/NAK80/HPM1,~43HRC,Carbon / prehardened steels,30000,200.0,0.02,0.1,https://www.ns-tool.com/ja/products/webcatalog/data/MHR230R/MHR230R_S.xlsx,,日進工具 公式切削条件参考表(XLSX)。等高線・側面仕上げ条件（ap/ae表記あり）。
NS TOOL,MHR230R,無限コーティング 2枚刃ロングネックラジアスエンドミル MHR230R,RADIUS,MHR230R φ0.3x1 R0.05,0.3,R0.05,1.0,HPM38/STAVAX/SKD61,~55HRC,Hardened steels,30000,180.0,0.003,0.08,https://www.ns-tool.com/ja/products/webcatalog/data/MHR230R/MHR230R_S.xlsx,,日進工具 公式切削条件参考表(XLSX)。等高線・側面仕上げ条件（ap/ae表記あり）。
NS TOOL,MHR230R,無限コーティング 2枚刃ロングネックラジアスエンドミル MHR230R,RADIUS,MHR230R φ0.3x1 R0.05,0.3,R0.05,1.0,銅・アルミニウム合金,,Copper / aluminum alloys,30000,300.0,0.024,0.1,https://www.ns-tool.com/ja/products/webcatalog/data/MHR230R/MHR230R_S.xlsx,,日進工具 公式切削条件参考表(XLSX)。等高線・側面仕上げ条件（ap/ae表記あり）。
NS TOOL,MHR230R,無限コーティング 2枚刃ロングネックラジアスエンドミル MHR230R,RADIUS,MHR230R φ0.3x1.5 R0.05,0.3,R0.05,1.5,S50C/NAK55/NAK80/HPM1,~43HRC,Carbon / prehardened steels,30000,180.0,0.015,0.1,https://www.ns-tool.com/ja/products/webcatalog/data/MHR230R/MHR230R_S.xlsx,,日進工具 公式切削条件参考表(XLSX)。等高線・側面仕上げ条件（ap/ae表記あり）。
NS TOOL,MHR230R,無限コーティング 2枚刃ロングネックラジアスエンドミル MHR230R,RADIUS,MHR230R φ0.3x1.5 R0.05,0.3,R0.05,1.5,HPM38/STAVAX/SKD61,~55HRC,Hardened steels,30000,130.0,0.003,0.08,https://www.ns-tool.com/ja/products/webcatalog/data/MHR230R/MHR230R_S.xlsx,,日進工具 公式切削条件参考表(XLSX)。等高線・側面仕上げ条件（ap/ae表記あり）。
NS TOOL,MHR230R,無限コーティング 2枚刃ロングネックラジアスエンドミル MHR230R,RADIUS,MHR230R φ0.3x1.5 R0.05,0.3,R0.05,1.5,銅・アルミニウム合金,,Copper / aluminum alloys,30000,260.0,0.018,0.1,https://www.ns-tool.com/ja/products/webcatalog/data/MHR230R/MHR230R_S.xlsx,,日進工具 公式切削条件参考表(XLSX)。等高線・側面仕上げ条件（ap/ae表記あり）。
NS TOOL,MHR230R,無限コーティング 2枚刃ロングネックラジアスエンドミル MHR230R,RADIUS,MHR230R φ0.3x2 R0.05,0.3,R0.05,2.0,S50C/NAK55/NAK80/HPM1,~43HRC,Carbon / prehardened steels,30000,150.0,0.01,0.1,https://www.ns-tool.com/ja/products/webcatalog/data/MHR230R/MHR230R_S.xlsx,,日進工具 公式切削条件参考表(XLSX)。等高線・側面仕上げ条件（ap/ae表記あり）。
NS TOOL,MHR230R,無限コーティング 2枚刃ロングネックラジアスエンドミル MHR230R,RADIUS,MHR230R φ0.3x2 R0.05,0.3,R0.05,2.0,HPM38/STAVAX/SKD61,~55HRC,Hardened steels,30000,100.0,0.003,0.08,https://www.ns-tool.com/ja/products/webcatalog/data/MHR230R/MHR230R_S.xlsx,,日進工具 公式切削条件参考表(XLSX)。等高線・側面仕上げ条件（ap/ae表記あり）。
NS TOOL,MHR230R,無限コーティング 2枚刃ロングネックラジアスエンドミル MHR230R,RADIUS,MHR230R φ0.3x2 R0.05,0.3,R0.05,2.0,銅・アルミニウム合金,,Copper / aluminum alloys,30000,250.0,0.012,0.1,https://www.ns-tool.com/ja/products/webcatalog/data/MHR230R/MHR230R_S.xlsx,,日進工具 公式切削条件参考表(XLSX)。等高線・側面仕上げ条件（ap/ae表記あり）。
NS TOOL,MHR230R,無限コーティング 2枚刃ロングネックラジアスエンドミル MHR230R,RADIUS,MHR230R φ0.3x2.5 R0.05,0.3,R0.05,2.5,S50C/NAK55/NAK80/HPM1,~43HRC,Carbon / prehardened steels,30000,120.0,0.007,0.1,https://www.ns-tool.com/ja/products/webcatalog/data/MHR230R/MHR230R_S.xlsx,,日進工具 公式切削条件参考表(XLSX)。等高線・側面仕上げ条件（ap/ae表記あり）。
NS TOOL,MHR230R,無限コーティング 2枚刃ロングネックラジアスエンドミル MHR230R,RADIUS,MHR230R φ0.3x2.5 R0.05,0.3,R0.05,2.5,HPM38/STAVAX/SKD61,~55HRC,Hardened steels,25000,80.0,0.002,0.08,https://www.ns-tool.com/ja/products/webcatalog/data/MHR230R/MHR230R_S.xlsx,,日進工具 公式切削条件参考表(XLSX)。等高線・側面仕上げ条件（ap/ae表記あり）。
NS TOOL,MHR230R,無限コーティング 2枚刃ロングネックラジアスエンドミル MHR230R,RADIUS,MHR230R φ0.3x2.5 R0.05,0.3,R0.05,2.5,銅・アルミニウム合金,,Copper / aluminum alloys,30000,240.0,0.008,0.1,https://www.ns-tool.com/ja/products/webcatalog/data/MHR230R/MHR230R_S.xlsx,,日進工具 公式切削条件参考表(XLSX)。等高線・側面仕上げ条件（ap/ae表記あり）。
NS TOOL,MHR230R,無限コーティング 2枚刃ロングネックラジアスエンドミル MHR230R,RADIUS,MHR230R φ0.3x3 R0.05,0.3,R0.05,3.0,S50C/NAK55/NAK80/HPM1,~43HRC,Carbon / prehardened steels,30000,100.0,0.005,0.1,https://www.ns-tool.com/ja/products/webcatalog/data/MHR230R/MHR230R_S.xlsx,,日進工具 公式切削条件参考表(XLSX)。等高線・側面仕上げ条件（ap/ae表記あり）。
NS TOOL,MHR230R,無限コーティング 2枚刃ロングネックラジアスエンドミル MHR230R,RADIUS,MHR230R φ0.3x3 R0.05,0.3,R0.05,3.0,HPM38/STAVAX/SKD61,~55HRC,Hardened steels,25000,50.0,0.002,0.08,https://www.ns-tool.com/ja/products/webcatalog/data/MHR230R/MHR230R_S.xlsx,,日進工具 公式切削条件参考表(XLSX)。等高線・側面仕上げ条件（ap/ae表記あり）。
NS TOOL,MHR230R,無限コーティング 2枚刃ロングネックラジアスエンドミル MHR230R,RADIUS,MHR230R φ0.3x3 R0.05,0.3,R0.05,3.0,銅・アルミニウム合金,,Copper / aluminum alloys,30000,220.0,0.006,0.1,https://www.ns-tool.com/ja/products/webcatalog/data/MHR230R/MHR230R_S.xlsx,,日進工具 公式切削条件参考表(XLSX)。等高線・側面仕上げ条件（ap/ae表記あり）。
NS TOOL,MHR230R,無限コーティング 2枚刃ロングネックラジアスエンドミル MHR230R,RADIUS,MHR230R φ0.4x1,0.4,-,1.0,S50C/NAK55/NAK80/HPM1,~43HRC,Carbon / prehardened steels,30000,350.0,0.025,0.12,https://www.ns-tool.com/ja/products/webcatalog/data/MHR230R/MHR230R_S.xlsx,,日進工具 公式切削条件参考表(XLSX)。等高線・側面仕上げ条件（ap/ae表記あり）。
NS TOOL,MHR230R,無限コーティング 2枚刃ロングネックラジアスエンドミル MHR230R,RADIUS,MHR230R φ0.4x1,0.4,-,1.0,HPM38/STAVAX/SKD61,~55HRC,Hardened steels,30000,300.0,0.005,0.1,https://www.ns-tool.com/ja/products/webcatalog/data/MHR230R/MHR230R_S.xlsx,,日進工具 公式切削条件参考表(XLSX)。等高線・側面仕上げ条件（ap/ae表記あり）。
NS TOOL,MHR230R,無限コーティング 2枚刃ロングネックラジアスエンドミル MHR230R,RADIUS,MHR230R φ0.4x1,0.4,-,1.0,銅・アルミニウム合金,,Copper / aluminum alloys,30000,450.0,0.03,0.12,https://www.ns-tool.com/ja/products/webcatalog/data/MHR230R/MHR230R_S.xlsx,,日進工具 公式切削条件参考表(XLSX)。等高線・側面仕上げ条件（ap/ae表記あり）。
NS TOOL,MHR230R,無限コーティング 2枚刃ロングネックラジアスエンドミル MHR230R,RADIUS,MHR230R φ0.4x1.5,0.4,-,1.5,S50C/NAK55/NAK80/HPM1,~43HRC,Carbon / prehardened steels,30000,300.0,0.022,0.12,https://www.ns-tool.com/ja/products/webcatalog/data/MHR230R/MHR230R_S.xlsx,,日進工具 公式切削条件参考表(XLSX)。等高線・側面仕上げ条件（ap/ae表記あり）。
NS TOOL,MHR230R,無限コーティング 2枚刃ロングネックラジアスエンドミル MHR230R,RADIUS,MHR230R φ0.4x1.5,0.4,-,1.5,HPM38/STAVAX/SKD61,~55HRC,Hardened steels,30000,270.0,0.005,0.1,https://www.ns-tool.com/ja/products/webcatalog/data/MHR230R/MHR230R_S.xlsx,,日進工具 公式切削条件参考表(XLSX)。等高線・側面仕上げ条件（ap/ae表記あり）。
NS TOOL,MHR230R,無限コーティング 2枚刃ロングネックラジアスエンドミル MHR230R,RADIUS,MHR230R φ0.4x1.5,0.4,-,1.5,銅・アルミニウム合金,,Copper / aluminum alloys,30000,400.0,0.027,0.12,https://www.ns-tool.com/ja/products/webcatalog/data/MHR230R/MHR230R_S.xlsx,,日進工具 公式切削条件参考表(XLSX)。等高線・側面仕上げ条件（ap/ae表記あり）。
NS TOOL,MHR230R,無限コーティング 2枚刃ロングネックラジアスエンドミル MHR230R,RADIUS,MHR230R φ0.4x2,0.4,-,2.0,S50C/NAK55/NAK80/HPM1,~43HRC,Carbon / prehardened steels,30000,250.0,0.02,0.12,https://www.ns-tool.com/ja/products/webcatalog/data/MHR230R/MHR230R_S.xlsx,,日進工具 公式切削条件参考表(XLSX)。等高線・側面仕上げ条件（ap/ae表記あり）。
NS TOOL,MHR230R,無限コーティング 2枚刃ロングネックラジアスエンドミル MHR230R,RADIUS,MHR230R φ0.4x2,0.4,-,2.0,HPM38/STAVAX/SKD61,~55HRC,Hardened steels,25000,180.0,0.005,0.1,https://www.ns-tool.com/ja/products/webcatalog/data/MHR230R/MHR230R_S.xlsx,,日進工具 公式切削条件参考表(XLSX)。等高線・側面仕上げ条件（ap/ae表記あり）。
NS TOOL,MHR230R,無限コーティング 2枚刃ロングネックラジアスエンドミル MHR230R,RADIUS,MHR230R φ0.4x2,0.4,-,2.0,銅・アルミニウム合金,,Copper / aluminum alloys,30000,360.0,0.024,0.12,https://www.ns-tool.com/ja/products/webcatalog/data/MHR230R/MHR230R_S.xlsx,,日進工具 公式切削条件参考表(XLSX)。等高線・側面仕上げ条件（ap/ae表記あり）。
NS TOOL,MHR230R,無限コーティング 2枚刃ロングネックラジアスエンドミル MHR230R,RADIUS,MHR230R φ0.4x3,0.4,-,3.0,S50C/NAK55/NAK80/HPM1,~43HRC,Carbon / prehardened steels,30000,220.0,0.015,0.12,https://www.ns-tool.com/ja/products/webcatalog/data/MHR230R/MHR230R_S.xlsx,,日進工具 公式切削条件参考表(XLSX)。等高線・側面仕上げ条件（ap/ae表記あり）。
NS TOOL,MHR230R,無限コーティング 2枚刃ロングネックラジアスエンドミル MHR230R,RADIUS,MHR230R φ0.4x3,0.4,-,3.0,HPM38/STAVAX/SKD61,~55HRC,Hardened steels,25000,150.0,0.004,0.1,https://www.ns-tool.com/ja/products/webcatalog/data/MHR230R/MHR230R_S.xlsx,,日進工具 公式切削条件参考表(XLSX)。等高線・側面仕上げ条件（ap/ae表記あり）。
NS TOOL,MHR230R,無限コーティング 2枚刃ロングネックラジアスエンドミル MHR230R,RADIUS,MHR230R φ0.4x3,0.4,-,3.0,銅・アルミニウム合金,,Copper / aluminum alloys,30000,300.0,0.018,0.12,https://www.ns-tool.com/ja/products/webcatalog/data/MHR230R/MHR230R_S.xlsx,,日進工具 公式切削条件参考表(XLSX)。等高線・側面仕上げ条件（ap/ae表記あり）。
NS TOOL,MHR230R,無限コーティング 2枚刃ロングネックラジアスエンドミル MHR230R,RADIUS,MHR230R φ0.4x4,0.4,-,4.0,S50C/NAK55/NAK80/HPM1,~43HRC,Carbon / prehardened steels,25000,160.0,0.01,0.12,https://www.ns-tool.com/ja/products/webcatalog/data/MHR230R/MHR230R_S.xlsx,,日進工具 公式切削条件参考表(XLSX)。等高線・側面仕上げ条件（ap/ae表記あり）。
NS TOOL,MHR230R,無限コーティング 2枚刃ロングネックラジアスエンドミル MHR230R,RADIUS,MHR230R φ0.4x4,0.4,-,4.0,HPM38/STAVAX/SKD61,~55HRC,Hardened steels,20000,100.0,0.003,0.1,https://www.ns-tool.com/ja/products/webcatalog/data/MHR230R/MHR230R_S.xlsx,,日進工具 公式切削条件参考表(XLSX)。等高線・側面仕上げ条件（ap/ae表記あり）。
NS TOOL,MHR230R,無限コーティング 2枚刃ロングネックラジアスエンドミル MHR230R,RADIUS,MHR230R φ0.4x4,0.4,-,4.0,銅・アルミニウム合金,,Copper / aluminum alloys,30000,240.0,0.012,0.12,https://www.ns-tool.com/ja/products/webcatalog/data/MHR230R/MHR230R_S.xlsx,,日進工具 公式切削条件参考表(XLSX)。等高線・側面仕上げ条件（ap/ae表記あり）。
NS TOOL,MHR230R,無限コーティング 2枚刃ロングネックラジアスエンドミル MHR230R,RADIUS,MHR230R φ0.5x1,0.5,-,1.0,S50C/NAK55/NAK80/HPM1,~43HRC,Carbon / prehardened steels,30000,500.0,0.03,0.14,https://www.ns-tool.com/ja/products/webcatalog/data/MHR230R/MHR230R_S.xlsx,,日進工具 公式切削条件参考表(XLSX)。等高線・側面仕上げ条件（ap/ae表記あり）。
NS TOOL,MHR230R,無限コーティング 2枚刃ロングネックラジアスエンドミル MHR230R,RADIUS,MHR230R φ0.5x1,0.5,-,1.0,HPM38/STAVAX/SKD61,~55HRC,Hardened steels,25000,400.0,0.01,0.12,https://www.ns-tool.com/ja/products/webcatalog/data/MHR230R/MHR230R_S.xlsx,,日進工具 公式切削条件参考表(XLSX)。等高線・側面仕上げ条件（ap/ae表記あり）。
NS TOOL,MHR230R,無限コーティング 2枚刃ロングネックラジアスエンドミル MHR230R,RADIUS,MHR230R φ0.5x1,0.5,-,1.0,銅・アルミニウム合金,,Copper / aluminum alloys,30000,650.0,0.036,0.14,https://www.ns-tool.com/ja/products/webcatalog/data/MHR230R/MHR230R_S.xlsx,,日進工具 公式切削条件参考表(XLSX)。等高線・側面仕上げ条件（ap/ae表記あり）。
NS TOOL,MHR230R,無限コーティング 2枚刃ロングネックラジアスエンドミル MHR230R,RADIUS,MHR230R φ0.5x2,0.5,-,2.0,S50C/NAK55/NAK80/HPM1,~43HRC,Carbon / prehardened steels,30000,400.0,0.025,0.14,https://www.ns-tool.com/ja/products/webcatalog/data/MHR230R/MHR230R_S.xlsx,,日進工具 公式切削条件参考表(XLSX)。等高線・側面仕上げ条件（ap/ae表記あり）。
NS TOOL,MHR230R,無限コーティング 2枚刃ロングネックラジアスエンドミル MHR230R,RADIUS,MHR230R φ0.5x2,0.5,-,2.0,HPM38/STAVAX/SKD61,~55HRC,Hardened steels,25000,300.0,0.01,0.12,https://www.ns-tool.com/ja/products/webcatalog/data/MHR230R/MHR230R_S.xlsx,,日進工具 公式切削条件参考表(XLSX)。等高線・側面仕上げ条件（ap/ae表記あり）。
NS TOOL,MHR230R,無限コーティング 2枚刃ロングネックラジアスエンドミル MHR230R,RADIUS,MHR230R φ0.5x2,0.5,-,2.0,銅・アルミニウム合金,,Copper / aluminum alloys,30000,600.0,0.03,0.14,https://www.ns-tool.com/ja/products/webcatalog/data/MHR230R/MHR230R_S.xlsx,,日進工具 公式切削条件参考表(XLSX)。等高線・側面仕上げ条件（ap/ae表記あり）。
NS TOOL,MHR230R,無限コーティング 2枚刃ロングネックラジアスエンドミル MHR230R,RADIUS,MHR230R φ0.5x3,0.5,-,3.0,S50C/NAK55/NAK80/HPM1,~43HRC,Carbon / prehardened steels,30000,340.0,0.02,0.14,https://www.ns-tool.com/ja/products/webcatalog/data/MHR230R/MHR230R_S.xlsx,,日進工具 公式切削条件参考表(XLSX)。等高線・側面仕上げ条件（ap/ae表記あり）。
NS TOOL,MHR230R,無限コーティング 2枚刃ロングネックラジアスエンドミル MHR230R,RADIUS,MHR230R φ0.5x3,0.5,-,3.0,HPM38/STAVAX/SKD61,~55HRC,Hardened steels,25000,250.0,0.008,0.12,https://www.ns-tool.com/ja/products/webcatalog/data/MHR230R/MHR230R_S.xlsx,,日進工具 公式切削条件参考表(XLSX)。等高線・側面仕上げ条件（ap/ae表記あり）。
NS TOOL,MHR230R,無限コーティング 2枚刃ロングネックラジアスエンドミル MHR230R,RADIUS,MHR230R φ0.5x3,0.5,-,3.0,銅・アルミニウム合金,,Copper / aluminum alloys,30000,480.0,0.024,0.14,https://www.ns-tool.com/ja/products/webcatalog/data/MHR230R/MHR230R_S.xlsx,,日進工具 公式切削条件参考表(XLSX)。等高線・側面仕上げ条件（ap/ae表記あり）。
NS TOOL,MHR230R,無限コーティング 2枚刃ロングネックラジアスエンドミル MHR230R,RADIUS,MHR230R φ0.5x4,0.5,-,4.0,S50C/NAK55/NAK80/HPM1,~43HRC,Carbon / prehardened steels,25000,280.0,0.015,0.14,https://www.ns-tool.com/ja/products/webcatalog/data/MHR230R/MHR230R_S.xlsx,,日進工具 公式切削条件参考表(XLSX)。等高線・側面仕上げ条件（ap/ae表記あり）。
NS TOOL,MHR230R,無限コーティング 2枚刃ロングネックラジアスエンドミル MHR230R,RADIUS,MHR230R φ0.5x4,0.5,-,4.0,HPM38/STAVAX/SKD61,~55HRC,Hardened steels,20000,180.0,0.005,0.12,https://www.ns-tool.com/ja/products/webcatalog/data/MHR230R/MHR230R_S.xlsx,,日進工具 公式切削条件参考表(XLSX)。等高線・側面仕上げ条件（ap/ae表記あり）。
NS TOOL,MHR230R,無限コーティング 2枚刃ロングネックラジアスエンドミル MHR230R,RADIUS,MHR230R φ0.5x4,0.5,-,4.0,銅・アルミニウム合金,,Copper / aluminum alloys,30000,430.0,0.018,0.14,https://www.ns-tool.com/ja/products/webcatalog/data/MHR230R/MHR230R_S.xlsx,,日進工具 公式切削条件参考表(XLSX)。等高線・側面仕上げ条件（ap/ae表記あり）。
NS TOOL,MHR230R,無限コーティング 2枚刃ロングネックラジアスエンドミル MHR230R,RADIUS,MHR230R φ0.5x5,0.5,-,5.0,S50C/NAK55/NAK80/HPM1,~43HRC,Carbon / prehardened steels,25000,230.0,0.01,0.14,https://www.ns-tool.com/ja/products/webcatalog/data/MHR230R/MHR230R_S.xlsx,,日進工具 公式切削条件参考表(XLSX)。等高線・側面仕上げ条件（ap/ae表記あり）。
NS TOOL,MHR230R,無限コーティング 2枚刃ロングネックラジアスエンドミル MHR230R,RADIUS,MHR230R φ0.5x5,0.5,-,5.0,HPM38/STAVAX/SKD61,~55HRC,Hardened steels,20000,150.0,0.004,0.12,https://www.ns-tool.com/ja/products/webcatalog/data/MHR230R/MHR230R_S.xlsx,,日進工具 公式切削条件参考表(XLSX)。等高線・側面仕上げ条件（ap/ae表記あり）。
NS TOOL,MHR230R,無限コーティング 2枚刃ロングネックラジアスエンドミル MHR230R,RADIUS,MHR230R φ0.5x5,0.5,-,5.0,銅・アルミニウム合金,,Copper / aluminum alloys,30000,360.0,0.012,0.14,https://www.ns-tool.com/ja/products/webcatalog/data/MHR230R/MHR230R_S.xlsx,,日進工具 公式切削条件参考表(XLSX)。等高線・側面仕上げ条件（ap/ae表記あり）。
NS TOOL,MHR230R,無限コーティング 2枚刃ロングネックラジアスエンドミル MHR230R,RADIUS,MHR230R φ0.5x6,0.5,-,6.0,S50C/NAK55/NAK80/HPM1,~43HRC,Carbon / prehardened steels,20000,180.0,0.008,0.14,https://www.ns-tool.com/ja/products/webcatalog/data/MHR230R/MHR230R_S.xlsx,,日進工具 公式切削条件参考表(XLSX)。等高線・側面仕上げ条件（ap/ae表記あり）。
NS TOOL,MHR230R,無限コーティング 2枚刃ロングネックラジアスエンドミル MHR230R,RADIUS,MHR230R φ0.5x6,0.5,-,6.0,HPM38/STAVAX/SKD61,~55HRC,Hardened steels,16000,100.0,0.003,0.12,https://www.ns-tool.com/ja/products/webcatalog/data/MHR230R/MHR230R_S.xlsx,,日進工具 公式切削条件参考表(XLSX)。等高線・側面仕上げ条件（ap/ae表記あり）。
NS TOOL,MHR230R,無限コーティング 2枚刃ロングネックラジアスエンドミル MHR230R,RADIUS,MHR230R φ0.5x6,0.5,-,6.0,銅・アルミニウム合金,,Copper / aluminum alloys,25000,270.0,0.01,0.14,https://www.ns-tool.com/ja/products/webcatalog/data/MHR230R/MHR230R_S.xlsx,,日進工具 公式切削条件参考表(XLSX)。等高線・側面仕上げ条件（ap/ae表記あり）。
NS TOOL,MHR230R,無限コーティング 2枚刃ロングネックラジアスエンドミル MHR230R,RADIUS,MHR230R φ0.6x2,0.6,-,2.0,S50C/NAK55/NAK80/HPM1,~43HRC,Carbon / prehardened steels,30000,600.0,0.035,0.16,https://www.ns-tool.com/ja/products/webcatalog/data/MHR230R/MHR230R_S.xlsx,,日進工具 公式切削条件参考表(XLSX)。等高線・側面仕上げ条件（ap/ae表記あり）。
NS TOOL,MHR230R,無限コーティング 2枚刃ロングネックラジアスエンドミル MHR230R,RADIUS,MHR230R φ0.6x2,0.6,-,2.0,HPM38/STAVAX/SKD61,~55HRC,Hardened steels,25000,400.0,0.02,0.13,https://www.ns-tool.com/ja/products/webcatalog/data/MHR230R/MHR230R_S.xlsx,,日進工具 公式切削条件参考表(XLSX)。等高線・側面仕上げ条件（ap/ae表記あり）。
NS TOOL,MHR230R,無限コーティング 2枚刃ロングネックラジアスエンドミル MHR230R,RADIUS,MHR230R φ0.6x2,0.6,-,2.0,銅・アルミニウム合金,,Copper / aluminum alloys,30000,800.0,0.04,0.16,https://www.ns-tool.com/ja/products/webcatalog/data/MHR230R/MHR230R_S.xlsx,,日進工具 公式切削条件参考表(XLSX)。等高線・側面仕上げ条件（ap/ae表記あり）。
NS TOOL,MHR230R,無限コーティング 2枚刃ロングネックラジアスエンドミル MHR230R,RADIUS,MHR230R φ0.6x3,0.6,-,3.0,S50C/NAK55/NAK80/HPM1,~43HRC,Carbon / prehardened steels,30000,500.0,0.03,0.16,https://www.ns-tool.com/ja/products/webcatalog/data/MHR230R/MHR230R_S.xlsx,,日進工具 公式切削条件参考表(XLSX)。等高線・側面仕上げ条件（ap/ae表記あり）。
NS TOOL,MHR230R,無限コーティング 2枚刃ロングネックラジアスエンドミル MHR230R,RADIUS,MHR230R φ0.6x3,0.6,-,3.0,HPM38/STAVAX/SKD61,~55HRC,Hardened steels,25000,350.0,0.015,0.13,https://www.ns-tool.com/ja/products/webcatalog/data/MHR230R/MHR230R_S.xlsx,,日進工具 公式切削条件参考表(XLSX)。等高線・側面仕上げ条件（ap/ae表記あり）。
NS TOOL,MHR230R,無限コーティング 2枚刃ロングネックラジアスエンドミル MHR230R,RADIUS,MHR230R φ0.6x3,0.6,-,3.0,銅・アルミニウム合金,,Copper / aluminum alloys,30000,750.0,0.035,0.16,https://www.ns-tool.com/ja/products/webcatalog/data/MHR230R/MHR230R_S.xlsx,,日進工具 公式切削条件参考表(XLSX)。等高線・側面仕上げ条件（ap/ae表記あり）。
NS TOOL,MHR230R,無限コーティング 2枚刃ロングネックラジアスエンドミル MHR230R,RADIUS,MHR230R φ0.6x4,0.6,-,4.0,S50C/NAK55/NAK80/HPM1,~43HRC,Carbon / prehardened steels,25000,400.0,0.025,0.16,https://www.ns-tool.com/ja/products/webcatalog/data/MHR230R/MHR230R_S.xlsx,,日進工具 公式切削条件参考表(XLSX)。等高線・側面仕上げ条件（ap/ae表記あり）。
NS TOOL,MHR230R,無限コーティング 2枚刃ロングネックラジアスエンドミル MHR230R,RADIUS,MHR230R φ0.6x4,0.6,-,4.0,HPM38/STAVAX/SKD61,~55HRC,Hardened steels,20000,250.0,0.015,0.13,https://www.ns-tool.com/ja/products/webcatalog/data/MHR230R/MHR230R_S.xlsx,,日進工具 公式切削条件参考表(XLSX)。等高線・側面仕上げ条件（ap/ae表記あり）。
NS TOOL,MHR230R,無限コーティング 2枚刃ロングネックラジアスエンドミル MHR230R,RADIUS,MHR230R φ0.6x4,0.6,-,4.0,銅・アルミニウム合金,,Copper / aluminum alloys,30000,650.0,0.03,0.16,https://www.ns-tool.com/ja/products/webcatalog/data/MHR230R/MHR230R_S.xlsx,,日進工具 公式切削条件参考表(XLSX)。等高線・側面仕上げ条件（ap/ae表記あり）。
NS TOOL,MHR230R,無限コーティング 2枚刃ロングネックラジアスエンドミル MHR230R,RADIUS,MHR230R φ0.6x6,0.6,-,6.0,S50C/NAK55/NAK80/HPM1,~43HRC,Carbon / prehardened steels,20000,250.0,0.015,0.16,https://www.ns-tool.com/ja/products/webcatalog/data/MHR230R/MHR230R_S.xlsx,,日進工具 公式切削条件参考表(XLSX)。等高線・側面仕上げ条件（ap/ae表記あり）。
NS TOOL,MHR230R,無限コーティング 2枚刃ロングネックラジアスエンドミル MHR230R,RADIUS,MHR230R φ0.6x6,0.6,-,6.0,HPM38/STAVAX/SKD61,~55HRC,Hardened steels,16000,150.0,0.008,0.13,https://www.ns-tool.com/ja/products/webcatalog/data/MHR230R/MHR230R_S.xlsx,,日進工具 公式切削条件参考表(XLSX)。等高線・側面仕上げ条件（ap/ae表記あり）。
NS TOOL,MHR230R,無限コーティング 2枚刃ロングネックラジアスエンドミル MHR230R,RADIUS,MHR230R φ0.6x6,0.6,-,6.0,銅・アルミニウム合金,,Copper / aluminum alloys,25000,400.0,0.018,0.16,https://www.ns-tool.com/ja/products/webcatalog/data/MHR230R/MHR230R_S.xlsx,,日進工具 公式切削条件参考表(XLSX)。等高線・側面仕上げ条件（ap/ae表記あり）。
NS TOOL,MHR230R,無限コーティング 2枚刃ロングネックラジアスエンドミル MHR230R,RADIUS,MHR230R φ0.6x8,0.6,-,8.0,S50C/NAK55/NAK80/HPM1,~43HRC,Carbon / prehardened steels,18000,180.0,0.01,0.16,https://www.ns-tool.com/ja/products/webcatalog/data/MHR230R/MHR230R_S.xlsx,,日進工具 公式切削条件参考表(XLSX)。等高線・側面仕上げ条件（ap/ae表記あり）。
NS TOOL,MHR230R,無限コーティング 2枚刃ロングネックラジアスエンドミル MHR230R,RADIUS,MHR230R φ0.6x8,0.6,-,8.0,HPM38/STAVAX/SKD61,~55HRC,Hardened steels,14000,100.0,0.005,0.13,https://www.ns-tool.com/ja/products/webcatalog/data/MHR230R/MHR230R_S.xlsx,,日進工具 公式切削条件参考表(XLSX)。等高線・側面仕上げ条件（ap/ae表記あり）。
NS TOOL,MHR230R,無限コーティング 2枚刃ロングネックラジアスエンドミル MHR230R,RADIUS,MHR230R φ0.6x8,0.6,-,8.0,銅・アルミニウム合金,,Copper / aluminum alloys,20000,300.0,0.012,0.16,https://www.ns-tool.com/ja/products/webcatalog/data/MHR230R/MHR230R_S.xlsx,,日進工具 公式切削条件参考表(XLSX)。等高線・側面仕上げ条件（ap/ae表記あり）。
NS TOOL,MHR230R,無限コーティング 2枚刃ロングネックラジアスエンドミル MHR230R,RADIUS,MHR230R φ0.7x4,0.7,-,4.0,S50C/NAK55/NAK80/HPM1,~43HRC,Carbon / prehardened steels,25000,600.0,0.03,0.2,https://www.ns-tool.com/ja/products/webcatalog/data/MHR230R/MHR230R_S.xlsx,,日進工具 公式切削条件参考表(XLSX)。等高線・側面仕上げ条件（ap/ae表記あり）。
NS TOOL,MHR230R,無限コーティング 2枚刃ロングネックラジアスエンドミル MHR230R,RADIUS,MHR230R φ0.7x4,0.7,-,4.0,HPM38/STAVAX/SKD61,~55HRC,Hardened steels,20000,400.0,0.02,0.16,https://www.ns-tool.com/ja/products/webcatalog/data/MHR230R/MHR230R_S.xlsx,,日進工具 公式切削条件参考表(XLSX)。等高線・側面仕上げ条件（ap/ae表記あり）。
NS TOOL,MHR230R,無限コーティング 2枚刃ロングネックラジアスエンドミル MHR230R,RADIUS,MHR230R φ0.7x4,0.7,-,4.0,銅・アルミニウム合金,,Copper / aluminum alloys,30000,1000.0,0.04,0.2,https://www.ns-tool.com/ja/products/webcatalog/data/MHR230R/MHR230R_S.xlsx,,日進工具 公式切削条件参考表(XLSX)。等高線・側面仕上げ条件（ap/ae表記あり）。
NS TOOL,MHR230R,無限コーティング 2枚刃ロングネックラジアスエンドミル MHR230R,RADIUS,MHR230R φ0.7x6,0.7,-,6.0,S50C/NAK55/NAK80/HPM1,~43HRC,Carbon / prehardened steels,20000,450.0,0.02,0.2,https://www.ns-tool.com/ja/products/webcatalog/data/MHR230R/MHR230R_S.xlsx,,日進工具 公式切削条件参考表(XLSX)。等高線・側面仕上げ条件（ap/ae表記あり）。
NS TOOL,MHR230R,無限コーティング 2枚刃ロングネックラジアスエンドミル MHR230R,RADIUS,MHR230R φ0.7x6,0.7,-,6.0,HPM38/STAVAX/SKD61,~55HRC,Hardened steels,16000,250.0,0.01,0.16,https://www.ns-tool.com/ja/products/webcatalog/data/MHR230R/MHR230R_S.xlsx,,日進工具 公式切削条件参考表(XLSX)。等高線・側面仕上げ条件（ap/ae表記あり）。
NS TOOL,MHR230R,無限コーティング 2枚刃ロングネックラジアスエンドミル MHR230R,RADIUS,MHR230R φ0.7x6,0.7,-,6.0,銅・アルミニウム合金,,Copper / aluminum alloys,25000,700.0,0.025,0.2,https://www.ns-tool.com/ja/products/webcatalog/data/MHR230R/MHR230R_S.xlsx,,日進工具 公式切削条件参考表(XLSX)。等高線・側面仕上げ条件（ap/ae表記あり）。
NS TOOL,MHR230R,無限コーティング 2枚刃ロングネックラジアスエンドミル MHR230R,RADIUS,MHR230R φ0.8x4,0.8,-,4.0,S50C/NAK55/NAK80/HPM1,~43HRC,Carbon / prehardened steels,25000,1000.0,0.045,0.25,https://www.ns-tool.com/ja/products/webcatalog/data/MHR230R/MHR230R_S.xlsx,,日進工具 公式切削条件参考表(XLSX)。等高線・側面仕上げ条件（ap/ae表記あり）。
NS TOOL,MHR230R,無限コーティング 2枚刃ロングネックラジアスエンドミル MHR230R,RADIUS,MHR230R φ0.8x4,0.8,-,4.0,HPM38/STAVAX/SKD61,~55HRC,Hardened steels,20000,600.0,0.025,0.2,https://www.ns-tool.com/ja/products/webcatalog/data/MHR230R/MHR230R_S.xlsx,,日進工具 公式切削条件参考表(XLSX)。等高線・側面仕上げ条件（ap/ae表記あり）。
NS TOOL,MHR230R,無限コーティング 2枚刃ロングネックラジアスエンドミル MHR230R,RADIUS,MHR230R φ0.8x4,0.8,-,4.0,銅・アルミニウム合金,,Copper / aluminum alloys,30000,1400.0,0.055,0.25,https://www.ns-tool.com/ja/products/webcatalog/data/MHR230R/MHR230R_S.xlsx,,日進工具 公式切削条件参考表(XLSX)。等高線・側面仕上げ条件（ap/ae表記あり）。
NS TOOL,MHR230R,無限コーティング 2枚刃ロングネックラジアスエンドミル MHR230R,RADIUS,MHR230R φ0.8x6,0.8,-,6.0,S50C/NAK55/NAK80/HPM1,~43HRC,Carbon / prehardened steels,20000,700.0,0.03,0.25,https://www.ns-tool.com/ja/products/webcatalog/data/MHR230R/MHR230R_S.xlsx,,日進工具 公式切削条件参考表(XLSX)。等高線・側面仕上げ条件（ap/ae表記あり）。
NS TOOL,MHR230R,無限コーティング 2枚刃ロングネックラジアスエンドミル MHR230R,RADIUS,MHR230R φ0.8x6,0.8,-,6.0,HPM38/STAVAX/SKD61,~55HRC,Hardened steels,16000,400.0,0.02,0.2,https://www.ns-tool.com/ja/products/webcatalog/data/MHR230R/MHR230R_S.xlsx,,日進工具 公式切削条件参考表(XLSX)。等高線・側面仕上げ条件（ap/ae表記あり）。
NS TOOL,MHR230R,無限コーティング 2枚刃ロングネックラジアスエンドミル MHR230R,RADIUS,MHR230R φ0.8x6,0.8,-,6.0,銅・アルミニウム合金,,Copper / aluminum alloys,25000,1000.0,0.04,0.25,https://www.ns-tool.com/ja/products/webcatalog/data/MHR230R/MHR230R_S.xlsx,,日進工具 公式切削条件参考表(XLSX)。等高線・側面仕上げ条件（ap/ae表記あり）。
NS TOOL,MHR230R,無限コーティング 2枚刃ロングネックラジアスエンドミル MHR230R,RADIUS,MHR230R φ0.8x8,0.8,-,8.0,S50C/NAK55/NAK80/HPM1,~43HRC,Carbon / prehardened steels,18000,400.0,0.02,0.25,https://www.ns-tool.com/ja/products/webcatalog/data/MHR230R/MHR230R_S.xlsx,,日進工具 公式切削条件参考表(XLSX)。等高線・側面仕上げ条件（ap/ae表記あり）。
NS TOOL,MHR230R,無限コーティング 2枚刃ロングネックラジアスエンドミル MHR230R,RADIUS,MHR230R φ0.8x8,0.8,-,8.0,HPM38/STAVAX/SKD61,~55HRC,Hardened steels,14000,250.0,0.01,0.2,https://www.ns-tool.com/ja/products/webcatalog/data/MHR230R/MHR230R_S.xlsx,,日進工具 公式切削条件参考表(XLSX)。等高線・側面仕上げ条件（ap/ae表記あり）。
NS TOOL,MHR230R,無限コーティング 2枚刃ロングネックラジアスエンドミル MHR230R,RADIUS,MHR230R φ0.8x8,0.8,-,8.0,銅・アルミニウム合金,,Copper / aluminum alloys,22000,600.0,0.025,0.25,https://www.ns-tool.com/ja/products/webcatalog/data/MHR230R/MHR230R_S.xlsx,,日進工具 公式切削条件参考表(XLSX)。等高線・側面仕上げ条件（ap/ae表記あり）。
NS TOOL,MHR230R,無限コーティング 2枚刃ロングネックラジアスエンドミル MHR230R,RADIUS,MHR230R φ0.9x4 R0.1,0.9,R0.1,4.0,S50C/NAK55/NAK80/HPM1,~43HRC,Carbon / prehardened steels,25000,1100.0,0.05,0.3,https://www.ns-tool.com/ja/products/webcatalog/data/MHR230R/MHR230R_S.xlsx,,日進工具 公式切削条件参考表(XLSX)。等高線・側面仕上げ条件（ap/ae表記あり）。
NS TOOL,MHR230R,無限コーティング 2枚刃ロングネックラジアスエンドミル MHR230R,RADIUS,MHR230R φ0.9x4 R0.1,0.9,R0.1,4.0,HPM38/STAVAX/SKD61,~55HRC,Hardened steels,20000,700.0,0.03,0.24,https://www.ns-tool.com/ja/products/webcatalog/data/MHR230R/MHR230R_S.xlsx,,日進工具 公式切削条件参考表(XLSX)。等高線・側面仕上げ条件（ap/ae表記あり）。
NS TOOL,MHR230R,無限コーティング 2枚刃ロングネックラジアスエンドミル MHR230R,RADIUS,MHR230R φ0.9x4 R0.1,0.9,R0.1,4.0,銅・アルミニウム合金,,Copper / aluminum alloys,30000,1500.0,0.06,0.3,https://www.ns-tool.com/ja/products/webcatalog/data/MHR230R/MHR230R_S.xlsx,,日進工具 公式切削条件参考表(XLSX)。等高線・側面仕上げ条件（ap/ae表記あり）。
NS TOOL,MHR230R,無限コーティング 2枚刃ロングネックラジアスエンドミル MHR230R,RADIUS,MHR230R φ0.9x8 R0.1,0.9,R0.1,8.0,S50C/NAK55/NAK80/HPM1,~43HRC,Carbon / prehardened steels,18000,500.0,0.03,0.3,https://www.ns-tool.com/ja/products/webcatalog/data/MHR230R/MHR230R_S.xlsx,,日進工具 公式切削条件参考表(XLSX)。等高線・側面仕上げ条件（ap/ae表記あり）。
NS TOOL,MHR230R,無限コーティング 2枚刃ロングネックラジアスエンドミル MHR230R,RADIUS,MHR230R φ0.9x8 R0.1,0.9,R0.1,8.0,HPM38/STAVAX/SKD61,~55HRC,Hardened steels,14000,350.0,0.01,0.24,https://www.ns-tool.com/ja/products/webcatalog/data/MHR230R/MHR230R_S.xlsx,,日進工具 公式切削条件参考表(XLSX)。等高線・側面仕上げ条件（ap/ae表記あり）。
NS TOOL,MHR230R,無限コーティング 2枚刃ロングネックラジアスエンドミル MHR230R,RADIUS,MHR230R φ0.9x8 R0.1,0.9,R0.1,8.0,銅・アルミニウム合金,,Copper / aluminum alloys,22000,800.0,0.04,0.3,https://www.ns-tool.com/ja/products/webcatalog/data/MHR230R/MHR230R_S.xlsx,,日進工具 公式切削条件参考表(XLSX)。等高線・側面仕上げ条件（ap/ae表記あり）。
NS TOOL,MHR230R,無限コーティング 2枚刃ロングネックラジアスエンドミル MHR230R,RADIUS,MHR230R φ1x2,1.0,-,2.0,S50C/NAK55/NAK80/HPM1,~43HRC,Carbon / prehardened steels,25000,1600.0,0.065,0.35,https://www.ns-tool.com/ja/products/webcatalog/data/MHR230R/MHR230R_S.xlsx,,日進工具 公式切削条件参考表(XLSX)。等高線・側面仕上げ条件（ap/ae表記あり）。
NS TOOL,MHR230R,無限コーティング 2枚刃ロングネックラジアスエンドミル MHR230R,RADIUS,MHR230R φ1x2,1.0,-,2.0,HPM38/STAVAX/SKD61,~55HRC,Hardened steels,20000,900.0,0.05,0.28,https://www.ns-tool.com/ja/products/webcatalog/data/MHR230R/MHR230R_S.xlsx,,日進工具 公式切削条件参考表(XLSX)。等高線・側面仕上げ条件（ap/ae表記あり）。
NS TOOL,MHR230R,無限コーティング 2枚刃ロングネックラジアスエンドミル MHR230R,RADIUS,MHR230R φ1x2,1.0,-,2.0,銅・アルミニウム合金,,Copper / aluminum alloys,30000,2200.0,0.08,0.35,https://www.ns-tool.com/ja/products/webcatalog/data/MHR230R/MHR230R_S.xlsx,,日進工具 公式切削条件参考表(XLSX)。等高線・側面仕上げ条件（ap/ae表記あり）。
NS TOOL,MHR230R,無限コーティング 2枚刃ロングネックラジアスエンドミル MHR230R,RADIUS,MHR230R φ1x3,1.0,-,3.0,S50C/NAK55/NAK80/HPM1,~43HRC,Carbon / prehardened steels,25000,1500.0,0.06,0.35,https://www.ns-tool.com/ja/products/webcatalog/data/MHR230R/MHR230R_S.xlsx,,日進工具 公式切削条件参考表(XLSX)。等高線・側面仕上げ条件（ap/ae表記あり）。
NS TOOL,MHR230R,無限コーティング 2枚刃ロングネックラジアスエンドミル MHR230R,RADIUS,MHR230R φ1x3,1.0,-,3.0,HPM38/STAVAX/SKD61,~55HRC,Hardened steels,20000,850.0,0.05,0.28,https://www.ns-tool.com/ja/products/webcatalog/data/MHR230R/MHR230R_S.xlsx,,日進工具 公式切削条件参考表(XLSX)。等高線・側面仕上げ条件（ap/ae表記あり）。
NS TOOL,MHR230R,無限コーティング 2枚刃ロングネックラジアスエンドミル MHR230R,RADIUS,MHR230R φ1x3,1.0,-,3.0,銅・アルミニウム合金,,Copper / aluminum alloys,30000,2100.0,0.07,0.35,https://www.ns-tool.com/ja/products/webcatalog/data/MHR230R/MHR230R_S.xlsx,,日進工具 公式切削条件参考表(XLSX)。等高線・側面仕上げ条件（ap/ae表記あり）。
NS TOOL,MHR230R,無限コーティング 2枚刃ロングネックラジアスエンドミル MHR230R,RADIUS,MHR230R φ1x4,1.0,-,4.0,S50C/NAK55/NAK80/HPM1,~43HRC,Carbon / prehardened steels,25000,1400.0,0.055,0.35,https://www.ns-tool.com/ja/products/webcatalog/data/MHR230R/MHR230R_S.xlsx,,日進工具 公式切削条件参考表(XLSX)。等高線・側面仕上げ条件（ap/ae表記あり）。
NS TOOL,MHR230R,無限コーティング 2枚刃ロングネックラジアスエンドミル MHR230R,RADIUS,MHR230R φ1x4,1.0,-,4.0,HPM38/STAVAX/SKD61,~55HRC,Hardened steels,20000,800.0,0.04,0.28,https://www.ns-tool.com/ja/products/webcatalog/data/MHR230R/MHR230R_S.xlsx,,日進工具 公式切削条件参考表(XLSX)。等高線・側面仕上げ条件（ap/ae表記あり）。
NS TOOL,MHR230R,無限コーティング 2枚刃ロングネックラジアスエンドミル MHR230R,RADIUS,MHR230R φ1x4,1.0,-,4.0,銅・アルミニウム合金,,Copper / aluminum alloys,30000,2000.0,0.065,0.35,https://www.ns-tool.com/ja/products/webcatalog/data/MHR230R/MHR230R_S.xlsx,,日進工具 公式切削条件参考表(XLSX)。等高線・側面仕上げ条件（ap/ae表記あり）。
NS TOOL,MHR230R,無限コーティング 2枚刃ロングネックラジアスエンドミル MHR230R,RADIUS,MHR230R φ1x5,1.0,-,5.0,S50C/NAK55/NAK80/HPM1,~43HRC,Carbon / prehardened steels,22000,1200.0,0.05,0.35,https://www.ns-tool.com/ja/products/webcatalog/data/MHR230R/MHR230R_S.xlsx,,日進工具 公式切削条件参考表(XLSX)。等高線・側面仕上げ条件（ap/ae表記あり）。
NS TOOL,MHR230R,無限コーティング 2枚刃ロングネックラジアスエンドミル MHR230R,RADIUS,MHR230R φ1x5,1.0,-,5.0,HPM38/STAVAX/SKD61,~55HRC,Hardened steels,18000,700.0,0.03,0.28,https://www.ns-tool.com/ja/products/webcatalog/data/MHR230R/MHR230R_S.xlsx,,日進工具 公式切削条件参考表(XLSX)。等高線・側面仕上げ条件（ap/ae表記あり）。
NS TOOL,MHR230R,無限コーティング 2枚刃ロングネックラジアスエンドミル MHR230R,RADIUS,MHR230R φ1x5,1.0,-,5.0,銅・アルミニウム合金,,Copper / aluminum alloys,27000,1700.0,0.06,0.35,https://www.ns-tool.com/ja/products/webcatalog/data/MHR230R/MHR230R_S.xlsx,,日進工具 公式切削条件参考表(XLSX)。等高線・側面仕上げ条件（ap/ae表記あり）。
NS TOOL,MHR230R,無限コーティング 2枚刃ロングネックラジアスエンドミル MHR230R,RADIUS,MHR230R φ1x6,1.0,-,6.0,S50C/NAK55/NAK80/HPM1,~43HRC,Carbon / prehardened steels,20000,1000.0,0.045,0.35,https://www.ns-tool.com/ja/products/webcatalog/data/MHR230R/MHR230R_S.xlsx,,日進工具 公式切削条件参考表(XLSX)。等高線・側面仕上げ条件（ap/ae表記あり）。
NS TOOL,MHR230R,無限コーティング 2枚刃ロングネックラジアスエンドミル MHR230R,RADIUS,MHR230R φ1x6,1.0,-,6.0,HPM38/STAVAX/SKD61,~55HRC,Hardened steels,16000,600.0,0.02,0.28,https://www.ns-tool.com/ja/products/webcatalog/data/MHR230R/MHR230R_S.xlsx,,日進工具 公式切削条件参考表(XLSX)。等高線・側面仕上げ条件（ap/ae表記あり）。
NS TOOL,MHR230R,無限コーティング 2枚刃ロングネックラジアスエンドミル MHR230R,RADIUS,MHR230R φ1x6,1.0,-,6.0,銅・アルミニウム合金,,Copper / aluminum alloys,25000,1500.0,0.055,0.35,https://www.ns-tool.com/ja/products/webcatalog/data/MHR230R/MHR230R_S.xlsx,,日進工具 公式切削条件参考表(XLSX)。等高線・側面仕上げ条件（ap/ae表記あり）。
NS TOOL,MHR230R,無限コーティング 2枚刃ロングネックラジアスエンドミル MHR230R,RADIUS,MHR230R φ1x8,1.0,-,8.0,S50C/NAK55/NAK80/HPM1,~43HRC,Carbon / prehardened steels,18000,700.0,0.035,0.35,https://www.ns-tool.com/ja/products/webcatalog/data/MHR230R/MHR230R_S.xlsx,,日進工具 公式切削条件参考表(XLSX)。等高線・側面仕上げ条件（ap/ae表記あり）。
NS TOOL,MHR230R,無限コーティング 2枚刃ロングネックラジアスエンドミル MHR230R,RADIUS,MHR230R φ1x8,1.0,-,8.0,HPM38/STAVAX/SKD61,~55HRC,Hardened steels,14000,450.0,0.02,0.28,https://www.ns-tool.com/ja/products/webcatalog/data/MHR230R/MHR230R_S.xlsx,,日進工具 公式切削条件参考表(XLSX)。等高線・側面仕上げ条件（ap/ae表記あり）。
NS TOOL,MHR230R,無限コーティング 2枚刃ロングネックラジアスエンドミル MHR230R,RADIUS,MHR230R φ1x8,1.0,-,8.0,銅・アルミニウム合金,,Copper / aluminum alloys,22000,1000.0,0.045,0.35,https://www.ns-tool.com/ja/products/webcatalog/data/MHR230R/MHR230R_S.xlsx,,日進工具 公式切削条件参考表(XLSX)。等高線・側面仕上げ条件（ap/ae表記あり）。
NS TOOL,MHR230R,無限コーティング 2枚刃ロングネックラジアスエンドミル MHR230R,RADIUS,MHR230R φ1x10,1.0,-,10.0,S50C/NAK55/NAK80/HPM1,~43HRC,Carbon / prehardened steels,16000,600.0,0.025,0.35,https://www.ns-tool.com/ja/products/webcatalog/data/MHR230R/MHR230R_S.xlsx,,日進工具 公式切削条件参考表(XLSX)。等高線・側面仕上げ条件（ap/ae表記あり）。
NS TOOL,MHR230R,無限コーティング 2枚刃ロングネックラジアスエンドミル MHR230R,RADIUS,MHR230R φ1x10,1.0,-,10.0,HPM38/STAVAX/SKD61,~55HRC,Hardened steels,13000,350.0,0.01,0.28,https://www.ns-tool.com/ja/products/webcatalog/data/MHR230R/MHR230R_S.xlsx,,日進工具 公式切削条件参考表(XLSX)。等高線・側面仕上げ条件（ap/ae表記あり）。
NS TOOL,MHR230R,無限コーティング 2枚刃ロングネックラジアスエンドミル MHR230R,RADIUS,MHR230R φ1x10,1.0,-,10.0,銅・アルミニウム合金,,Copper / aluminum alloys,20000,800.0,0.03,0.35,https://www.ns-tool.com/ja/products/webcatalog/data/MHR230R/MHR230R_S.xlsx,,日進工具 公式切削条件参考表(XLSX)。等高線・側面仕上げ条件（ap/ae表記あり）。
NS TOOL,MHR230R,無限コーティング 2枚刃ロングネックラジアスエンドミル MHR230R,RADIUS,MHR230R φ1x12,1.0,-,12.0,S50C/NAK55/NAK80/HPM1,~43HRC,Carbon / prehardened steels,14000,350.0,0.02,0.35,https://www.ns-tool.com/ja/products/webcatalog/data/MHR230R/MHR230R_S.xlsx,,日進工具 公式切削条件参考表(XLSX)。等高線・側面仕上げ条件（ap/ae表記あり）。
NS TOOL,MHR230R,無限コーティング 2枚刃ロングネックラジアスエンドミル MHR230R,RADIUS,MHR230R φ1x12,1.0,-,12.0,HPM38/STAVAX/SKD61,~55HRC,Hardened steels,12000,250.0,0.008,0.28,https://www.ns-tool.com/ja/products/webcatalog/data/MHR230R/MHR230R_S.xlsx,,日進工具 公式切削条件参考表(XLSX)。等高線・側面仕上げ条件（ap/ae表記あり）。
NS TOOL,MHR230R,無限コーティング 2枚刃ロングネックラジアスエンドミル MHR230R,RADIUS,MHR230R φ1x12,1.0,-,12.0,銅・アルミニウム合金,,Copper / aluminum alloys,18000,600.0,0.025,0.35,https://www.ns-tool.com/ja/products/webcatalog/data/MHR230R/MHR230R_S.xlsx,,日進工具 公式切削条件参考表(XLSX)。等高線・側面仕上げ条件（ap/ae表記あり）。
NS TOOL,MHR230R,無限コーティング 2枚刃ロングネックラジアスエンドミル MHR230R,RADIUS,MHR230R φ1x16,1.0,-,16.0,S50C/NAK55/NAK80/HPM1,~43HRC,Carbon / prehardened steels,12000,250.0,0.01,0.35,https://www.ns-tool.com/ja/products/webcatalog/data/MHR230R/MHR230R_S.xlsx,,日進工具 公式切削条件参考表(XLSX)。等高線・側面仕上げ条件（ap/ae表記あり）。
NS TOOL,MHR230R,無限コーティング 2枚刃ロングネックラジアスエンドミル MHR230R,RADIUS,MHR230R φ1x16,1.0,-,16.0,HPM38/STAVAX/SKD61,~55HRC,Hardened steels,10000,150.0,0.005,0.28,https://www.ns-tool.com/ja/products/webcatalog/data/MHR230R/MHR230R_S.xlsx,,日進工具 公式切削条件参考表(XLSX)。等高線・側面仕上げ条件（ap/ae表記あり）。
NS TOOL,MHR230R,無限コーティング 2枚刃ロングネックラジアスエンドミル MHR230R,RADIUS,MHR230R φ1x16,1.0,-,16.0,銅・アルミニウム合金,,Copper / aluminum alloys,14000,350.0,0.012,0.35,https://www.ns-tool.com/ja/products/webcatalog/data/MHR230R/MHR230R_S.xlsx,,日進工具 公式切削条件参考表(XLSX)。等高線・側面仕上げ条件（ap/ae表記あり）。
NS TOOL,MHR230R,無限コーティング 2枚刃ロングネックラジアスエンドミル MHR230R,RADIUS,MHR230R φ1x20,1.0,-,20.0,S50C/NAK55/NAK80/HPM1,~43HRC,Carbon / prehardened steels,11000,150.0,0.005,0.35,https://www.ns-tool.com/ja/products/webcatalog/data/MHR230R/MHR230R_S.xlsx,,日進工具 公式切削条件参考表(XLSX)。等高線・側面仕上げ条件（ap/ae表記あり）。
NS TOOL,MHR230R,無限コーティング 2枚刃ロングネックラジアスエンドミル MHR230R,RADIUS,MHR230R φ1x20,1.0,-,20.0,HPM38/STAVAX/SKD61,~55HRC,Hardened steels,9000,100.0,0.003,0.28,https://www.ns-tool.com/ja/products/webcatalog/data/MHR230R/MHR230R_S.xlsx,,日進工具 公式切削条件参考表(XLSX)。等高線・側面仕上げ条件（ap/ae表記あり）。
NS TOOL,MHR230R,無限コーティング 2枚刃ロングネックラジアスエンドミル MHR230R,RADIUS,MHR230R φ1x20,1.0,-,20.0,銅・アルミニウム合金,,Copper / aluminum alloys,13000,250.0,0.006,0.35,https://www.ns-tool.com/ja/products/webcatalog/data/MHR230R/MHR230R_S.xlsx,,日進工具 公式切削条件参考表(XLSX)。等高線・側面仕上げ条件（ap/ae表記あり）。
NS TOOL,MHR230R,無限コーティング 2枚刃ロングネックラジアスエンドミル MHR230R,RADIUS,MHR230R φ1.2x5,1.2,-,5.0,S50C/NAK55/NAK80/HPM1,~43HRC,Carbon / prehardened steels,22000,1500.0,0.055,0.4,https://www.ns-tool.com/ja/products/webcatalog/data/MHR230R/MHR230R_S.xlsx,,日進工具 公式切削条件参考表(XLSX)。等高線・側面仕上げ条件（ap/ae表記あり）。
NS TOOL,MHR230R,無限コーティング 2枚刃ロングネックラジアスエンドミル MHR230R,RADIUS,MHR230R φ1.2x5,1.2,-,5.0,HPM38/STAVAX/SKD61,~55HRC,Hardened steels,18000,850.0,0.03,0.32,https://www.ns-tool.com/ja/products/webcatalog/data/MHR230R/MHR230R_S.xlsx,,日進工具 公式切削条件参考表(XLSX)。等高線・側面仕上げ条件（ap/ae表記あり）。
NS TOOL,MHR230R,無限コーティング 2枚刃ロングネックラジアスエンドミル MHR230R,RADIUS,MHR230R φ1.2x5,1.2,-,5.0,銅・アルミニウム合金,,Copper / aluminum alloys,26000,2200.0,0.065,0.4,https://www.ns-tool.com/ja/products/webcatalog/data/MHR230R/MHR230R_S.xlsx,,日進工具 公式切削条件参考表(XLSX)。等高線・側面仕上げ条件（ap/ae表記あり）。
NS TOOL,MHR230R,無限コーティング 2枚刃ロングネックラジアスエンドミル MHR230R,RADIUS,MHR230R φ1.2x6,1.2,-,6.0,S50C/NAK55/NAK80/HPM1,~43HRC,Carbon / prehardened steels,20000,1300.0,0.05,0.4,https://www.ns-tool.com/ja/products/webcatalog/data/MHR230R/MHR230R_S.xlsx,,日進工具 公式切削条件参考表(XLSX)。等高線・側面仕上げ条件（ap/ae表記あり）。
NS TOOL,MHR230R,無限コーティング 2枚刃ロングネックラジアスエンドミル MHR230R,RADIUS,MHR230R φ1.2x6,1.2,-,6.0,HPM38/STAVAX/SKD61,~55HRC,Hardened steels,17000,750.0,0.03,0.32,https://www.ns-tool.com/ja/products/webcatalog/data/MHR230R/MHR230R_S.xlsx,,日進工具 公式切削条件参考表(XLSX)。等高線・側面仕上げ条件（ap/ae表記あり）。
NS TOOL,MHR230R,無限コーティング 2枚刃ロングネックラジアスエンドミル MHR230R,RADIUS,MHR230R φ1.2x6,1.2,-,6.0,銅・アルミニウム合金,,Copper / aluminum alloys,25000,2000.0,0.06,0.4,https://www.ns-tool.com/ja/products/webcatalog/data/MHR230R/MHR230R_S.xlsx,,日進工具 公式切削条件参考表(XLSX)。等高線・側面仕上げ条件（ap/ae表記あり）。
NS TOOL,MHR230R,無限コーティング 2枚刃ロングネックラジアスエンドミル MHR230R,RADIUS,MHR230R φ1.2x8,1.2,-,8.0,S50C/NAK55/NAK80/HPM1,~43HRC,Carbon / prehardened steels,18000,1100.0,0.04,0.4,https://www.ns-tool.com/ja/products/webcatalog/data/MHR230R/MHR230R_S.xlsx,,日進工具 公式切削条件参考表(XLSX)。等高線・側面仕上げ条件（ap/ae表記あり）。
NS TOOL,MHR230R,無限コーティング 2枚刃ロングネックラジアスエンドミル MHR230R,RADIUS,MHR230R φ1.2x8,1.2,-,8.0,HPM38/STAVAX/SKD61,~55HRC,Hardened steels,15000,600.0,0.025,0.32,https://www.ns-tool.com/ja/products/webcatalog/data/MHR230R/MHR230R_S.xlsx,,日進工具 公式切削条件参考表(XLSX)。等高線・側面仕上げ条件（ap/ae表記あり）。
NS TOOL,MHR230R,無限コーティング 2枚刃ロングネックラジアスエンドミル MHR230R,RADIUS,MHR230R φ1.2x8,1.2,-,8.0,銅・アルミニウム合金,,Copper / aluminum alloys,22000,1600.0,0.05,0.4,https://www.ns-tool.com/ja/products/webcatalog/data/MHR230R/MHR230R_S.xlsx,,日進工具 公式切削条件参考表(XLSX)。等高線・側面仕上げ条件（ap/ae表記あり）。
NS TOOL,MHR230R,無限コーティング 2枚刃ロングネックラジアスエンドミル MHR230R,RADIUS,MHR230R φ1.2x10,1.2,-,10.0,S50C/NAK55/NAK80/HPM1,~43HRC,Carbon / prehardened steels,16000,900.0,0.03,0.4,https://www.ns-tool.com/ja/products/webcatalog/data/MHR230R/MHR230R_S.xlsx,,日進工具 公式切削条件参考表(XLSX)。等高線・側面仕上げ条件（ap/ae表記あり）。
NS TOOL,MHR230R,無限コーティング 2枚刃ロングネックラジアスエンドミル MHR230R,RADIUS,MHR230R φ1.2x10,1.2,-,10.0,HPM38/STAVAX/SKD61,~55HRC,Hardened steels,13000,500.0,0.02,0.32,https://www.ns-tool.com/ja/products/webcatalog/data/MHR230R/MHR230R_S.xlsx,,日進工具 公式切削条件参考表(XLSX)。等高線・側面仕上げ条件（ap/ae表記あり）。
NS TOOL,MHR230R,無限コーティング 2枚刃ロングネックラジアスエンドミル MHR230R,RADIUS,MHR230R φ1.2x10,1.2,-,10.0,銅・アルミニウム合金,,Copper / aluminum alloys,20000,1400.0,0.04,0.4,https://www.ns-tool.com/ja/products/webcatalog/data/MHR230R/MHR230R_S.xlsx,,日進工具 公式切削条件参考表(XLSX)。等高線・側面仕上げ条件（ap/ae表記あり）。
NS TOOL,MHR230R,無限コーティング 2枚刃ロングネックラジアスエンドミル MHR230R,RADIUS,MHR230R φ1.2x12,1.2,-,12.0,S50C/NAK55/NAK80/HPM1,~43HRC,Carbon / prehardened steels,14000,700.0,0.025,0.4,https://www.ns-tool.com/ja/products/webcatalog/data/MHR230R/MHR230R_S.xlsx,,日進工具 公式切削条件参考表(XLSX)。等高線・側面仕上げ条件（ap/ae表記あり）。
NS TOOL,MHR230R,無限コーティング 2枚刃ロングネックラジアスエンドミル MHR230R,RADIUS,MHR230R φ1.2x12,1.2,-,12.0,HPM38/STAVAX/SKD61,~55HRC,Hardened steels,11000,400.0,0.015,0.32,https://www.ns-tool.com/ja/products/webcatalog/data/MHR230R/MHR230R_S.xlsx,,日進工具 公式切削条件参考表(XLSX)。等高線・側面仕上げ条件（ap/ae表記あり）。
NS TOOL,MHR230R,無限コーティング 2枚刃ロングネックラジアスエンドミル MHR230R,RADIUS,MHR230R φ1.2x12,1.2,-,12.0,銅・アルミニウム合金,,Copper / aluminum alloys,17000,1000.0,0.03,0.4,https://www.ns-tool.com/ja/products/webcatalog/data/MHR230R/MHR230R_S.xlsx,,日進工具 公式切削条件参考表(XLSX)。等高線・側面仕上げ条件（ap/ae表記あり）。
NS TOOL,MHR230R,無限コーティング 2枚刃ロングネックラジアスエンドミル MHR230R,RADIUS,MHR230R φ1.2x15,1.2,-,15.0,S50C/NAK55/NAK80/HPM1,~43HRC,Carbon / prehardened steels,12000,360.0,0.018,0.4,https://www.ns-tool.com/ja/products/webcatalog/data/MHR230R/MHR230R_S.xlsx,,日進工具 公式切削条件参考表(XLSX)。等高線・側面仕上げ条件（ap/ae表記あり）。
NS TOOL,MHR230R,無限コーティング 2枚刃ロングネックラジアスエンドミル MHR230R,RADIUS,MHR230R φ1.2x15,1.2,-,15.0,HPM38/STAVAX/SKD61,~55HRC,Hardened steels,10000,210.0,0.01,0.32,https://www.ns-tool.com/ja/products/webcatalog/data/MHR230R/MHR230R_S.xlsx,,日進工具 公式切削条件参考表(XLSX)。等高線・側面仕上げ条件（ap/ae表記あり）。
NS TOOL,MHR230R,無限コーティング 2枚刃ロングネックラジアスエンドミル MHR230R,RADIUS,MHR230R φ1.2x15,1.2,-,15.0,銅・アルミニウム合金,,Copper / aluminum alloys,14000,520.0,0.022,0.4,https://www.ns-tool.com/ja/products/webcatalog/data/MHR230R/MHR230R_S.xlsx,,日進工具 公式切削条件参考表(XLSX)。等高線・側面仕上げ条件（ap/ae表記あり）。
NS TOOL,MHR230R,無限コーティング 2枚刃ロングネックラジアスエンドミル MHR230R,RADIUS,MHR230R φ1.2x16,1.2,-,16.0,S50C/NAK55/NAK80/HPM1,~43HRC,Carbon / prehardened steels,12000,350.0,0.015,0.4,https://www.ns-tool.com/ja/products/webcatalog/data/MHR230R/MHR230R_S.xlsx,,日進工具 公式切削条件参考表(XLSX)。等高線・側面仕上げ条件（ap/ae表記あり）。
NS TOOL,MHR230R,無限コーティング 2枚刃ロングネックラジアスエンドミル MHR230R,RADIUS,MHR230R φ1.2x16,1.2,-,16.0,HPM38/STAVAX/SKD61,~55HRC,Hardened steels,10000,200.0,0.008,0.32,https://www.ns-tool.com/ja/products/webcatalog/data/MHR230R/MHR230R_S.xlsx,,日進工具 公式切削条件参考表(XLSX)。等高線・側面仕上げ条件（ap/ae表記あり）。
NS TOOL,MHR230R,無限コーティング 2枚刃ロングネックラジアスエンドミル MHR230R,RADIUS,MHR230R φ1.2x16,1.2,-,16.0,銅・アルミニウム合金,,Copper / aluminum alloys,14000,500.0,0.02,0.4,https://www.ns-tool.com/ja/products/webcatalog/data/MHR230R/MHR230R_S.xlsx,,日進工具 公式切削条件参考表(XLSX)。等高線・側面仕上げ条件（ap/ae表記あり）。
NS TOOL,MHR230R,無限コーティング 2枚刃ロングネックラジアスエンドミル MHR230R,RADIUS,MHR230R φ1.2x20,1.2,-,20.0,S50C/NAK55/NAK80/HPM1,~43HRC,Carbon / prehardened steels,10000,230.0,0.01,0.4,https://www.ns-tool.com/ja/products/webcatalog/data/MHR230R/MHR230R_S.xlsx,,日進工具 公式切削条件参考表(XLSX)。等高線・側面仕上げ条件（ap/ae表記あり）。
NS TOOL,MHR230R,無限コーティング 2枚刃ロングネックラジアスエンドミル MHR230R,RADIUS,MHR230R φ1.2x20,1.2,-,20.0,HPM38/STAVAX/SKD61,~55HRC,Hardened steels,8000,150.0,0.005,0.32,https://www.ns-tool.com/ja/products/webcatalog/data/MHR230R/MHR230R_S.xlsx,,日進工具 公式切削条件参考表(XLSX)。等高線・側面仕上げ条件（ap/ae表記あり）。
NS TOOL,MHR230R,無限コーティング 2枚刃ロングネックラジアスエンドミル MHR230R,RADIUS,MHR230R φ1.2x20,1.2,-,20.0,銅・アルミニウム合金,,Copper / aluminum alloys,12000,330.0,0.012,0.4,https://www.ns-tool.com/ja/products/webcatalog/data/MHR230R/MHR230R_S.xlsx,,日進工具 公式切削条件参考表(XLSX)。等高線・側面仕上げ条件（ap/ae表記あり）。
NS TOOL,MHR230R,無限コーティング 2枚刃ロングネックラジアスエンドミル MHR230R,RADIUS,MHR230R φ1.5x4,1.5,-,4.0,S50C/NAK55/NAK80/HPM1,~43HRC,Carbon / prehardened steels,22000,1600.0,0.09,0.45,https://www.ns-tool.com/ja/products/webcatalog/data/MHR230R/MHR230R_S.xlsx,,日進工具 公式切削条件参考表(XLSX)。等高線・側面仕上げ条件（ap/ae表記あり）。
NS TOOL,MHR230R,無限コーティング 2枚刃ロングネックラジアスエンドミル MHR230R,RADIUS,MHR230R φ1.5x4,1.5,-,4.0,HPM38/STAVAX/SKD61,~55HRC,Hardened steels,18000,1000.0,0.05,0.36,https://www.ns-tool.com/ja/products/webcatalog/data/MHR230R/MHR230R_S.xlsx,,日進工具 公式切削条件参考表(XLSX)。等高線・側面仕上げ条件（ap/ae表記あり）。
NS TOOL,MHR230R,無限コーティング 2枚刃ロングネックラジアスエンドミル MHR230R,RADIUS,MHR230R φ1.5x4,1.5,-,4.0,銅・アルミニウム合金,,Copper / aluminum alloys,26000,2300.0,0.1,0.45,https://www.ns-tool.com/ja/products/webcatalog/data/MHR230R/MHR230R_S.xlsx,,日進工具 公式切削条件参考表(XLSX)。等高線・側面仕上げ条件（ap/ae表記あり）。
NS TOOL,MHR230R,無限コーティング 2枚刃ロングネックラジアスエンドミル MHR230R,RADIUS,MHR230R φ1.5x6,1.5,-,6.0,S50C/NAK55/NAK80/HPM1,~43HRC,Carbon / prehardened steels,20000,1400.0,0.08,0.45,https://www.ns-tool.com/ja/products/webcatalog/data/MHR230R/MHR230R_S.xlsx,,日進工具 公式切削条件参考表(XLSX)。等高線・側面仕上げ条件（ap/ae表記あり）。
NS TOOL,MHR230R,無限コーティング 2枚刃ロングネックラジアスエンドミル MHR230R,RADIUS,MHR230R φ1.5x6,1.5,-,6.0,HPM38/STAVAX/SKD61,~55HRC,Hardened steels,16000,850.0,0.045,0.36,https://www.ns-tool.com/ja/products/webcatalog/data/MHR230R/MHR230R_S.xlsx,,日進工具 公式切削条件参考表(XLSX)。等高線・側面仕上げ条件（ap/ae表記あり）。
NS TOOL,MHR230R,無限コーティング 2枚刃ロングネックラジアスエンドミル MHR230R,RADIUS,MHR230R φ1.5x6,1.5,-,6.0,銅・アルミニウム合金,,Copper / aluminum alloys,24000,2000.0,0.09,0.45,https://www.ns-tool.com/ja/products/webcatalog/data/MHR230R/MHR230R_S.xlsx,,日進工具 公式切削条件参考表(XLSX)。等高線・側面仕上げ条件（ap/ae表記あり）。
NS TOOL,MHR230R,無限コーティング 2枚刃ロングネックラジアスエンドミル MHR230R,RADIUS,MHR230R φ1.5x8,1.5,-,8.0,S50C/NAK55/NAK80/HPM1,~43HRC,Carbon / prehardened steels,18000,1200.0,0.07,0.45,https://www.ns-tool.com/ja/products/webcatalog/data/MHR230R/MHR230R_S.xlsx,,日進工具 公式切削条件参考表(XLSX)。等高線・側面仕上げ条件（ap/ae表記あり）。
NS TOOL,MHR230R,無限コーティング 2枚刃ロングネックラジアスエンドミル MHR230R,RADIUS,MHR230R φ1.5x8,1.5,-,8.0,HPM38/STAVAX/SKD61,~55HRC,Hardened steels,15000,700.0,0.04,0.36,https://www.ns-tool.com/ja/products/webcatalog/data/MHR230R/MHR230R_S.xlsx,,日進工具 公式切削条件参考表(XLSX)。等高線・側面仕上げ条件（ap/ae表記あり）。
NS TOOL,MHR230R,無限コーティング 2枚刃ロングネックラジアスエンドミル MHR230R,RADIUS,MHR230R φ1.5x8,1.5,-,8.0,銅・アルミニウム合金,,Copper / aluminum alloys,22000,1800.0,0.08,0.45,https://www.ns-tool.com/ja/products/webcatalog/data/MHR230R/MHR230R_S.xlsx,,日進工具 公式切削条件参考表(XLSX)。等高線・側面仕上げ条件（ap/ae表記あり）。
NS TOOL,MHR230R,無限コーティング 2枚刃ロングネックラジアスエンドミル MHR230R,RADIUS,MHR230R φ1.5x10,1.5,-,10.0,S50C/NAK55/NAK80/HPM1,~43HRC,Carbon / prehardened steels,16000,1000.0,0.06,0.45,https://www.ns-tool.com/ja/products/webcatalog/data/MHR230R/MHR230R_S.xlsx,,日進工具 公式切削条件参考表(XLSX)。等高線・側面仕上げ条件（ap/ae表記あり）。
NS TOOL,MHR230R,無限コーティング 2枚刃ロングネックラジアスエンドミル MHR230R,RADIUS,MHR230R φ1.5x10,1.5,-,10.0,HPM38/STAVAX/SKD61,~55HRC,Hardened steels,13000,550.0,0.035,0.36,https://www.ns-tool.com/ja/products/webcatalog/data/MHR230R/MHR230R_S.xlsx,,日進工具 公式切削条件参考表(XLSX)。等高線・側面仕上げ条件（ap/ae表記あり）。
NS TOOL,MHR230R,無限コーティング 2枚刃ロングネックラジアスエンドミル MHR230R,RADIUS,MHR230R φ1.5x10,1.5,-,10.0,銅・アルミニウム合金,,Copper / aluminum alloys,20000,1500.0,0.07,0.45,https://www.ns-tool.com/ja/products/webcatalog/data/MHR230R/MHR230R_S.xlsx,,日進工具 公式切削条件参考表(XLSX)。等高線・側面仕上げ条件（ap/ae表記あり）。
NS TOOL,MHR230R,無限コーティング 2枚刃ロングネックラジアスエンドミル MHR230R,RADIUS,MHR230R φ1.5x12,1.5,-,12.0,S50C/NAK55/NAK80/HPM1,~43HRC,Carbon / prehardened steels,14000,800.0,0.05,0.45,https://www.ns-tool.com/ja/products/webcatalog/data/MHR230R/MHR230R_S.xlsx,,日進工具 公式切削条件参考表(XLSX)。等高線・側面仕上げ条件（ap/ae表記あり）。
NS TOOL,MHR230R,無限コーティング 2枚刃ロングネックラジアスエンドミル MHR230R,RADIUS,MHR230R φ1.5x12,1.5,-,12.0,HPM38/STAVAX/SKD61,~55HRC,Hardened steels,11000,450.0,0.03,0.36,https://www.ns-tool.com/ja/products/webcatalog/data/MHR230R/MHR230R_S.xlsx,,日進工具 公式切削条件参考表(XLSX)。等高線・側面仕上げ条件（ap/ae表記あり）。
NS TOOL,MHR230R,無限コーティング 2枚刃ロングネックラジアスエンドミル MHR230R,RADIUS,MHR230R φ1.5x12,1.5,-,12.0,銅・アルミニウム合金,,Copper / aluminum alloys,17000,1200.0,0.06,0.45,https://www.ns-tool.com/ja/products/webcatalog/data/MHR230R/MHR230R_S.xlsx,,日進工具 公式切削条件参考表(XLSX)。等高線・側面仕上げ条件（ap/ae表記あり）。
NS TOOL,MHR230R,無限コーティング 2枚刃ロングネックラジアスエンドミル MHR230R,RADIUS,MHR230R φ1.5x16,1.5,-,16.0,S50C/NAK55/NAK80/HPM1,~43HRC,Carbon / prehardened steels,12000,600.0,0.035,0.45,https://www.ns-tool.com/ja/products/webcatalog/data/MHR230R/MHR230R_S.xlsx,,日進工具 公式切削条件参考表(XLSX)。等高線・側面仕上げ条件（ap/ae表記あり）。
NS TOOL,MHR230R,無限コーティング 2枚刃ロングネックラジアスエンドミル MHR230R,RADIUS,MHR230R φ1.5x16,1.5,-,16.0,HPM38/STAVAX/SKD61,~55HRC,Hardened steels,10000,350.0,0.018,0.36,https://www.ns-tool.com/ja/products/webcatalog/data/MHR230R/MHR230R_S.xlsx,,日進工具 公式切削条件参考表(XLSX)。等高線・側面仕上げ条件（ap/ae表記あり）。
NS TOOL,MHR230R,無限コーティング 2枚刃ロングネックラジアスエンドミル MHR230R,RADIUS,MHR230R φ1.5x16,1.5,-,16.0,銅・アルミニウム合金,,Copper / aluminum alloys,15000,900.0,0.04,0.45,https://www.ns-tool.com/ja/products/webcatalog/data/MHR230R/MHR230R_S.xlsx,,日進工具 公式切削条件参考表(XLSX)。等高線・側面仕上げ条件（ap/ae表記あり）。
NS TOOL,MHR230R,無限コーティング 2枚刃ロングネックラジアスエンドミル MHR230R,RADIUS,MHR230R φ1.5x18,1.5,-,18.0,S50C/NAK55/NAK80/HPM1,~43HRC,Carbon / prehardened steels,11000,450.0,0.03,0.45,https://www.ns-tool.com/ja/products/webcatalog/data/MHR230R/MHR230R_S.xlsx,,日進工具 公式切削条件参考表(XLSX)。等高線・側面仕上げ条件（ap/ae表記あり）。
NS TOOL,MHR230R,無限コーティング 2枚刃ロングネックラジアスエンドミル MHR230R,RADIUS,MHR230R φ1.5x18,1.5,-,18.0,HPM38/STAVAX/SKD61,~55HRC,Hardened steels,9000,280.0,0.01,0.36,https://www.ns-tool.com/ja/products/webcatalog/data/MHR230R/MHR230R_S.xlsx,,日進工具 公式切削条件参考表(XLSX)。等高線・側面仕上げ条件（ap/ae表記あり）。
NS TOOL,MHR230R,無限コーティング 2枚刃ロングネックラジアスエンドミル MHR230R,RADIUS,MHR230R φ1.5x18,1.5,-,18.0,銅・アルミニウム合金,,Copper / aluminum alloys,13000,650.0,0.035,0.45,https://www.ns-tool.com/ja/products/webcatalog/data/MHR230R/MHR230R_S.xlsx,,日進工具 公式切削条件参考表(XLSX)。等高線・側面仕上げ条件（ap/ae表記あり）。
NS TOOL,MHR230R,無限コーティング 2枚刃ロングネックラジアスエンドミル MHR230R,RADIUS,MHR230R φ1.5x20,1.5,-,20.0,S50C/NAK55/NAK80/HPM1,~43HRC,Carbon / prehardened steels,10000,300.0,0.02,0.45,https://www.ns-tool.com/ja/products/webcatalog/data/MHR230R/MHR230R_S.xlsx,,日進工具 公式切削条件参考表(XLSX)。等高線・側面仕上げ条件（ap/ae表記あり）。
NS TOOL,MHR230R,無限コーティング 2枚刃ロングネックラジアスエンドミル MHR230R,RADIUS,MHR230R φ1.5x20,1.5,-,20.0,HPM38/STAVAX/SKD61,~55HRC,Hardened steels,8000,200.0,0.005,0.36,https://www.ns-tool.com/ja/products/webcatalog/data/MHR230R/MHR230R_S.xlsx,,日進工具 公式切削条件参考表(XLSX)。等高線・側面仕上げ条件（ap/ae表記あり）。
NS TOOL,MHR230R,無限コーティング 2枚刃ロングネックラジアスエンドミル MHR230R,RADIUS,MHR230R φ1.5x20,1.5,-,20.0,銅・アルミニウム合金,,Copper / aluminum alloys,12000,450.0,0.025,0.45,https://www.ns-tool.com/ja/products/webcatalog/data/MHR230R/MHR230R_S.xlsx,,日進工具 公式切削条件参考表(XLSX)。等高線・側面仕上げ条件（ap/ae表記あり）。
NS TOOL,MHR230R,無限コーティング 2枚刃ロングネックラジアスエンドミル MHR230R,RADIUS,MHR230R φ2x4,2.0,-,4.0,S50C/NAK55/NAK80/HPM1,~43HRC,Carbon / prehardened steels,16000,2200.0,0.13,0.5,https://www.ns-tool.com/ja/products/webcatalog/data/MHR230R/MHR230R_S.xlsx,,日進工具 公式切削条件参考表(XLSX)。等高線・側面仕上げ条件（ap/ae表記あり）。
NS TOOL,MHR230R,無限コーティング 2枚刃ロングネックラジアスエンドミル MHR230R,RADIUS,MHR230R φ2x4,2.0,-,4.0,HPM38/STAVAX/SKD61,~55HRC,Hardened steels,14000,1000.0,0.06,0.4,https://www.ns-tool.com/ja/products/webcatalog/data/MHR230R/MHR230R_S.xlsx,,日進工具 公式切削条件参考表(XLSX)。等高線・側面仕上げ条件（ap/ae表記あり）。
NS TOOL,MHR230R,無限コーティング 2枚刃ロングネックラジアスエンドミル MHR230R,RADIUS,MHR230R φ2x4,2.0,-,4.0,銅・アルミニウム合金,,Copper / aluminum alloys,20000,3000.0,0.15,0.5,https://www.ns-tool.com/ja/products/webcatalog/data/MHR230R/MHR230R_S.xlsx,,日進工具 公式切削条件参考表(XLSX)。等高線・側面仕上げ条件（ap/ae表記あり）。
NS TOOL,MHR230R,無限コーティング 2枚刃ロングネックラジアスエンドミル MHR230R,RADIUS,MHR230R φ2x6,2.0,-,6.0,S50C/NAK55/NAK80/HPM1,~43HRC,Carbon / prehardened steels,16000,2100.0,0.12,0.5,https://www.ns-tool.com/ja/products/webcatalog/data/MHR230R/MHR230R_S.xlsx,,日進工具 公式切削条件参考表(XLSX)。等高線・側面仕上げ条件（ap/ae表記あり）。
NS TOOL,MHR230R,無限コーティング 2枚刃ロングネックラジアスエンドミル MHR230R,RADIUS,MHR230R φ2x6,2.0,-,6.0,HPM38/STAVAX/SKD61,~55HRC,Hardened steels,14000,900.0,0.055,0.4,https://www.ns-tool.com/ja/products/webcatalog/data/MHR230R/MHR230R_S.xlsx,,日進工具 公式切削条件参考表(XLSX)。等高線・側面仕上げ条件（ap/ae表記あり）。
NS TOOL,MHR230R,無限コーティング 2枚刃ロングネックラジアスエンドミル MHR230R,RADIUS,MHR230R φ2x6,2.0,-,6.0,銅・アルミニウム合金,,Copper / aluminum alloys,20000,2800.0,0.14,0.5,https://www.ns-tool.com/ja/products/webcatalog/data/MHR230R/MHR230R_S.xlsx,,日進工具 公式切削条件参考表(XLSX)。等高線・側面仕上げ条件（ap/ae表記あり）。
NS TOOL,MHR230R,無限コーティング 2枚刃ロングネックラジアスエンドミル MHR230R,RADIUS,MHR230R φ2x8,2.0,-,8.0,S50C/NAK55/NAK80/HPM1,~43HRC,Carbon / prehardened steels,16000,2000.0,0.11,0.5,https://www.ns-tool.com/ja/products/webcatalog/data/MHR230R/MHR230R_S.xlsx,,日進工具 公式切削条件参考表(XLSX)。等高線・側面仕上げ条件（ap/ae表記あり）。
NS TOOL,MHR230R,無限コーティング 2枚刃ロングネックラジアスエンドミル MHR230R,RADIUS,MHR230R φ2x8,2.0,-,8.0,HPM38/STAVAX/SKD61,~55HRC,Hardened steels,13000,800.0,0.05,0.4,https://www.ns-tool.com/ja/products/webcatalog/data/MHR230R/MHR230R_S.xlsx,,日進工具 公式切削条件参考表(XLSX)。等高線・側面仕上げ条件（ap/ae表記あり）。
NS TOOL,MHR230R,無限コーティング 2枚刃ロングネックラジアスエンドミル MHR230R,RADIUS,MHR230R φ2x8,2.0,-,8.0,銅・アルミニウム合金,,Copper / aluminum alloys,20000,2600.0,0.13,0.5,https://www.ns-tool.com/ja/products/webcatalog/data/MHR230R/MHR230R_S.xlsx,,日進工具 公式切削条件参考表(XLSX)。等高線・側面仕上げ条件（ap/ae表記あり）。
NS TOOL,MHR230R,無限コーティング 2枚刃ロングネックラジアスエンドミル MHR230R,RADIUS,MHR230R φ2x10,2.0,-,10.0,S50C/NAK55/NAK80/HPM1,~43HRC,Carbon / prehardened steels,16000,1800.0,0.1,0.5,https://www.ns-tool.com/ja/products/webcatalog/data/MHR230R/MHR230R_S.xlsx,,日進工具 公式切削条件参考表(XLSX)。等高線・側面仕上げ条件（ap/ae表記あり）。
NS TOOL,MHR230R,無限コーティング 2枚刃ロングネックラジアスエンドミル MHR230R,RADIUS,MHR230R φ2x10,2.0,-,10.0,HPM38/STAVAX/SKD61,~55HRC,Hardened steels,13000,750.0,0.045,0.4,https://www.ns-tool.com/ja/products/webcatalog/data/MHR230R/MHR230R_S.xlsx,,日進工具 公式切削条件参考表(XLSX)。等高線・側面仕上げ条件（ap/ae表記あり）。
NS TOOL,MHR230R,無限コーティング 2枚刃ロングネックラジアスエンドミル MHR230R,RADIUS,MHR230R φ2x10,2.0,-,10.0,銅・アルミニウム合金,,Copper / aluminum alloys,20000,2300.0,0.12,0.5,https://www.ns-tool.com/ja/products/webcatalog/data/MHR230R/MHR230R_S.xlsx,,日進工具 公式切削条件参考表(XLSX)。等高線・側面仕上げ条件（ap/ae表記あり）。
NS TOOL,MHR230R,無限コーティング 2枚刃ロングネックラジアスエンドミル MHR230R,RADIUS,MHR230R φ2x12,2.0,-,12.0,S50C/NAK55/NAK80/HPM1,~43HRC,Carbon / prehardened steels,14000,1500.0,0.09,0.5,https://www.ns-tool.com/ja/products/webcatalog/data/MHR230R/MHR230R_S.xlsx,,日進工具 公式切削条件参考表(XLSX)。等高線・側面仕上げ条件（ap/ae表記あり）。
NS TOOL,MHR230R,無限コーティング 2枚刃ロングネックラジアスエンドミル MHR230R,RADIUS,MHR230R φ2x12,2.0,-,12.0,HPM38/STAVAX/SKD61,~55HRC,Hardened steels,11000,600.0,0.04,0.4,https://www.ns-tool.com/ja/products/webcatalog/data/MHR230R/MHR230R_S.xlsx,,日進工具 公式切削条件参考表(XLSX)。等高線・側面仕上げ条件（ap/ae表記あり）。
NS TOOL,MHR230R,無限コーティング 2枚刃ロングネックラジアスエンドミル MHR230R,RADIUS,MHR230R φ2x12,2.0,-,12.0,銅・アルミニウム合金,,Copper / aluminum alloys,17000,1900.0,0.11,0.5,https://www.ns-tool.com/ja/products/webcatalog/data/MHR230R/MHR230R_S.xlsx,,日進工具 公式切削条件参考表(XLSX)。等高線・側面仕上げ条件（ap/ae表記あり）。
NS TOOL,MHR230R,無限コーティング 2枚刃ロングネックラジアスエンドミル MHR230R,RADIUS,MHR230R φ2x16,2.0,-,16.0,S50C/NAK55/NAK80/HPM1,~43HRC,Carbon / prehardened steels,12000,1200.0,0.07,0.5,https://www.ns-tool.com/ja/products/webcatalog/data/MHR230R/MHR230R_S.xlsx,,日進工具 公式切削条件参考表(XLSX)。等高線・側面仕上げ条件（ap/ae表記あり）。
NS TOOL,MHR230R,無限コーティング 2枚刃ロングネックラジアスエンドミル MHR230R,RADIUS,MHR230R φ2x16,2.0,-,16.0,HPM38/STAVAX/SKD61,~55HRC,Hardened steels,10000,500.0,0.03,0.4,https://www.ns-tool.com/ja/products/webcatalog/data/MHR230R/MHR230R_S.xlsx,,日進工具 公式切削条件参考表(XLSX)。等高線・側面仕上げ条件（ap/ae表記あり）。
NS TOOL,MHR230R,無限コーティング 2枚刃ロングネックラジアスエンドミル MHR230R,RADIUS,MHR230R φ2x16,2.0,-,16.0,銅・アルミニウム合金,,Copper / aluminum alloys,15000,1600.0,0.085,0.5,https://www.ns-tool.com/ja/products/webcatalog/data/MHR230R/MHR230R_S.xlsx,,日進工具 公式切削条件参考表(XLSX)。等高線・側面仕上げ条件（ap/ae表記あり）。
NS TOOL,MHR230R,無限コーティング 2枚刃ロングネックラジアスエンドミル MHR230R,RADIUS,MHR230R φ2x20,2.0,-,20.0,S50C/NAK55/NAK80/HPM1,~43HRC,Carbon / prehardened steels,10000,800.0,0.05,0.5,https://www.ns-tool.com/ja/products/webcatalog/data/MHR230R/MHR230R_S.xlsx,,日進工具 公式切削条件参考表(XLSX)。等高線・側面仕上げ条件（ap/ae表記あり）。
NS TOOL,MHR230R,無限コーティング 2枚刃ロングネックラジアスエンドミル MHR230R,RADIUS,MHR230R φ2x20,2.0,-,20.0,HPM38/STAVAX/SKD61,~55HRC,Hardened steels,8000,350.0,0.02,0.4,https://www.ns-tool.com/ja/products/webcatalog/data/MHR230R/MHR230R_S.xlsx,,日進工具 公式切削条件参考表(XLSX)。等高線・側面仕上げ条件（ap/ae表記あり）。
NS TOOL,MHR230R,無限コーティング 2枚刃ロングネックラジアスエンドミル MHR230R,RADIUS,MHR230R φ2x20,2.0,-,20.0,銅・アルミニウム合金,,Copper / aluminum alloys,12000,1000.0,0.06,0.5,https://www.ns-tool.com/ja/products/webcatalog/data/MHR230R/MHR230R_S.xlsx,,日進工具 公式切削条件参考表(XLSX)。等高線・側面仕上げ条件（ap/ae表記あり）。
NS TOOL,MHR230R,無限コーティング 2枚刃ロングネックラジアスエンドミル MHR230R,RADIUS,MHR230R φ2x24,2.0,-,24.0,S50C/NAK55/NAK80/HPM1,~43HRC,Carbon / prehardened steels,9000,700.0,0.03,0.5,https://www.ns-tool.com/ja/products/webcatalog/data/MHR230R/MHR230R_S.xlsx,,日進工具 公式切削条件参考表(XLSX)。等高線・側面仕上げ条件（ap/ae表記あり）。
NS TOOL,MHR230R,無限コーティング 2枚刃ロングネックラジアスエンドミル MHR230R,RADIUS,MHR230R φ2x24,2.0,-,24.0,HPM38/STAVAX/SKD61,~55HRC,Hardened steels,7000,280.0,0.01,0.4,https://www.ns-tool.com/ja/products/webcatalog/data/MHR230R/MHR230R_S.xlsx,,日進工具 公式切削条件参考表(XLSX)。等高線・側面仕上げ条件（ap/ae表記あり）。
NS TOOL,MHR230R,無限コーティング 2枚刃ロングネックラジアスエンドミル MHR230R,RADIUS,MHR230R φ2x24,2.0,-,24.0,銅・アルミニウム合金,,Copper / aluminum alloys,11000,900.0,0.04,0.5,https://www.ns-tool.com/ja/products/webcatalog/data/MHR230R/MHR230R_S.xlsx,,日進工具 公式切削条件参考表(XLSX)。等高線・側面仕上げ条件（ap/ae表記あり）。
NS TOOL,MHR230R,無限コーティング 2枚刃ロングネックラジアスエンドミル MHR230R,RADIUS,MHR230R φ2x26,2.0,-,26.0,S50C/NAK55/NAK80/HPM1,~43HRC,Carbon / prehardened steels,9000,600.0,0.025,0.5,https://www.ns-tool.com/ja/products/webcatalog/data/MHR230R/MHR230R_S.xlsx,,日進工具 公式切削条件参考表(XLSX)。等高線・側面仕上げ条件（ap/ae表記あり）。
NS TOOL,MHR230R,無限コーティング 2枚刃ロングネックラジアスエンドミル MHR230R,RADIUS,MHR230R φ2x26,2.0,-,26.0,HPM38/STAVAX/SKD61,~55HRC,Hardened steels,7000,250.0,0.008,0.4,https://www.ns-tool.com/ja/products/webcatalog/data/MHR230R/MHR230R_S.xlsx,,日進工具 公式切削条件参考表(XLSX)。等高線・側面仕上げ条件（ap/ae表記あり）。
NS TOOL,MHR230R,無限コーティング 2枚刃ロングネックラジアスエンドミル MHR230R,RADIUS,MHR230R φ2x26,2.0,-,26.0,銅・アルミニウム合金,,Copper / aluminum alloys,11000,850.0,0.03,0.5,https://www.ns-tool.com/ja/products/webcatalog/data/MHR230R/MHR230R_S.xlsx,,日進工具 公式切削条件参考表(XLSX)。等高線・側面仕上げ条件（ap/ae表記あり）。
NS TOOL,MHR230R,無限コーティング 2枚刃ロングネックラジアスエンドミル MHR230R,RADIUS,MHR230R φ2x30,2.0,-,30.0,S50C/NAK55/NAK80/HPM1,~43HRC,Carbon / prehardened steels,8000,400.0,0.02,0.5,https://www.ns-tool.com/ja/products/webcatalog/data/MHR230R/MHR230R_S.xlsx,,日進工具 公式切削条件参考表(XLSX)。等高線・側面仕上げ条件（ap/ae表記あり）。
NS TOOL,MHR230R,無限コーティング 2枚刃ロングネックラジアスエンドミル MHR230R,RADIUS,MHR230R φ2x30,2.0,-,30.0,HPM38/STAVAX/SKD61,~55HRC,Hardened steels,6400,200.0,0.005,0.4,https://www.ns-tool.com/ja/products/webcatalog/data/MHR230R/MHR230R_S.xlsx,,日進工具 公式切削条件参考表(XLSX)。等高線・側面仕上げ条件（ap/ae表記あり）。
NS TOOL,MHR230R,無限コーティング 2枚刃ロングネックラジアスエンドミル MHR230R,RADIUS,MHR230R φ2x30,2.0,-,30.0,銅・アルミニウム合金,,Copper / aluminum alloys,9000,550.0,0.025,0.5,https://www.ns-tool.com/ja/products/webcatalog/data/MHR230R/MHR230R_S.xlsx,,日進工具 公式切削条件参考表(XLSX)。等高線・側面仕上げ条件（ap/ae表記あり）。
NS TOOL,MHR230R,無限コーティング 2枚刃ロングネックラジアスエンドミル MHR230R,RADIUS,MHR230R φ2.5x10,2.5,-,10.0,S50C/NAK55/NAK80/HPM1,~43HRC,Carbon / prehardened steels,13000,1800.0,0.14,0.8,https://www.ns-tool.com/ja/products/webcatalog/data/MHR230R/MHR230R_S.xlsx,,日進工具 公式切削条件参考表(XLSX)。等高線・側面仕上げ条件（ap/ae表記あり）。
NS TOOL,MHR230R,無限コーティング 2枚刃ロングネックラジアスエンドミル MHR230R,RADIUS,MHR230R φ2.5x10,2.5,-,10.0,HPM38/STAVAX/SKD61,~55HRC,Hardened steels,11000,900.0,0.07,0.65,https://www.ns-tool.com/ja/products/webcatalog/data/MHR230R/MHR230R_S.xlsx,,日進工具 公式切削条件参考表(XLSX)。等高線・側面仕上げ条件（ap/ae表記あり）。
NS TOOL,MHR230R,無限コーティング 2枚刃ロングネックラジアスエンドミル MHR230R,RADIUS,MHR230R φ2.5x10,2.5,-,10.0,銅・アルミニウム合金,,Copper / aluminum alloys,16000,3000.0,0.17,0.8,https://www.ns-tool.com/ja/products/webcatalog/data/MHR230R/MHR230R_S.xlsx,,日進工具 公式切削条件参考表(XLSX)。等高線・側面仕上げ条件（ap/ae表記あり）。
NS TOOL,MHR230R,無限コーティング 2枚刃ロングネックラジアスエンドミル MHR230R,RADIUS,MHR230R φ2.5x20,2.5,-,20.0,S50C/NAK55/NAK80/HPM1,~43HRC,Carbon / prehardened steels,9000,1000.0,0.08,0.8,https://www.ns-tool.com/ja/products/webcatalog/data/MHR230R/MHR230R_S.xlsx,,日進工具 公式切削条件参考表(XLSX)。等高線・側面仕上げ条件（ap/ae表記あり）。
NS TOOL,MHR230R,無限コーティング 2枚刃ロングネックラジアスエンドミル MHR230R,RADIUS,MHR230R φ2.5x20,2.5,-,20.0,HPM38/STAVAX/SKD61,~55HRC,Hardened steels,7000,450.0,0.05,0.65,https://www.ns-tool.com/ja/products/webcatalog/data/MHR230R/MHR230R_S.xlsx,,日進工具 公式切削条件参考表(XLSX)。等高線・側面仕上げ条件（ap/ae表記あり）。
NS TOOL,MHR230R,無限コーティング 2枚刃ロングネックラジアスエンドミル MHR230R,RADIUS,MHR230R φ2.5x20,2.5,-,20.0,銅・アルミニウム合金,,Copper / aluminum alloys,11000,1600.0,0.1,0.8,https://www.ns-tool.com/ja/products/webcatalog/data/MHR230R/MHR230R_S.xlsx,,日進工具 公式切削条件参考表(XLSX)。等高線・側面仕上げ条件（ap/ae表記あり）。
NS TOOL,MHR230R,無限コーティング 2枚刃ロングネックラジアスエンドミル MHR230R,RADIUS,MHR230R φ2.5x30,2.5,-,30.0,S50C/NAK55/NAK80/HPM1,~43HRC,Carbon / prehardened steels,7000,500.0,0.03,0.8,https://www.ns-tool.com/ja/products/webcatalog/data/MHR230R/MHR230R_S.xlsx,,日進工具 公式切削条件参考表(XLSX)。等高線・側面仕上げ条件（ap/ae表記あり）。
NS TOOL,MHR230R,無限コーティング 2枚刃ロングネックラジアスエンドミル MHR230R,RADIUS,MHR230R φ2.5x30,2.5,-,30.0,HPM38/STAVAX/SKD61,~55HRC,Hardened steels,5600,250.0,0.01,0.65,https://www.ns-tool.com/ja/products/webcatalog/data/MHR230R/MHR230R_S.xlsx,,日進工具 公式切削条件参考表(XLSX)。等高線・側面仕上げ条件（ap/ae表記あり）。
NS TOOL,MHR230R,無限コーティング 2枚刃ロングネックラジアスエンドミル MHR230R,RADIUS,MHR230R φ2.5x30,2.5,-,30.0,銅・アルミニウム合金,,Copper / aluminum alloys,8500,850.0,0.035,0.8,https://www.ns-tool.com/ja/products/webcatalog/data/MHR230R/MHR230R_S.xlsx,,日進工具 公式切削条件参考表(XLSX)。等高線・側面仕上げ条件（ap/ae表記あり）。
NS TOOL,MHR230R,無限コーティング 2枚刃ロングネックラジアスエンドミル MHR230R,RADIUS,MHR230R φ3x12,3.0,-,12.0,S50C/NAK55/NAK80/HPM1,~43HRC,Carbon / prehardened steels,11000,1800.0,0.16,0.9,https://www.ns-tool.com/ja/products/webcatalog/data/MHR230R/MHR230R_S.xlsx,,日進工具 公式切削条件参考表(XLSX)。等高線・側面仕上げ条件（ap/ae表記あり）。
NS TOOL,MHR230R,無限コーティング 2枚刃ロングネックラジアスエンドミル MHR230R,RADIUS,MHR230R φ3x12,3.0,-,12.0,HPM38/STAVAX/SKD61,~55HRC,Hardened steels,9000,900.0,0.08,0.75,https://www.ns-tool.com/ja/products/webcatalog/data/MHR230R/MHR230R_S.xlsx,,日進工具 公式切削条件参考表(XLSX)。等高線・側面仕上げ条件（ap/ae表記あり）。
NS TOOL,MHR230R,無限コーティング 2枚刃ロングネックラジアスエンドミル MHR230R,RADIUS,MHR230R φ3x12,3.0,-,12.0,銅・アルミニウム合金,,Copper / aluminum alloys,13000,3000.0,0.2,0.9,https://www.ns-tool.com/ja/products/webcatalog/data/MHR230R/MHR230R_S.xlsx,,日進工具 公式切削条件参考表(XLSX)。等高線・側面仕上げ条件（ap/ae表記あり）。
NS TOOL,MHR230R,無限コーティング 2枚刃ロングネックラジアスエンドミル MHR230R,RADIUS,MHR230R φ3x18,3.0,-,18.0,S50C/NAK55/NAK80/HPM1,~43HRC,Carbon / prehardened steels,10000,1400.0,0.12,0.9,https://www.ns-tool.com/ja/products/webcatalog/data/MHR230R/MHR230R_S.xlsx,,日進工具 公式切削条件参考表(XLSX)。等高線・側面仕上げ条件（ap/ae表記あり）。
NS TOOL,MHR230R,無限コーティング 2枚刃ロングネックラジアスエンドミル MHR230R,RADIUS,MHR230R φ3x18,3.0,-,18.0,HPM38/STAVAX/SKD61,~55HRC,Hardened steels,8000,700.0,0.07,0.75,https://www.ns-tool.com/ja/products/webcatalog/data/MHR230R/MHR230R_S.xlsx,,日進工具 公式切削条件参考表(XLSX)。等高線・側面仕上げ条件（ap/ae表記あり）。
NS TOOL,MHR230R,無限コーティング 2枚刃ロングネックラジアスエンドミル MHR230R,RADIUS,MHR230R φ3x18,3.0,-,18.0,銅・アルミニウム合金,,Copper / aluminum alloys,12000,2400.0,0.14,0.9,https://www.ns-tool.com/ja/products/webcatalog/data/MHR230R/MHR230R_S.xlsx,,日進工具 公式切削条件参考表(XLSX)。等高線・側面仕上げ条件（ap/ae表記あり）。
NS TOOL,MHR230R,無限コーティング 2枚刃ロングネックラジアスエンドミル MHR230R,RADIUS,MHR230R φ3x24,3.0,-,24.0,S50C/NAK55/NAK80/HPM1,~43HRC,Carbon / prehardened steels,8000,1000.0,0.08,0.9,https://www.ns-tool.com/ja/products/webcatalog/data/MHR230R/MHR230R_S.xlsx,,日進工具 公式切削条件参考表(XLSX)。等高線・側面仕上げ条件（ap/ae表記あり）。
NS TOOL,MHR230R,無限コーティング 2枚刃ロングネックラジアスエンドミル MHR230R,RADIUS,MHR230R φ3x24,3.0,-,24.0,HPM38/STAVAX/SKD61,~55HRC,Hardened steels,6400,500.0,0.05,0.75,https://www.ns-tool.com/ja/products/webcatalog/data/MHR230R/MHR230R_S.xlsx,,日進工具 公式切削条件参考表(XLSX)。等高線・側面仕上げ条件（ap/ae表記あり）。
NS TOOL,MHR230R,無限コーティング 2枚刃ロングネックラジアスエンドミル MHR230R,RADIUS,MHR230R φ3x24,3.0,-,24.0,銅・アルミニウム合金,,Copper / aluminum alloys,10000,1800.0,0.1,0.9,https://www.ns-tool.com/ja/products/webcatalog/data/MHR230R/MHR230R_S.xlsx,,日進工具 公式切削条件参考表(XLSX)。等高線・側面仕上げ条件（ap/ae表記あり）。
NS TOOL,MHR230R,無限コーティング 2枚刃ロングネックラジアスエンドミル MHR230R,RADIUS,MHR230R φ3x30,3.0,-,30.0,S50C/NAK55/NAK80/HPM1,~43HRC,Carbon / prehardened steels,7000,800.0,0.06,0.9,https://www.ns-tool.com/ja/products/webcatalog/data/MHR230R/MHR230R_S.xlsx,,日進工具 公式切削条件参考表(XLSX)。等高線・側面仕上げ条件（ap/ae表記あり）。
NS TOOL,MHR230R,無限コーティング 2枚刃ロングネックラジアスエンドミル MHR230R,RADIUS,MHR230R φ3x30,3.0,-,30.0,HPM38/STAVAX/SKD61,~55HRC,Hardened steels,5600,400.0,0.03,0.75,https://www.ns-tool.com/ja/products/webcatalog/data/MHR230R/MHR230R_S.xlsx,,日進工具 公式切削条件参考表(XLSX)。等高線・側面仕上げ条件（ap/ae表記あり）。
NS TOOL,MHR230R,無限コーティング 2枚刃ロングネックラジアスエンドミル MHR230R,RADIUS,MHR230R φ3x30,3.0,-,30.0,銅・アルミニウム合金,,Copper / aluminum alloys,8500,1300.0,0.07,0.9,https://www.ns-tool.com/ja/products/webcatalog/data/MHR230R/MHR230R_S.xlsx,,日進工具 公式切削条件参考表(XLSX)。等高線・側面仕上げ条件（ap/ae表記あり）。
NS TOOL,MHR230R,無限コーティング 2枚刃ロングネックラジアスエンドミル MHR230R,RADIUS,MHR230R φ3x36,3.0,-,36.0,S50C/NAK55/NAK80/HPM1,~43HRC,Carbon / prehardened steels,6000,500.0,0.03,0.9,https://www.ns-tool.com/ja/products/webcatalog/data/MHR230R/MHR230R_S.xlsx,,日進工具 公式切削条件参考表(XLSX)。等高線・側面仕上げ条件（ap/ae表記あり）。
NS TOOL,MHR230R,無限コーティング 2枚刃ロングネックラジアスエンドミル MHR230R,RADIUS,MHR230R φ3x36,3.0,-,36.0,HPM38/STAVAX/SKD61,~55HRC,Hardened steels,4800,300.0,0.01,0.75,https://www.ns-tool.com/ja/products/webcatalog/data/MHR230R/MHR230R_S.xlsx,,日進工具 公式切削条件参考表(XLSX)。等高線・側面仕上げ条件（ap/ae表記あり）。
NS TOOL,MHR230R,無限コーティング 2枚刃ロングネックラジアスエンドミル MHR230R,RADIUS,MHR230R φ3x36,3.0,-,36.0,銅・アルミニウム合金,,Copper / aluminum alloys,7200,1000.0,0.04,0.9,https://www.ns-tool.com/ja/products/webcatalog/data/MHR230R/MHR230R_S.xlsx,,日進工具 公式切削条件参考表(XLSX)。等高線・側面仕上げ条件（ap/ae表記あり）。
NS TOOL,MHR230R,無限コーティング 2枚刃ロングネックラジアスエンドミル MHR230R,RADIUS,MHR230R φ4x16,4.0,-,16.0,S50C/NAK55/NAK80/HPM1,~43HRC,Carbon / prehardened steels,8000,2000.0,0.2,1.2,https://www.ns-tool.com/ja/products/webcatalog/data/MHR230R/MHR230R_S.xlsx,,日進工具 公式切削条件参考表(XLSX)。等高線・側面仕上げ条件（ap/ae表記あり）。
NS TOOL,MHR230R,無限コーティング 2枚刃ロングネックラジアスエンドミル MHR230R,RADIUS,MHR230R φ4x16,4.0,-,16.0,HPM38/STAVAX/SKD61,~55HRC,Hardened steels,6400,850.0,0.1,1.0,https://www.ns-tool.com/ja/products/webcatalog/data/MHR230R/MHR230R_S.xlsx,,日進工具 公式切削条件参考表(XLSX)。等高線・側面仕上げ条件（ap/ae表記あり）。
NS TOOL,MHR230R,無限コーティング 2枚刃ロングネックラジアスエンドミル MHR230R,RADIUS,MHR230R φ4x16,4.0,-,16.0,銅・アルミニウム合金,,Copper / aluminum alloys,10000,3200.0,0.3,1.2,https://www.ns-tool.com/ja/products/webcatalog/data/MHR230R/MHR230R_S.xlsx,,日進工具 公式切削条件参考表(XLSX)。等高線・側面仕上げ条件（ap/ae表記あり）。
NS TOOL,MHR230R,無限コーティング 2枚刃ロングネックラジアスエンドミル MHR230R,RADIUS,MHR230R φ4x24,4.0,-,24.0,S50C/NAK55/NAK80/HPM1,~43HRC,Carbon / prehardened steels,7000,1500.0,0.12,1.2,https://www.ns-tool.com/ja/products/webcatalog/data/MHR230R/MHR230R_S.xlsx,,日進工具 公式切削条件参考表(XLSX)。等高線・側面仕上げ条件（ap/ae表記あり）。
NS TOOL,MHR230R,無限コーティング 2枚刃ロングネックラジアスエンドミル MHR230R,RADIUS,MHR230R φ4x24,4.0,-,24.0,HPM38/STAVAX/SKD61,~55HRC,Hardened steels,5600,700.0,0.08,1.0,https://www.ns-tool.com/ja/products/webcatalog/data/MHR230R/MHR230R_S.xlsx,,日進工具 公式切削条件参考表(XLSX)。等高線・側面仕上げ条件（ap/ae表記あり）。
NS TOOL,MHR230R,無限コーティング 2枚刃ロングネックラジアスエンドミル MHR230R,RADIUS,MHR230R φ4x24,4.0,-,24.0,銅・アルミニウム合金,,Copper / aluminum alloys,8500,2400.0,0.18,1.2,https://www.ns-tool.com/ja/products/webcatalog/data/MHR230R/MHR230R_S.xlsx,,日進工具 公式切削条件参考表(XLSX)。等高線・側面仕上げ条件（ap/ae表記あり）。
NS TOOL,MHR230R,無限コーティング 2枚刃ロングネックラジアスエンドミル MHR230R,RADIUS,MHR230R φ4x32,4.0,-,32.0,S50C/NAK55/NAK80/HPM1,~43HRC,Carbon / prehardened steels,6000,800.0,0.08,1.2,https://www.ns-tool.com/ja/products/webcatalog/data/MHR230R/MHR230R_S.xlsx,,日進工具 公式切削条件参考表(XLSX)。等高線・側面仕上げ条件（ap/ae表記あり）。
NS TOOL,MHR230R,無限コーティング 2枚刃ロングネックラジアスエンドミル MHR230R,RADIUS,MHR230R φ4x32,4.0,-,32.0,HPM38/STAVAX/SKD61,~55HRC,Hardened steels,4800,500.0,0.04,1.0,https://www.ns-tool.com/ja/products/webcatalog/data/MHR230R/MHR230R_S.xlsx,,日進工具 公式切削条件参考表(XLSX)。等高線・側面仕上げ条件（ap/ae表記あり）。
NS TOOL,MHR230R,無限コーティング 2枚刃ロングネックラジアスエンドミル MHR230R,RADIUS,MHR230R φ4x32,4.0,-,32.0,銅・アルミニウム合金,,Copper / aluminum alloys,8000,1800.0,0.14,1.2,https://www.ns-tool.com/ja/products/webcatalog/data/MHR230R/MHR230R_S.xlsx,,日進工具 公式切削条件参考表(XLSX)。等高線・側面仕上げ条件（ap/ae表記あり）。
NS TOOL,MHR230R,無限コーティング 2枚刃ロングネックラジアスエンドミル MHR230R,RADIUS,MHR230R φ4x48,4.0,-,48.0,S50C/NAK55/NAK80/HPM1,~43HRC,Carbon / prehardened steels,4000,400.0,0.04,1.2,https://www.ns-tool.com/ja/products/webcatalog/data/MHR230R/MHR230R_S.xlsx,,日進工具 公式切削条件参考表(XLSX)。等高線・側面仕上げ条件（ap/ae表記あり）。
NS TOOL,MHR230R,無限コーティング 2枚刃ロングネックラジアスエンドミル MHR230R,RADIUS,MHR230R φ4x48,4.0,-,48.0,HPM38/STAVAX/SKD61,~55HRC,Hardened steels,3200,300.0,0.01,1.0,https://www.ns-tool.com/ja/products/webcatalog/data/MHR230R/MHR230R_S.xlsx,,日進工具 公式切削条件参考表(XLSX)。等高線・側面仕上げ条件（ap/ae表記あり）。
NS TOOL,MHR230R,無限コーティング 2枚刃ロングネックラジアスエンドミル MHR230R,RADIUS,MHR230R φ4x48,4.0,-,48.0,銅・アルミニウム合金,,Copper / aluminum alloys,4800,700.0,0.05,1.2,https://www.ns-tool.com/ja/products/webcatalog/data/MHR230R/MHR230R_S.xlsx,,日進工具 公式切削条件参考表(XLSX)。等高線・側面仕上げ条件（ap/ae表記あり）。
NS TOOL,MHR230R,無限コーティング 2枚刃ロングネックラジアスエンドミル MHR230R,RADIUS,MHR230R φ5x20,5.0,-,20.0,S50C/NAK55/NAK80/HPM1,~43HRC,Carbon / prehardened steels,6000,1800.0,0.25,1.6,https://www.ns-tool.com/ja/products/webcatalog/data/MHR230R/MHR230R_S.xlsx,,日進工具 公式切削条件参考表(XLSX)。等高線・側面仕上げ条件（ap/ae表記あり）。
NS TOOL,MHR230R,無限コーティング 2枚刃ロングネックラジアスエンドミル MHR230R,RADIUS,MHR230R φ5x20,5.0,-,20.0,HPM38/STAVAX/SKD61,~55HRC,Hardened steels,4800,800.0,0.1,1.3,https://www.ns-tool.com/ja/products/webcatalog/data/MHR230R/MHR230R_S.xlsx,,日進工具 公式切削条件参考表(XLSX)。等高線・側面仕上げ条件（ap/ae表記あり）。
NS TOOL,MHR230R,無限コーティング 2枚刃ロングネックラジアスエンドミル MHR230R,RADIUS,MHR230R φ5x20,5.0,-,20.0,銅・アルミニウム合金,,Copper / aluminum alloys,7200,3000.0,0.36,1.6,https://www.ns-tool.com/ja/products/webcatalog/data/MHR230R/MHR230R_S.xlsx,,日進工具 公式切削条件参考表(XLSX)。等高線・側面仕上げ条件（ap/ae表記あり）。
NS TOOL,MHR230R,無限コーティング 2枚刃ロングネックラジアスエンドミル MHR230R,RADIUS,MHR230R φ5x40,5.0,-,40.0,S50C/NAK55/NAK80/HPM1,~43HRC,Carbon / prehardened steels,4000,700.0,0.07,1.6,https://www.ns-tool.com/ja/products/webcatalog/data/MHR230R/MHR230R_S.xlsx,,日進工具 公式切削条件参考表(XLSX)。等高線・側面仕上げ条件（ap/ae表記あり）。
NS TOOL,MHR230R,無限コーティング 2枚刃ロングネックラジアスエンドミル MHR230R,RADIUS,MHR230R φ5x40,5.0,-,40.0,HPM38/STAVAX/SKD61,~55HRC,Hardened steels,3200,400.0,0.05,1.3,https://www.ns-tool.com/ja/products/webcatalog/data/MHR230R/MHR230R_S.xlsx,,日進工具 公式切削条件参考表(XLSX)。等高線・側面仕上げ条件（ap/ae表記あり）。
NS TOOL,MHR230R,無限コーティング 2枚刃ロングネックラジアスエンドミル MHR230R,RADIUS,MHR230R φ5x40,5.0,-,40.0,銅・アルミニウム合金,,Copper / aluminum alloys,4800,1300.0,0.16,1.6,https://www.ns-tool.com/ja/products/webcatalog/data/MHR230R/MHR230R_S.xlsx,,日進工具 公式切削条件参考表(XLSX)。等高線・側面仕上げ条件（ap/ae表記あり）。
NS TOOL,MHR230R,無限コーティング 2枚刃ロングネックラジアスエンドミル MHR230R,RADIUS,MHR230R φ6x24,6.0,-,24.0,S50C/NAK55/NAK80/HPM1,~43HRC,Carbon / prehardened steels,4500,1500.0,0.3,2.1,https://www.ns-tool.com/ja/products/webcatalog/data/MHR230R/MHR230R_S.xlsx,,日進工具 公式切削条件参考表(XLSX)。等高線・側面仕上げ条件（ap/ae表記あり）。
NS TOOL,MHR230R,無限コーティング 2枚刃ロングネックラジアスエンドミル MHR230R,RADIUS,MHR230R φ6x24,6.0,-,24.0,HPM38/STAVAX/SKD61,~55HRC,Hardened steels,3600,700.0,0.15,1.7,https://www.ns-tool.com/ja/products/webcatalog/data/MHR230R/MHR230R_S.xlsx,,日進工具 公式切削条件参考表(XLSX)。等高線・側面仕上げ条件（ap/ae表記あり）。
NS TOOL,MHR230R,無限コーティング 2枚刃ロングネックラジアスエンドミル MHR230R,RADIUS,MHR230R φ6x24,6.0,-,24.0,銅・アルミニウム合金,,Copper / aluminum alloys,5400,2600.0,0.48,2.1,https://www.ns-tool.com/ja/products/webcatalog/data/MHR230R/MHR230R_S.xlsx,,日進工具 公式切削条件参考表(XLSX)。等高線・側面仕上げ条件（ap/ae表記あり）。
NS TOOL,MHR230R,無限コーティング 2枚刃ロングネックラジアスエンドミル MHR230R,RADIUS,MHR230R φ6x48,6.0,-,48.0,S50C/NAK55/NAK80/HPM1,~43HRC,Carbon / prehardened steels,3000,600.0,0.1,2.1,https://www.ns-tool.com/ja/products/webcatalog/data/MHR230R/MHR230R_S.xlsx,,日進工具 公式切削条件参考表(XLSX)。等高線・側面仕上げ条件（ap/ae表記あり）。
NS TOOL,MHR230R,無限コーティング 2枚刃ロングネックラジアスエンドミル MHR230R,RADIUS,MHR230R φ6x48,6.0,-,48.0,HPM38/STAVAX/SKD61,~55HRC,Hardened steels,2400,350.0,0.05,1.7,https://www.ns-tool.com/ja/products/webcatalog/data/MHR230R/MHR230R_S.xlsx,,日進工具 公式切削条件参考表(XLSX)。等高線・側面仕上げ条件（ap/ae表記あり）。
NS TOOL,MHR230R,無限コーティング 2枚刃ロングネックラジアスエンドミル MHR230R,RADIUS,MHR230R φ6x48,6.0,-,48.0,銅・アルミニウム合金,,Copper / aluminum alloys,3600,1000.0,0.18,2.1,https://www.ns-tool.com/ja/products/webcatalog/data/MHR230R/MHR230R_S.xlsx,,日進工具 公式切削条件参考表(XLSX)。等高線・側面仕上げ条件（ap/ae表記あり）。
